mode,node,dof,frequency_hz,mass,stiffness
1,1,1,3.677257629142e-02,1.000000000000e+00,5.338359930265e-02
2,1,2,7.144558330734e-02,1.000000000000e+00,2.015164525572e-01
3,1,3,7.149091563065e-02,1.000000000000e+00,2.017722586325e-01
4,2,1,7.350165370744e-02,1.000000000000e+00,2.132818786168e-01
5,2,2,1.009814467417e-01,1.000000000000e+00,4.025713960090e-01
6,2,3,1.011768285252e-01,1.000000000000e+00,4.041307162995e-01
7,3,1,1.101117029266e-01,1.000000000000e+00,4.786595136587e-01
8,3,2,1.161815599297e-01,1.000000000000e+00,5.328857947554e-01
9,3,3,1.248152372466e-01,1.000000000000e+00,6.150280874696e-01
10,4,1,1.352049332996e-01,1.000000000000e+00,7.216802382843e-01
11,4,2,1.353874657541e-01,1.000000000000e+00,7.236301521320e-01
12,4,3,1.438136128045e-01,1.000000000000e+00,8.165066567285e-01
13,5,1,1.453338835738e-01,1.000000000000e+00,8.338606777123e-01
14,5,2,1.464250117824e-01,1.000000000000e+00,8.464284882881e-01
15,5,3,1.464449991349e-01,1.000000000000e+00,8.466595829489e-01
16,6,1,1.465787124947e-01,1.000000000000e+00,8.482063941313e-01
17,6,2,1.647992852728e-01,1.000000000000e+00,1.072186622782e+00
18,6,3,1.657263370887e-01,1.000000000000e+00,1.084283377573e+00
19,7,1,1.673853602706e-01,1.000000000000e+00,1.106100731385e+00
20,7,2,1.831318313250e-01,1.000000000000e+00,1.323998257377e+00
21,7,3,1.870471324636e-01,1.000000000000e+00,1.381216780348e+00
22,8,1,1.873136351418e-01,1.000000000000e+00,1.385155468926e+00
23,8,2,1.964456105800e-01,1.000000000000e+00,1.523506794092e+00
24,8,3,1.973690722008e-01,1.000000000000e+00,1.537864018601e+00
25,9,1,2.200177302126e-01,1.000000000000e+00,1.911063407186e+00
26,9,2,2.208493471616e-01,1.000000000000e+00,1.925537479463e+00
27,9,3,2.208764603368e-01,1.000000000000e+00,1.926010296252e+00
28,10,1,2.310094629291e-01,1.000000000000e+00,2.106780439958e+00
29,10,2,2.311254985763e-01,1.000000000000e+00,2.108897435731e+00
30,10,3,2.320619085318e-01,1.000000000000e+00,2.126020540049e+00
31,11,1,2.480270648321e-01,1.000000000000e+00,2.428610589722e+00
32,11,2,2.482377627142e-01,1.000000000000e+00,2.432738529975e+00
33,11,3,2.491017619530e-01,1.000000000000e+00,2.449702444342e+00
34,12,1,2.560441221939e-01,1.000000000000e+00,2.588149492665e+00
35,12,2,2.581865896657e-01,1.000000000000e+00,2.631643756492e+00
36,12,3,2.582861051867e-01,1.000000000000e+00,2.633672830668e+00
37,13,1,2.804504043994e-01,1.000000000000e+00,3.105073450600e+00
38,13,2,2.822936035810e-01,1.000000000000e+00,3.146022411425e+00
39,13,3,2.862340641957e-01,1.000000000000e+00,3.234464366117e+00
40,14,1,2.923731297295e-01,1.000000000000e+00,3.374695948660e+00
41,14,2,2.934286446993e-01,1.000000000000e+00,3.399106344196e+00
42,14,3,2.939070199156e-01,1.000000000000e+00,3.410198469871e+00
43,15,1,2.939594148550e-01,1.000000000000e+00,3.411414453543e+00
44,15,2,2.973398167889e-01,1.000000000000e+00,3.490325062136e+00
45,15,3,3.116010625721e-01,1.000000000000e+00,3.833165729244e+00
46,16,1,3.168049544652e-01,1.000000000000e+00,3.962266352040e+00
47,16,2,3.181051692480e-01,1.000000000000e+00,3.994856556731e+00
48,16,3,3.183527185486e-01,1.000000000000e+00,4.001076567168e+00
49,17,1,3.203054326522e-01,1.000000000000e+00,4.050310764182e+00
50,17,2,3.249276067720e-01,1.000000000000e+00,4.168050385802e+00
51,17,3,3.280043278959e-01,1.000000000000e+00,4.247358163450e+00
52,18,1,3.293246651310e-01,1.000000000000e+00,4.281621322012e+00
53,18,2,3.316892076635e-01,1.000000000000e+00,4.343325907790e+00
54,18,3,3.317445465752e-01,1.000000000000e+00,4.344775306647e+00
55,19,1,3.317816901409e-01,1.000000000000e+00,4.345748281083e+00
56,19,2,3.321517973915e-01,1.000000000000e+00,4.355449178323e+00
57,19,3,3.332806781561e-01,1.000000000000e+00,4.385105125668e+00
58,20,1,3.354323906358e-01,1.000000000000e+00,4.441909762318e+00
59,20,2,3.457813308384e-01,1.000000000000e+00,4.720226292597e+00
60,20,3,3.461515987668e-01,1.000000000000e+00,4.730340685786e+00
61,21,1,3.465988268243e-01,1.000000000000e+00,4.742571787555e+00
62,21,2,3.472043732308e-01,1.000000000000e+00,4.759157856509e+00
63,21,3,3.475188191753e-01,1.000000000000e+00,4.767782030946e+00
64,22,1,3.486682474679e-01,1.000000000000e+00,4.799373336241e+00
65,22,2,3.505713953366e-01,1.000000000000e+00,4.851909494546e+00
66,22,3,3.596829122729e-01,1.000000000000e+00,5.107393843238e+00
67,23,1,3.646777362316e-01,1.000000000000e+00,5.250228886881e+00
68,23,2,3.668426802332e-01,1.000000000000e+00,5.312750885965e+00
69,23,3,3.669280862881e-01,1.000000000000e+00,5.315224937849e+00
70,24,1,3.670626226719e-01,1.000000000000e+00,5.319123370623e+00
71,24,2,3.692776469020e-01,1.000000000000e+00,5.383513125265e+00
72,24,3,3.710198058811e-01,1.000000000000e+00,5.434429066362e+00
73,25,1,3.713491297602e-01,1.000000000000e+00,5.444080742698e+00
74,25,2,3.717690964908e-01,1.000000000000e+00,5.456401361969e+00
75,25,3,3.718699924839e-01,1.000000000000e+00,5.459363435709e+00
76,26,1,3.760774593646e-01,1.000000000000e+00,5.583600599905e+00
77,26,2,3.902683281917e-01,1.000000000000e+00,6.012932834548e+00
78,26,3,3.937915710171e-01,1.000000000000e+00,6.121989334490e+00
79,27,1,3.987616180296e-01,1.000000000000e+00,6.277495871936e+00
80,27,2,4.008378318596e-01,1.000000000000e+00,6.343035549884e+00
81,27,3,4.026337645257e-01,1.000000000000e+00,6.400002151904e+00
82,28,1,4.027361887598e-01,1.000000000000e+00,6.403258702910e+00
83,28,2,4.156692792538e-01,1.000000000000e+00,6.821118486942e+00
84,28,3,4.175484149783e-01,1.000000000000e+00,6.882930995610e+00
85,29,1,4.274905259866e-01,1.000000000000e+00,7.214607774556e+00
86,29,2,4.334834169388e-01,1.000000000000e+00,7.418305472002e+00
87,29,3,4.367084410464e-01,1.000000000000e+00,7.529097297338e+00
88,30,1,4.371866043661e-01,1.000000000000e+00,7.545593928782e+00
89,30,2,4.393199622488e-01,1.000000000000e+00,7.619414708443e+00
90,30,3,4.393772978402e-01,1.000000000000e+00,7.621403655876e+00
91,31,1,4.398465654373e-01,1.000000000000e+00,7.637692106319e+00
92,31,2,4.439908780374e-01,1.000000000000e+00,7.782297549000e+00
93,31,3,4.515061031813e-01,1.000000000000e+00,8.047981828935e+00
94,32,1,4.628653329672e-01,1.000000000000e+00,8.458026594682e+00
95,32,2,4.646567928272e-01,1.000000000000e+00,8.523624669945e+00
96,32,3,4.653097749667e-01,1.000000000000e+00,8.547598000586e+00
97,33,1,4.744901095729e-01,1.000000000000e+00,8.888205052055e+00
98,33,2,4.762081086685e-01,1.000000000000e+00,8.952685099382e+00
99,33,3,4.762269519523e-01,1.000000000000e+00,8.953393618708e+00
100,34,1,4.766489250607e-01,1.000000000000e+00,8.969267416517e+00
101,34,2,4.792142785721e-01,1.000000000000e+00,9.066073511261e+00
102,34,3,4.804062083917e-01,1.000000000000e+00,9.111228936133e+00
103,35,1,4.805996546887e-01,1.000000000000e+00,9.118568093411e+00
104,35,2,4.806618061744e-01,1.000000000000e+00,9.120926685199e+00
105,35,3,4.807745761123e-01,1.000000000000e+00,9.125206979497e+00
106,36,1,4.813040238259e-01,1.000000000000e+00,9.145316113507e+00
107,36,2,4.819324547355e-01,1.000000000000e+00,9.169213488358e+00
108,36,3,4.821570858306e-01,1.000000000000e+00,9.177763111701e+00
109,37,1,4.821754854658e-01,1.000000000000e+00,9.178463591776e+00
110,37,2,4.847130465234e-01,1.000000000000e+00,9.275325416620e+00
111,37,3,4.901303765322e-01,1.000000000000e+00,9.483812855864e+00
112,38,1,4.907949609243e-01,1.000000000000e+00,9.509549139064e+00
113,38,2,4.960001728970e-01,1.000000000000e+00,9.712329156448e+00
114,38,3,5.008300227949e-01,1.000000000000e+00,9.902399585785e+00
115,39,1,5.013551231608e-01,1.000000000000e+00,9.923175015675e+00
116,39,2,5.082102832399e-01,1.000000000000e+00,1.019639458230e+01
117,39,3,5.083044140019e-01,1.000000000000e+00,1.020017208665e+01
118,40,1,5.104595023103e-01,1.000000000000e+00,1.028684798704e+01
119,40,2,5.130763578830e-01,1.000000000000e+00,1.039258877779e+01
120,40,3,5.143065796414e-01,1.000000000000e+00,1.044248589895e+01
121,41,1,5.143903307415e-01,1.000000000000e+00,1.044588714219e+01
122,41,2,5.145188662901e-01,1.000000000000e+00,1.045110821851e+01
123,41,3,5.145252315946e-01,1.000000000000e+00,1.045136680922e+01
124,42,1,5.156770438728e-01,1.000000000000e+00,1.049821188493e+01
125,42,2,5.157203006524e-01,1.000000000000e+00,1.049997321168e+01
126,42,3,5.180560558203e-01,1.000000000000e+00,1.059529971223e+01
127,43,1,5.180609787119e-01,1.000000000000e+00,1.059550107947e+01
128,43,2,5.181456359939e-01,1.000000000000e+00,1.059896422242e+01
129,43,3,5.182517441527e-01,1.000000000000e+00,1.060330567260e+01
130,44,1,5.209463890172e-01,1.000000000000e+00,1.071385589762e+01
131,44,2,5.209505640240e-01,1.000000000000e+00,1.071402762585e+01
132,44,3,5.219310649142e-01,1.000000000000e+00,1.075439613829e+01
133,45,1,5.245422632533e-01,1.000000000000e+00,1.086227286527e+01
134,45,2,5.245631754917e-01,1.000000000000e+00,1.086313898792e+01
135,45,3,5.264035034742e-01,1.000000000000e+00,1.093949511873e+01
136,46,1,5.273975048642e-01,1.000000000000e+00,1.098084795846e+01
137,46,2,5.282359023649e-01,1.000000000000e+00,1.101578795338e+01
138,46,3,5.325245159674e-01,1.000000000000e+00,1.119538283750e+01
139,47,1,5.348455489167e-01,1.000000000000e+00,1.129318671230e+01
140,47,2,5.348472718397e-01,1.000000000000e+00,1.129325947096e+01
141,47,3,5.396700444645e-01,1.000000000000e+00,1.149784265926e+01
142,48,1,5.444101890481e-01,1.000000000000e+00,1.170071028722e+01
143,48,2,5.449830681448e-01,1.000000000000e+00,1.172534839755e+01
144,48,3,5.493541089783e-01,1.000000000000e+00,1.191418916371e+01
145,49,1,5.494342761120e-01,1.000000000000e+00,1.191766668784e+01
146,49,2,5.508062812650e-01,1.000000000000e+00,1.197726076915e+01
147,49,3,5.519408823731e-01,1.000000000000e+00,1.202665530281e+01
148,50,1,5.702652015831e-01,1.000000000000e+00,1.283847615853e+01
149,50,2,5.702700101808e-01,1.000000000000e+00,1.283869267298e+01
150,50,3,5.790844284596e-01,1.000000000000e+00,1.323864420961e+01
