1.,  0.3682159224683284E-01,  0.1078371229319723E+04,  0.5185480761335912E-06,  0.4187760477333288E+02, -0.4762285596622041E-06, -0.6617319258439966E+07,  0.1204050281210471E+01,  0.7767851315755641E+08,  0.2688921072618487E-12,  0.1753733781551472E+04,  0.2267936410379375E-12,  0.4378891416812047E+14,  0.1449737079683013E+01,  0.6033951406368665E+16
2.,  0.7153606440408997E-01,  0.1224062489624681E+04, -0.1547211165504241E+02,  0.3275514508415178E-06, -0.1323452715419338E-03, -0.1421318279954789E+01, -0.2487404954125035E+08, -0.2536105009796847E+02,  0.2393862390660993E+03,  0.1072899529483833E-12,  0.1751527089950818E-07,  0.2020145652933641E+01,  0.6187183405805766E+15,  0.6431828620716667E+03
3.,  0.7344138774698290E-01,  0.1350588269552906E+04, -0.8320558590180216E-04,  0.2723636192916018E-03,  0.7130824457048796E-05,  0.7650874086129861E+03, -0.1586853747260757E+03,  0.1963451510958481E+08,  0.6923169525262178E-08,  0.7418194111362061E-07,  0.5084865743724525E-10,  0.5853587428181344E+06,  0.2518104815195506E+05,  0.3855141835885143E+15
4.,  0.7390100276125482E-01,  0.1370036361763541E+04,  0.9172162239801107E-04, -0.2031005720833090E-04, -0.1017052917654318E-04,  0.5224106313686843E+03,  0.1826096511703217E+03,  0.1388624789083474E+08,  0.8412856015323327E-08,  0.4124984238056740E-09,  0.1034396637309161E-09,  0.2729128677670274E+06,  0.3334628470054659E+05,  0.1928278804857123E+15
5.,  0.1012860319014813E+00,  0.5892328363602180E+03,  0.4542579913838357E-03,  0.1343365331699984E-04,  0.1181522569428529E+02, -0.1629655697148519E+02, -0.2191582775800873E+08,  0.2422307293774185E+02,  0.2063503227360770E-06,  0.1804630414413408E-09,  0.1395995582068992E+03,  0.2655777691248625E+03,  0.4803035063187059E+15,  0.5867572625471614E+03
6.,  0.1034473814244294E+00,  0.4300922816184738E+03, -0.5149842348636108E-04, -0.5921255115448192E+00,  0.2463463692075063E-03,  0.4461042427368263E+06, -0.4944360510481056E+03, -0.1098552814530713E+07,  0.2652087621580586E-08,  0.3506126214222138E+00,  0.6068653362172101E-07,  0.1990089953877972E+12,  0.2444670085760449E+06,  0.1206818286313352E+13
7.,  0.1102733685287024E+00,  0.1053331983935688E+04, -0.7325712266994383E-06, -0.1405238672757723E+02,  0.3003476027451518E-05,  0.4492843021530499E+07, -0.4685709759520250E+01, -0.2606673509990186E+08,  0.5366606021879198E-12,  0.1974695727413886E+03,  0.9020868247475952E-11,  0.2018563841611530E+14,  0.2195587595046332E+02,  0.6794746787684558E+15
8.,  0.1162474261421603E+00,  0.3349176707646722E+03,  0.6548861314951970E-05,  0.2351987599084279E+02,  0.1266586485342697E-05, -0.5119329370151792E+07, -0.2268987788113009E+01,  0.7916405045699757E+08,  0.4288758452247445E-10,  0.5531845666246232E+03,  0.1604241324852765E-11,  0.2620753320009874E+14,  0.5148305582605964E+01,  0.6266946884758058E+16
9.,  0.1248864853114622E+00,  0.3181427666563640E+03,  0.8963195604831664E-05,  0.2294539431722234E+02, -0.6657132827051632E-05, -0.4293775719666711E+07,  0.4215191750290614E+01,  0.8628627202996735E+07,  0.8033887545047366E-10,  0.5264911203728192E+03,  0.4431741747700845E-10,  0.1843650993079938E+14,  0.1776784149171806E+02,  0.7445320740829525E+14
10.,  0.1354858847859412E+00,  0.4541835225419491E+03,  0.7602531819026090E+01,  0.4172240125994812E-05,  0.1150231410723793E+02, -0.3129337600466897E+01, -0.3204057231615780E+08,  0.1875481004488211E+02,  0.5779849005930416E+02,  0.1740758766896121E-10,  0.1323032298215647E+03,  0.9792753817695917E+01,  0.1026598274346937E+16,  0.3517428998196107E+03
11.,  0.1379726091513323E+00,  0.3354124524436798E+03,  0.2224191174745593E-03, -0.7809120446873011E+00,  0.1122721942888871E-03,  0.3887660991559058E+06, -0.2949651299235411E+03, -0.2945029062394551E+07,  0.4947026381816183E-07,  0.6098236215377014E+00,  0.1260504561044162E-07,  0.1511390798528996E+12,  0.8700442787081149E+05,  0.8673196178348531E+13
12.,  0.1454031912635241E+00,  0.8705211139220836E+03, -0.3304296956146999E-01,  0.3321398208743051E-04,  0.3839337100021591E+02, -0.2287452937545750E+03, -0.7127175959297258E+08,  0.2837169046360987E+02,  0.1091837837440232E-02,  0.1103168606104155E-08,  0.1474050936760220E+04,  0.5232440941486679E+05,  0.5079663715478479E+16,  0.8049528197628911E+03
13.,  0.1466337452603719E+00,  0.1049520919115129E+04,  0.7334632329451794E+01, -0.1047354333091326E-03,  0.1841731990480272E+00,  0.7033424492530595E+03,  0.1176210858220090E+08,  0.1008730989728005E+04,  0.5379683140823945E+02,  0.1096951099045176E-07,  0.3391976724758424E-01,  0.4946906009212926E+06,  0.1383471982994841E+15,  0.1017538209637640E+07
14.,  0.1467088590227658E+00,  0.1051156435668273E+04, -0.8154734156004401E-03, -0.6170591812590553E-02,  0.2428651305255401E-03,  0.1134581221868651E+05, -0.1804840680872163E+04,  0.1195421111589999E+08,  0.6649968915510480E-06,  0.3807620331760957E-04,  0.5898347162518764E-07,  0.1287274549016961E+09,  0.3257449883331093E+07,  0.1429031634035068E+15
15.,  0.1468158235017819E+00,  0.6319414987060640E+03, -0.5591143235679915E-02, -0.1276871032392362E+00,  0.9651288291233850E-02,  0.8666722191507326E+06, -0.2777358001962071E+05, -0.3716320887844702E+06,  0.3126088268188927E-04,  0.1630399633362735E-01,  0.9314736568050761E-04,  0.7511207354476555E+12,  0.7713717471062748E+09,  0.1381104094143083E+12
16.,  0.1497282697943590E+00,  0.7953710929219540E+03,  0.1161417764499184E-03, -0.2429118391475785E-02, -0.3197053613785208E-03,  0.4361212336653612E+04,  0.7940431069297483E+03,  0.1620831531309083E+07,  0.1348891223694282E-07,  0.5900616159805905E-05,  0.1022115180941706E-06,  0.1902017304537965E+08,  0.6305044556626477E+06,  0.2627094852885746E+13
17.,  0.1658843523296540E+00,  0.3562779924848398E+03, -0.9244663822546174E+01,  0.9050234934638554E-04,  0.2067332537886241E+02, -0.1428350955500755E+03, -0.9539375262631400E+07, -0.1792231178279508E+02,  0.8546380919189404E+02,  0.8190675237215211E-08,  0.4273863822203167E+03,  0.2040186452079920E+05,  0.9099968040130389E+14,  0.3212092596397152E+03
18.,  0.1674654153447669E+00,  0.2354886667696210E+03,  0.1254370107340100E-04,  0.1945606851699434E+02,  0.2795054836066124E-05, -0.1529833732554604E+07, -0.1027668884251034E+02,  0.7727009340299317E+08,  0.1573444366188413E-09,  0.3785386021379783E+03,  0.7812331536616628E-11,  0.2340391249261953E+13,  0.1056103335657765E+03,  0.5970667334507289E+16
19.,  0.1680523017515570E+00,  0.2671231319686941E+03, -0.2270589765474451E-02, -0.2936705140863712E+00,  0.5770474782705426E-02,  0.5042157740886700E+06, -0.2603514322827687E+04,  0.7614036426297651E+05,  0.5155577883077323E-05,  0.8624237084375357E-01,  0.3329837921783923E-04,  0.2542335468398367E+12,  0.6778286829168907E+07,  0.5797355070098750E+10
20.,  0.1833694201604930E+00,  0.1027339766576946E+04,  0.1085212988655076E-04,  0.8368370527315832E+01, -0.2255585061904097E-04, -0.2765279853061998E+07,  0.4227649765870592E+02,  0.1553379933205104E+08,  0.1177687230745682E-09,  0.7002962528244827E+02,  0.5087663971484911E-09,  0.7646772665750587E+13,  0.1787302254286567E+04,  0.2412989216884292E+15
21.,  0.1875391142176067E+00,  0.8297981831007546E+03, -0.6864602124985179E-02,  0.3838352564461373E-04,  0.1689040344986017E+02, -0.2559294770406632E+02, -0.3134183590628105E+08,  0.7332154068918942E+02,  0.4712276233435104E-04,  0.1473295040910720E-08,  0.2852857286990484E+03,  0.6549989721830734E+03,  0.9823106779762484E+15,  0.5376048329036460E+04
22.,  0.1910018217432223E+00,  0.6297709138948092E+03,  0.1028938050573096E-03, -0.6016201279474951E+00,  0.7299096932517068E-03,  0.5521391458720422E+06, -0.1347544508623192E+04, -0.1119006483943066E+07,  0.1058713511917163E-07,  0.3619467783515604E+00,  0.5327681603028007E-06,  0.3048576364043082E+12,  0.1815876202720520E+07,  0.1252175511106624E+13
23.,  0.1975332160319207E+00,  0.2894573023610921E+03,  0.4495204297935796E+01,  0.2058028153697393E-04,  0.2665816458539895E+02, -0.3460979734166904E+02, -0.9943223252061915E+08,  0.8565286094174371E+02,  0.2020686168018046E+02,  0.4235479881411101E-09,  0.7106577390622185E+03,  0.1197838072031401E+04,  0.9886768864034474E+16,  0.7336412587505685E+04
24.,  0.2002485128355023E+00,  0.2132845815306294E+03,  0.4706225642719941E-03, -0.5240535707751848E+00,  0.1231963970252714E-02,  0.6228948443871895E+06, -0.4591440718727186E+04, -0.2132049633983911E+07,  0.2214855980019472E-06,  0.2746321450422216E+00,  0.1517735224000830E-05,  0.3879979871641410E+12,  0.2108132787358602E+08,  0.4545635641770929E+13
25.,  0.2202732493974416E+00,  0.1034006014358475E+04, -0.4721910886633027E-04,  0.1118571976541113E-01, -0.6027897123820139E-06, -0.4105500431964500E+04, -0.7479014534070302E+02, -0.7920693609330391E+07,  0.2229644242130350E-08,  0.1251203266703092E-03,  0.3633554373535910E-12,  0.1685513379686070E+08,  0.5593565840083482E+04,  0.6273738725288729E+14
26.,  0.2211626345336780E+00,  0.1081379250210817E+04, -0.4946154594389725E+01,  0.7709270323228215E-06, -0.1768499688175033E-01,  0.1579862481897408E+01, -0.7897529069170900E+07,  0.9606478751217674E+02,  0.2446444527160259E+02,  0.5943284891660727E-12,  0.3127591147075188E-03,  0.2495965461707037E+01,  0.6237096539839938E+14,  0.9228443399759668E+04
27.,  0.2254404565051770E+00,  0.8055088521360776E+03, -0.9798739242264376E-04,  0.3946334628622544E-02,  0.1361529705614511E-04, -0.1775109250374670E+04, -0.1853286180512514E+03, -0.9589913528457436E+06,  0.9601529073789184E-08,  0.1557355700106543E-04,  0.1853763139270738E-09,  0.3151012850765724E+07,  0.3434669666878662E+05,  0.9196644148329095E+12
28.,  0.2312669024569061E+00,  0.3269410731440587E+03, -0.2475042000268710E+01,  0.1658554765567330E-04,  0.1306819245577096E+01, -0.1481137589479254E+03, -0.9513445885471649E+07, -0.4260097516364367E+03,  0.6125832903094135E+01,  0.2750803910386102E-09,  0.1707776540610689E+01,  0.2193768558968414E+05,  0.9050565261579745E+14,  0.1814843084893385E+06
29.,  0.2316268720354581E+00,  0.3164125123425534E+03, -0.3286043241503001E-03, -0.1235024405428196E+00,  0.1790899428190107E-03,  0.1238089224164189E+07, -0.1286270008808788E+04,  0.3584098075173582E+07,  0.1079808018502755E-06,  0.1525285282003268E-01,  0.3207320761891652E-07,  0.1532864926991484E+13,  0.1654490535560959E+07,  0.1284575901246297E+14
30.,  0.2357698636273894E+00,  0.2720622038188184E+03, -0.1131778936414862E-03,  0.2347804157733534E-01,  0.8586606484700665E-04, -0.3339218785991522E+06, -0.5365225978585659E+03, -0.1045238655203859E+07,  0.1280923560912357E-07,  0.5512184363070871E-03,  0.7372981092310351E-08,  0.1115038210071869E+12,  0.2878564980129044E+06,  0.1092523846332372E+13
31.,  0.2483696389790540E+00,  0.3323864271938578E+03,  0.2103981811848412E+01,  0.2428685375788336E-03,  0.1012493380889472E+01, -0.2596395254168405E+04,  0.4036390024038132E+07,  0.5946985503639067E+04,  0.4426739464588925E+01,  0.5898512654568133E-07,  0.1025142846344993E+01,  0.6741268315868217E+07,  0.1629244442615455E+14,  0.3536663658049321E+08
32.,  0.2485404707305459E+00,  0.2981481943622331E+03,  0.3547953631066150E-02, -0.1485901797082877E+00,  0.1707867418148733E-02,  0.1587627133275455E+07,  0.6804204995942680E+04, -0.3638286820827512E+07,  0.1258797496819548E-04,  0.2207904150574124E-01,  0.2916811117974018E-05,  0.2520559914312438E+13,  0.4629720562681133E+08,  0.1323713099060716E+14
33.,  0.2533617938695982E+00,  0.2751740278871425E+03,  0.4114027280100879E-03,  0.2908905286550967E-01,  0.1874702582612964E-03, -0.4109594849580147E+06,  0.7938113295357616E+03,  0.9464405523635086E+06,  0.1692522046141424E-06,  0.8461729966124163E-03,  0.3514509773255716E-07,  0.1688876982769567E+12,  0.6301364268993335E+06,  0.8957497191581433E+12
34.,  0.2563880921931866E+00,  0.1003047317100696E+04,  0.2031438842832584E-04,  0.5954674971610078E+01, -0.4305523345416590E-04, -0.1990287507282863E+07,  0.8097865110075509E+02,  0.1105139505382023E+08,  0.4126743772168986E-09,  0.3545815401751948E+02,  0.1853753127792726E-08,  0.3961244361646232E+13,  0.6557541934097823E+04,  0.1221333326356022E+15
35.,  0.2586176209723793E+00,  0.9789924077432144E+03, -0.4000766577181441E-02,  0.5664549164755510E-04,  0.7591171746189818E+01, -0.2449632490304703E+02, -0.1408628249049225E+08,  0.1079084999503850E+03,  0.1600613320509210E-04,  0.3208711723993235E-08,  0.5762588848015056E+02,  0.6000699337556418E+03,  0.1984233544019486E+15,  0.1164424436154224E+05
36.,  0.2636563646581993E+00,  0.7614380288970515E+03,  0.1701627156075218E-03, -0.6676974339895581E+00,  0.2586724613062863E-03,  0.3872070129185786E+06, -0.4793066948503256E+03, -0.1239979782222876E+07,  0.2895534978292633E-07,  0.4458198633562402E+00,  0.6691144223825218E-07,  0.1499292708533283E+12,  0.2297349077283431E+06,  0.1537549860321491E+13
37.,  0.2922434012870752E+00,  0.8593400811180361E+02,  0.1154785941503313E+00, -0.2421328256882460E-05, -0.6475166551303629E-01,  0.1932461132265962E+02,  0.1637094319520574E+06,  0.3892620995723992E+03,  0.1333530570693692E-01,  0.5862830527577453E-11,  0.4192778186712134E-02,  0.3734406027718644E+03,  0.2680077811006532E+11,  0.1515249821635124E+06
38.,  0.2926047578681545E+00,  0.7267410745605460E+02,  0.5886910543382350E-01,  0.6047825061056278E-04,  0.6609809859389842E-01,  0.4788836292769702E+01, -0.2282645672392986E+06,  0.2177905056927702E+03,  0.3465571574578628E-02,  0.3657618796914037E-08,  0.4368958637728717E-02,  0.2293295303894826E+02,  0.5210471265694427E+11,  0.4743270436991259E+05
39.,  0.2927857778248266E+00,  0.9733004000753397E+03,  0.3973927791195084E-04,  0.5410206277639412E-02,  0.9635476906364251E-06, -0.1623656287494827E+04,  0.6735596460694796E+02,  0.5873907045484774E+07,  0.1579210208963264E-08,  0.2927033196660890E-04,  0.9284241521307881E-12,  0.2636259739921484E+07,  0.4536825968132427E+04,  0.3450278397899566E+14
40.,  0.2942591250017374E+00,  0.8774155529057440E+02,  0.6512954236782228E+00,  0.7595084248995798E-05,  0.6842916393726686E-01,  0.1066934871231933E+02,  0.7399505629741554E+06,  0.1721183011489338E+03,  0.4241857289041958E+00,  0.5768530474934407E-10,  0.4682550477153343E-02,  0.1138350019450702E+03,  0.5475268356457695E+12,  0.2962470959039508E+05
41.,  0.2943381843593770E+00,  0.9184436539938511E+03, -0.3763910956446012E+01,  0.3650770060377451E-05,  0.1725245667693635E-01,  0.2140929296939248E+01, -0.5755614128577594E+07,  0.1292232977002659E+03,  0.1416702568805433E+02,  0.1332812203374838E-10,  0.2976472613895658E-03,  0.4583578254492783E+01,  0.3312709399708201E+14,  0.1669866066853155E+05
42.,  0.3002204108365314E+00,  0.7587337374035833E+03,  0.1297802775223622E-03,  0.2045896416451762E-02, -0.8628419345867167E-05, -0.8752307225376444E+03,  0.2273246970844921E+03,  0.6884365633230350E+06,  0.1684292043378135E-07,  0.4185692146850162E-05,  0.7444962040813478E-10,  0.7660288176737671E+06,  0.5167651790455608E+05,  0.4739449017200312E+12
43.,  0.3024585572425832E+00,  0.6475347147201380E+02,  0.6635737256984112E-01,  0.5551551460519777E-04, -0.3413075055131254E-01,  0.1047853064977608E+02,  0.1697229479029597E+05,  0.7725446422336972E+01,  0.4403300894372702E-02,  0.3081972361879927E-08,  0.1164908133195921E-02,  0.1097996045782966E+03,  0.2880587904487078E+09,  0.5968252242439912E+02
44.,  0.3244688736323116E+00,  0.2056230571511438E+03, -0.1991057904127978E-02,  0.4074920530390547E-04,  0.9942414468423824E-02, -0.1308280686956095E+02, -0.1344404875312850E+05,  0.1116002135541639E+03,  0.3964311577590496E-05,  0.1660497732899837E-08,  0.9885160546192339E-04,  0.1711598355862313E+03,  0.1807424468764961E+09,  0.1245460766533499E+05
45.,  0.3287080040897065E+00,  0.9681711380336623E+02,  0.5192799547715926E-04,  0.4252395565667468E+00,  0.3929240118358962E-05, -0.9665018312900141E+05,  0.1590100932152272E+03,  0.1377911176675200E+07,  0.2696516714275873E-08,  0.1808286804690835E+00,  0.1543892790772155E-10,  0.9341257898869509E+10,  0.2528420974431526E+05,  0.1898639210806436E+13
46.,  0.3298416462723278E+00,  0.9634905227417570E+03,  0.2664034945235602E-05, -0.4511906136805534E+01,  0.4011353224576616E-04,  0.1515511383711567E+07, -0.1054668567494809E+03, -0.8354815626189632E+07,  0.7097082189436459E-11,  0.2035729698734344E+02,  0.1609095469232122E-08,  0.2296774754159349E+13,  0.1112325787261553E+05,  0.6980294414762246E+14
47.,  0.3303078900094919E+00,  0.1960771238870821E+03, -0.1631224508161435E-01, -0.2858861866462949E-02, -0.2412478491327398E-02,  0.9656653910884124E+03,  0.4688590817382979E+05, -0.5302802199651738E+04,  0.2660893396026517E-03,  0.8173091171516017E-05,  0.5820052471117319E-05,  0.9325096475459365E+06,  0.2198288385284799E+10,  0.2811971116863131E+08
48.,  0.3321669688479624E+00,  0.9078608127691083E+03,  0.1382819966983451E-01,  0.5011868493391470E-04,  0.4875472277269021E+01, -0.2067440318263061E+02, -0.9026117295985311E+07,  0.1005767560397106E+03,  0.1912191061088113E-03,  0.2511882579505009E-08,  0.2377022992641878E+02,  0.4274309469579668E+03,  0.8147079344088519E+14,  0.1011568385547147E+05
49.,  0.3322548593844207E+00,  0.1018496054153452E+03,  0.1429858711212387E+01,  0.2721165694143102E-03,  0.5813719060321354E-02, -0.3507954330981174E+03,  0.1881989897400095E+07, -0.9415400823510136E+03,  0.2044495934029947E+01,  0.7404742734981308E-07,  0.3379932931234381E-04,  0.1230574358824958E+06,  0.3541885973916020E+13,  0.8864977266735533E+06
50.,  0.3322787733165839E+00,  0.2325710421135471E+03,  0.6197059876451090E-02, -0.6069242263524523E-01, -0.3901334039823857E-03,  0.3705389665604646E+06,  0.1005163587765280E+05,  0.2029129855612390E+07,  0.3840355111232000E-04,  0.3683570165335227E-02,  0.1522040729028834E-06,  0.1372991257396971E+12,  0.1010353838169170E+09,  0.4117367970937557E+13
51.,  0.3323272277800021E+00,  0.7826180740954368E+02, -0.1204532988250737E+01,  0.6038185081919112E-04,  0.9317461604743024E-01,  0.1489195693405687E+04, -0.2036850561953324E+07,  0.9541809702637431E+04,  0.1450899719784251E+01,  0.3645967908351051E-08,  0.8681509075586045E-02,  0.2217703813258045E+07,  0.4148760211729572E+13,  0.9104613240134582E+08
52.,  0.3336954690829980E+00,  0.1138943851086742E+03,  0.7661007816212040E-04, -0.1658120806240468E+00, -0.2914168910755806E-03,  0.5744389191845618E+05,  0.5236751686323696E+03, -0.2040341801740229E+06,  0.5869104076006197E-08,  0.2749364608087541E-01,  0.8492380440415680E-07,  0.3299800718739275E+10,  0.2742356822421408E+06,  0.4162994667928564E+11
53.,  0.3362604464970019E+00,  0.1199433300160886E+03, -0.1235268078020324E-04, -0.6030897260660595E-01,  0.8543679019113598E-04,  0.1328714991073939E+05, -0.1547803971106405E+03, -0.1706976392226815E+06,  0.1525887224576025E-09,  0.3637172176864347E-02,  0.7299445118164189E-08,  0.1765483527504618E+09,  0.2395697132972756E+05,  0.2913768403619674E+11
54.,  0.3387836812984163E+00,  0.7015632316254988E+03,  0.2029457867375444E-04,  0.5737845535393820E+00, -0.2033031204841662E-03, -0.3012273143566317E+06,  0.3522334099824657E+03,  0.1064132120015494E+07,  0.4118699235452086E-09,  0.3292287138803879E+00,  0.4133215879859940E-07,  0.9073789491450899E+11,  0.1240683751078757E+06,  0.1132377168848669E+13
55.,  0.3395511684240886E+00,  0.8199341016355289E+02, -0.1037993175499012E-03,  0.2893004755384325E+00, -0.7386282397530558E-04, -0.5133276903840387E+05,  0.3667551446710058E+02,  0.1110572057078816E+06,  0.1077429832382523E-07,  0.8369476514676319E-01,  0.5455716765606977E-08,  0.2635053177150115E+10,  0.1345093361426504E+04,  0.1233370293964273E+11
56.,  0.3396924739553621E+00,  0.2031603568612878E+03, -0.1509152750374665E-03, -0.3172662415549549E-01, -0.7204810037207687E-05, -0.8975555803731797E+05, -0.1678574217158603E+03, -0.6767520913085828E+06,  0.2277542023963416E-07,  0.1006578680304070E-02,  0.5190928767224864E-10,  0.8056060198590354E+10,  0.2817611402509615E+05,  0.4579933930905404E+12
57.,  0.3458138939639792E+00,  0.2910566885623116E+03,  0.9873428277975410E-04, -0.7295523002681104E+01,  0.3163803479518390E-03,  0.1677544427246117E+07, -0.1062742912724672E+04, -0.2452012670039566E+08,  0.9748458596032448E-08,  0.5322465588264912E+02,  0.1000965245701267E-06,  0.2814155305384503E+13,  0.1129422498546520E+07,  0.6012366134034562E+15
58.,  0.3472749691974401E+00,  0.1706612230854758E+03, -0.9986788920895771E-03,  0.1400682362505401E-04,  0.6792765380029406E-01, -0.6421782527369942E+01, -0.1253577249623192E+06, -0.1974338537694712E+02,  0.9973595295052653E-06,  0.1961911080633711E-09,  0.4614166150812604E-02,  0.4123929082883388E+02,  0.1571455920772848E+11,  0.3898012661426492E+03
59.,  0.3473702145760610E+00,  0.3232749246460108E+03, -0.3117618735797058E+01, -0.3637707130005908E-03, -0.8230611582394150E+01,  0.9325866576269618E+02,  0.2747916950428513E+08, -0.1229526399437185E+04,  0.9719546581792844E+01,  0.1323291316369582E-06,  0.6774296702024074E+02,  0.8697178739838280E+04,  0.7551047566452341E+15,  0.1511735166912967E+07
