mode,freq,family,symmetry,order_hint,local_gate,share_L,share_V,share_T,side_ratio,r_gate,r_toppost,r_cable_t4,effm_x,effm_y,effm_z,effm_rx,effm_ry,effm_rz
1,0.03682119593414085,L,S,LS,False,0.9999995914251744,4.3148781911438624e-08,3.6542604361962107e-07,0.0,0.9088082586740095,0.8066333801212475,0.09046072081610491,3.809883742508645e-13,1753.732907100857,2.314754884353568e-13,43788870093781.49,1.685546619568753,6033948424495375.0
2,0.07153589097424329,V,A,VA,False,3.3205255752434393e-13,0.9999999207480712,7.925159665939093e-08,0.0,0.08690307261866152,0.03396797529389921,0.9126455619489259,239.3837135610451,3.142731268657841e-13,1.755000698167951e-08,8.414753691560625,618709853905054.4,673.4318682733648
3,0.07335658939599751,T,A,TA,False,0.5086814117029185,0.007268962819968273,0.4840496254771132,0.0,0.8372441425942594,0.02419061882059323,0.156704636157484,1.07911710021072e-08,5.766468625012552e-08,1.212663851550412e-10,422956.2447192371,26179.15566604106,269129687969398.1
4,0.07378852229735794,L,A,LA,False,0.5501219382116846,0.006438789561872836,0.4434392722264425,0.0,0.8484248252543243,0.0970469007468451,0.146045085131983,5.707111598903726e-09,4.05356867470761e-09,1.314302265113558e-10,435340.6917233425,13038.03456191585,309211824030572.3
5,0.1012856826803289,V,S,VS,False,1.9952510379768414e-13,0.9999996264552908,3.7354450975483547e-07,0.0,0.001167818621080008,0.000327412335291108,0.9988284198248383,2.060844577602817e-07,1.825795332546018e-10,139.6016281782117,266.5490298967906,480310622838592.1,559.6579543366157
6,0.1033801414634735,T,S,TS,False,0.012560169593436268,0.014946267955167594,0.9724935624513962,0.0,0.01554333448106844,0.005216711981047697,0.9843695170195397,2.921723322336179e-09,0.3486263866760057,6.13438061887818e-08,198106835050.4272,281070.3032398212,1199993415921.288
7,0.1102662828577342,L,S,LS,False,0.9985835360622247,2.346957923965793e-05,0.001392994358535512,0.0,0.3140767216033105,0.282397718381394,0.685803680277055,1.987847211672834e-12,197.4721795371059,9.285688650168777e-12,20186307364975.7,11.90685317559067,679483661847085.8
8,0.1162246851128233,SIDE,NA,SIDE,False,0.8513905242555907,0.06769251601384223,0.015558348262972714,1.0,0.8019495015150433,0.7308123584163809,0.1976076337830722,6.272194573408482e-11,553.1835540605051,2.118624430997245e-12,26207485997646.38,5.457146397240368,6266928753477737.0
9,0.1248567292060132,SIDE,NA,SIDE,False,0.4037989330335033,0.351751697366319,0.027471429175954083,1.0,0.852167567273715,0.7762261819222382,0.1472199279525409,1.017158985027176e-10,526.4937135094468,4.546127129048734e-11,18436781415590.14,19.89548452641206,74453817743500.92
10,0.135484864822033,SIDE,NA,SIDE,False,0.023091050342964433,0.1674264121616395,0.403784753526889,1.0,0.001451769729600182,0.0001994155261665451,0.9985477571921508,57.79881476226574,9.481462859868362e-11,132.3028650832039,15.71668704668413,1026594724943589.0,1094.218222780374
11,0.1378622675518619,SIDE,NA,SIDE,False,0.018752733493779424,0.00565312909595883,0.5138361048120726,1.0,0.018475464798577,0.003240199113613755,0.981391127183391,1.532784958767075e-08,0.6130490985848672,9.267792957656212e-09,151363292484.5729,90315.05185393312,8715378261397.549
12,0.1454017447906793,V,A,VA,False,7.58152514037553e-10,0.9999971892624459,2.80997940166779e-06,0.0,0.0003748222634077682,6.644234754939474e-05,0.99962499958873,0.001091110579308071,1.257779946587358e-09,1474.055699618996,59517.93510276065,5079677898796140.0,1547.627252083624
13,0.1464790681606116,T,A,TA,False,0.010866894497436698,0.01915867024834105,0.9699744352542223,0.0,0.009707976373329917,0.006887460566232107,0.990272616416156,0.0,0.0,0.0,0.0,0.0,0.0
14,0.1466328669036713,V,S,VS,False,6.127334106118015e-06,0.9994139016101257,0.000579971055768216,0.0,0.3355627478680098,0.06179343815978181,0.6637940848745425,53.79660857377293,7.50946384069561e-08,0.03390788426550219,3426248.468876409,138345842254040.2,452832.8066289729
15,0.1466973982344164,L,S,LS,False,0.9658112308652216,0.0005625083818004947,0.033626260752977886,0.0,0.9312064711967302,0.7278025763318009,0.06740304216018819,1.267921461216538e-06,6.419775853913806e-05,1.352647388238125e-07,568913243.3227417,6575124.072809828,142630225112591.2
16,0.1496622095234522,T,S,TS,False,0.005041900280100354,0.01526101439923905,0.9796970853206606,0.0,0.7329298257732184,0.06922707708887169,0.2614681968886891,1.358727654487791e-08,4.753063216002754e-06,9.138695210919386e-08,7396191.654570217,579407.9183480559,2746288367466.029
17,0.1658822916305146,SIDE,NA,SIDE,False,0.21972548823792287,0.010739626667999333,0.5250535814888305,1.0,0.0006970049461043027,0.0001076374996197771,0.9993026789449073,85.46383648681353,1.020303733754369e-08,427.38580623273,25736.90323849941,90999490154386.81,418.8884709763144
18,0.167400321224156,SIDE,NA,SIDE,False,0.31831916712229,0.16626464173914596,0.202148899245523,1.0,0.7399142616109396,0.6739482092659279,0.2598474547952288,0.0,0.0,0.0,0.0,0.0,0.0
19,0.1679523129022438,SIDE,NA,SIDE,False,0.02825062096554471,0.20176508676739321,0.4003376085340759,1.0,0.008416253552591622,0.003135988704854282,0.9915396278292602,0.0,0.0,0.0,0.0,0.0,0.0
20,0.1833452949406467,L,S,LS,False,0.9962237303591562,9.356724312847617e-05,0.0036827023977152847,0.0,0.4198522735932931,0.3781851280486698,0.5799935396812551,1.55983050504006e-10,70.02601267918628,5.005423228728269e-10,7645356714132.105,1728.144797494819,241286723465694.2
21,0.1875371989470002,V,S,VS,False,1.3808237894684753e-10,0.9999963112375133,3.6886244043091176e-06,0.0,0.005235539480251087,0.0007369313113816846,0.99475892053675,4.708778323623532e-05,1.465593239352437e-09,285.2746333857654,648.5824915130331,982272428322533.6,5385.66240650034
22,0.1908934512856173,T,S,TS,False,0.0013274242489130946,0.013729135022615755,0.9849434407284712,0.0,0.0309812058833133,0.01727598204390197,0.9689054969188761,0.0,0.0,0.0,0.0,0.0,0.0
23,0.1975300650292856,SIDE,NA,SIDE,False,0.0160082300402675,0.5461908961014784,0.3136246257090707,1.0,0.001301584859100499,0.000158063741711511,0.9986983194046002,20.20697969720962,9.637221944076189e-11,710.657553862924,512.6954919002665,9886765588245402.0,1758.278635052333
24,0.1999964065931415,SIDE,NA,SIDE,False,0.15642004614467103,0.29548806467921257,0.10566382442331597,1.0,0.01275311435394997,0.00970043942280152,0.9872235720329077,0.0,0.0,0.0,0.0,0.0,0.0
25,0.2202298446969265,L,A,LA,False,0.9841757933981267,0.0007035661669361588,0.015120640434937238,0.0,0.9808012794586659,0.8784651520103214,0.01875969129780112,2.171196169170499e-09,0.0001252947766836546,3.489566640062625e-14,16898385.25320329,5592.896001121224,62719860832003.24
26,0.2211598801912035,V,A,VA,False,8.899990537234205e-10,0.9999836122983673,1.6386811633678694e-05,0.0,0.5455004063399633,0.07607129631984988,0.4539550405425698,24.46474360238027,7.361262969653559e-13,0.000312669848457137,3.657184855643586,62369827255329.9,9070.845940057578
27,0.2234254933698426,LOCAL_GATE_ROTX,NA,LOCAL,True,2.4215420174187833e-05,0.0006752191008601976,0.9993005654789656,0.0,0.9792731605614265,0.8467030421974668,0.02031877343723875,0.0,0.0,0.0,0.0,0.0,0.0
28,0.2252025215068145,LOCAL_GATE_ROTX,NA,LOCAL,True,2.6076867210689546e-05,0.0007944603572878411,0.9991794627755014,0.0,0.9822362260125482,0.8482307707776344,0.01750717020648518,0.0,0.0,0.0,0.0,0.0,0.0
29,0.2253900794704564,T,A,TA,False,0.002213879227759921,0.015208113615648486,0.9825780071565916,0.0,0.6031742160416722,0.1013565396212713,0.3922061229318641,9.41132181476923e-09,1.553854034537746e-05,1.190332717027497e-10,3084341.891309829,31370.14924895328,937712458670.343
30,0.2312603233922648,SIDE,NA,SIDE,False,0.14479434524165405,0.5749214352481055,0.05224344149056182,1.0,0.7851970432638752,0.5561041734295354,0.2144860990370121,6.125963416697687,1.869102452854945e-10,1.707794528316251,14323.78506852505,90506170234697.98,119318.7562833336
31,0.2314926587005482,LOCAL_GATE_ROTX,NA,LOCAL,True,0.3071721527612732,0.35070500177695474,0.2818754559601367,1.0,0.977395099162082,0.8650233933970654,0.02204040517581395,0.0,0.0,0.0,0.0,0.0,0.0
32,0.2316914524501002,LOCAL_GATE_ROTX,NA,LOCAL,True,0.036689271153367925,0.05633009772614001,0.5391703669164629,1.0,0.9784718290102669,0.8523095461360484,0.02106652811444782,0.0,0.0,0.0,0.0,0.0,0.0
33,0.2356728062927907,SIDE,NA,SIDE,False,0.15978480260076772,0.15764250943868285,0.028857051716273716,1.0,0.7193549024610781,0.3091920591863525,0.2765872331992934,0.0,0.0,0.0,0.0,0.0,0.0
34,0.2408508818256832,LOCAL_GATE_ROTX,NA,LOCAL,True,0.009710077498751572,0.32601769252734963,0.2201913178860388,1.0,0.9775759084264204,0.8515463786517532,0.02176909809016354,0.0,0.0,0.0,0.0,0.0,0.0
35,0.2483233404858785,LOCAL_GATE_ROTX,NA,LOCAL,True,0.3268769752743333,0.07380770247082541,0.4600594350808118,1.0,0.9867944056255497,0.8873719544700649,0.01235179531455785,4.426776469693596,6.213827752152833e-08,1.025152927945268,7116452.134820463,16292382038227.01,37327056.36921022
36,0.2483640011161783,SIDE,NA,SIDE,False,0.04380628569806178,0.8520483828886907,0.022335932164012823,1.0,0.5577218053878554,0.089456872666128,0.4420611924272665,4.426776469693596,6.213827752152833e-08,1.025152927945268,7116452.134820463,16292382038227.01,37327056.36921022
37,0.2516857738272721,LOCAL_GATE_ROTX,NA,LOCAL,True,6.0827992873170825e-05,0.007865735830926502,0.9920734361762003,0.0,0.9899995737580387,0.8445131641581908,0.00960358100816059,0.0,0.0,0.0,0.0,0.0,0.0
38,0.2532606000809569,SIDE,NA,SIDE,False,0.02136128348141861,0.8983067244807877,0.06458712527655903,1.0,0.8594594669708192,0.5007188788013143,0.1370226122840215,0.0,0.0,0.0,0.0,0.0,0.0
39,0.2550515435953257,L,A,LA,False,0.5519001616522718,0.3673553556663297,0.08074448268139836,0.0,0.9760836381425069,0.8865219789950305,0.02349711964617702,0.0,0.0,0.0,0.0,0.0,0.0
40,0.2562541683825301,L,S,LS,False,0.9855618870940909,0.011398307357357366,0.0030398055485518012,0.0,0.9665516307751374,0.8771179477920914,0.03316855075347303,0.0,0.0,0.0,0.0,0.0,0.0
41,0.2574621290465467,MIX,NA,,False,0.32608334060117333,0.33629851434868674,0.33761814505013993,0.0,0.9667012202966407,0.8773038304758619,0.03300798180086683,0.0,0.0,0.0,0.0,0.0,0.0
42,0.2581656640542731,LOCAL_GATE_ROTX,NA,LOCAL,True,0.09398535933940896,0.8264108349661476,0.07800023318285848,1.0,0.963047484089976,0.8775859659959958,0.0364412110437769,0.0,0.0,0.0,0.0,0.0,0.0
43,0.2586133125096435,V,S,VS,False,1.6299879947305028e-09,0.9999827642666688,1.7234103343295823e-05,0.0,0.08512004248048705,0.009763259904365914,0.9148163255432209,1.60115105891839e-05,3.216505683227571e-09,57.62403567210219,598.2588396467202,198416965273415.4,11731.25593193038
44,0.2637545322662262,T,S,TS,False,0.0030938598751567123,0.029370355319793092,0.9675357848050502,0.0,0.5043339595893493,0.4384074188089286,0.4953040069975236,0.0,0.0,0.0,0.0,0.0,0.0
45,0.2658725233375067,LOCAL_GATE_ROTX,NA,LOCAL,True,2.54229355867159e-05,0.0003642130683443268,0.999610363996069,0.0,0.9936118469900633,0.8519673946813879,0.00601169331516744,0.0,0.0,0.0,0.0,0.0,0.0
46,0.267663191380997,LOCAL_GATE_ROTX,NA,LOCAL,True,0.26927032480579494,0.47355548527617813,0.1712864379461581,1.0,0.9665038098570166,0.8797334908731674,0.03278919083748016,0.0,0.0,0.0,0.0,0.0,0.0
47,0.2736924878395889,LOCAL_GATE_ROTX,NA,LOCAL,True,0.05015823528433047,0.1766286381671995,0.48384814535646514,1.0,0.9868217375565708,0.8512702185478689,0.01289605918724292,0.0,0.0,0.0,0.0,0.0,0.0
48,0.2867609698060393,L,S,LS,False,0.747350194495098,0.17829880841219206,0.07435099709271001,0.0,0.9823963899806878,0.8858058127370217,0.01714675291351717,0.0,0.0,0.0,0.0,0.0,0.0
49,0.2873979960316629,LOCAL_GATE_ROTX,NA,LOCAL,True,2.5915820235160644e-05,0.0008090808630924452,0.9991650033166724,0.0,0.9945400796503082,0.8527568418764397,0.005106513114761639,0.0,0.0,0.0,0.0,0.0,0.0
50,0.292684010936527,L,S,LS,False,0.8944137789086296,0.05882776029072891,0.04675846080064142,0.0,0.9901195567380925,0.8950287105922569,0.009512960036730996,0.0,0.0,0.0,0.0,0.0,0.0
51,0.2943299532227395,SIDE,NA,SIDE,False,0.0,0.0,0.0,1.0,0.0,0.0,0.0,14.59526941370643,6.906387495544601e-12,5.615070988959302e-05,0.3139155675591599,33672592303368.28,10981.46891538275
