x_m,rms_L_mm,rms_V_mm,rms_Tcw_rad,rms_Tg_rad
21.0,0.0000,0.0000,4.698e-12,1.993e-13
43.9,0.0000,0.0000,2.548e-23,1.635e-24
46.4,0.1459,0.1233,3.307e-05,3.198e-06
48.8,0.0000,0.0000,2.151e-23,3.361e-24
49.9,0.7903,0.5751,5.732e-05,1.565e-05
50.8,1.6244,1.3955,2.067e-04,3.727e-05
57.5,10.1019,8.2505,1.347e-03,2.189e-04
65.9,24.8114,16.5465,2.164e-03,4.450e-04
71.9,37.4924,22.4069,2.479e-03,6.065e-04
77.9,51.5043,28.1860,2.703e-03,7.656e-04
86.4,73.0890,36.5264,2.849e-03,9.952e-04
89.9,82.3766,39.1747,3.030e-03,1.067e-03
92.2,88.5057,40.8596,3.116e-03,1.112e-03
100.8,112.5217,49.0764,2.951e-03,1.336e-03
106.6,128.9418,54.3564,2.857e-03,1.479e-03
113.9,150.0762,60.9894,2.730e-03,1.658e-03
121.0,170.5344,67.1985,2.633e-03,1.823e-03
126.7,187.1696,72.1498,2.576e-03,1.954e-03
135.3,211.8900,79.2582,2.553e-03,2.140e-03
141.1,228.1202,84.0507,2.552e-03,2.265e-03
146.9,244.3803,87.8034,2.653e-03,2.360e-03
155.4,267.3906,93.0011,2.702e-03,2.490e-03
161.1,282.5004,97.2661,2.670e-03,2.596e-03
167.9,299.8367,101.8012,2.713e-03,2.707e-03
175.4,318.1407,106.6395,2.796e-03,2.824e-03
181.1,331.3624,110.1512,2.878e-03,2.907e-03
189.7,349.8177,115.0879,3.005e-03,3.022e-03
195.4,361.0257,118.3733,3.097e-03,3.098e-03
203.9,375.7874,121.9925,3.182e-03,3.177e-03
204.1,376.0197,122.0508,3.183e-03,3.178e-03
209.9,385.0534,124.2440,3.203e-03,3.217e-03
215.9,394.9530,126.6274,3.241e-03,3.266e-03
223.8,407.7680,129.5202,3.296e-03,3.321e-03
230.9,419.3760,131.9668,3.348e-03,3.368e-03
238.0,430.6333,134.2765,3.397e-03,3.411e-03
245.9,443.0345,136.7137,3.450e-03,3.456e-03
251.9,452.0350,138.4672,3.487e-03,3.488e-03
257.9,460.9066,140.2072,3.527e-03,3.520e-03
260.9,465.1174,140.8652,3.538e-03,3.532e-03
263.9,469.3626,141.4852,3.545e-03,3.542e-03
269.9,477.4467,143.0462,3.576e-03,3.571e-03
277.6,487.3543,144.8894,3.621e-03,3.605e-03
284.9,496.2480,146.5910,3.669e-03,3.637e-03
291.6,503.9435,148.0782,3.713e-03,3.665e-03
299.9,512.6491,149.8145,3.762e-03,3.699e-03
305.7,518.3287,150.9620,3.793e-03,3.722e-03
311.9,523.9179,152.2025,3.831e-03,3.748e-03
317.9,528.9190,153.0572,3.838e-03,3.765e-03
319.8,530.3399,153.2787,3.839e-03,3.770e-03
325.4,534.4953,154.1975,3.864e-03,3.789e-03
333.8,539.9296,155.4254,3.897e-03,3.815e-03
339.4,543.0470,156.1675,3.913e-03,3.831e-03
347.8,546.9093,157.1499,3.926e-03,3.853e-03
353.9,549.1255,157.7653,3.927e-03,3.867e-03
359.9,550.7529,158.2758,3.922e-03,3.879e-03
367.3,552.0058,158.8328,3.911e-03,3.891e-03
374.9,552.3748,158.9978,3.906e-03,3.896e-03
375.1,552.3736,158.9895,3.906e-03,3.896e-03
381.2,551.9188,158.6495,3.916e-03,3.886e-03
389.6,550.2837,157.9542,3.945e-03,3.868e-03
395.1,548.5754,157.4077,3.956e-03,3.854e-03
401.9,545.8528,156.6467,3.962e-03,3.834e-03
409.0,542.3318,155.7449,3.956e-03,3.812e-03
414.5,539.0870,154.9683,3.941e-03,3.794e-03
422.8,533.4501,153.7022,3.908e-03,3.764e-03
428.9,528.7087,152.6583,3.870e-03,3.740e-03
431.9,526.2047,152.1762,3.870e-03,3.730e-03
436.6,522.0973,151.3613,3.868e-03,3.712e-03
443.9,515.1007,149.8640,3.812e-03,3.679e-03
449.9,508.8849,148.5883,3.768e-03,3.651e-03
455.9,502.2401,147.2635,3.718e-03,3.624e-03
464.1,492.4995,145.3591,3.647e-03,3.585e-03
469.6,485.5561,144.0273,3.597e-03,3.558e-03
477.8,474.5653,141.9661,3.528e-03,3.518e-03
483.3,466.8482,140.4754,3.478e-03,3.489e-03
488.9,458.6993,139.0950,3.457e-03,3.463e-03
497.0,446.3722,136.8950,3.425e-03,3.421e-03
502.5,437.7311,135.1573,3.376e-03,3.388e-03
509.9,425.6346,132.7705,3.322e-03,3.342e-03
516.1,415.2182,130.6461,3.273e-03,3.301e-03
521.9,405.4162,128.6029,3.229e-03,3.261e-03
529.8,391.9263,125.6622,3.171e-03,3.203e-03
536.9,379.6946,122.8456,3.123e-03,3.147e-03
543.4,368.8142,120.0835,3.084e-03,3.090e-03
545.9,364.5699,119.1157,3.078e-03,3.071e-03
546.2,364.2503,119.0214,3.078e-03,3.070e-03
551.5,355.0924,116.3549,3.032e-03,3.016e-03
556.9,344.3179,113.2901,2.962e-03,2.945e-03
563.9,329.4401,109.2362,2.882e-03,2.852e-03
570.5,314.0337,105.2189,2.823e-03,2.757e-03
575.9,300.6732,101.7429,2.802e-03,2.674e-03
583.9,279.7205,96.3722,2.843e-03,2.544e-03
590.9,260.8907,91.5504,2.946e-03,2.426e-03
597.4,242.6001,86.6498,3.185e-03,2.303e-03
602.9,226.9108,83.1167,3.175e-03,2.215e-03
608.9,209.4602,79.1272,3.108e-03,2.114e-03
616.2,187.8395,73.0770,3.380e-03,1.957e-03
623.9,164.8184,66.7509,3.649e-03,1.791e-03
629.6,147.6675,61.8762,3.901e-03,1.661e-03
635.9,128.8592,56.4461,4.194e-03,1.516e-03
643.0,107.9005,50.1796,4.554e-03,1.345e-03
648.4,92.4027,45.4527,4.805e-03,1.215e-03
656.4,70.0932,38.1600,5.290e-03,1.010e-03
659.9,60.6458,35.4304,5.172e-03,9.360e-04
662.9,52.9420,32.9551,4.806e-03,8.717e-04
669.7,36.4498,26.0279,4.100e-03,6.857e-04
677.7,19.7179,18.0026,3.182e-03,4.705e-04
683.9,9.3620,11.6414,2.287e-03,3.011e-04
690.9,1.8423,4.1308,8.623e-04,1.061e-04
695.3,0.0000,0.0000,7.721e-23,6.824e-24
696.4,0.0324,0.4483,1.186e-04,1.098e-05
700.3,0.0288,0.3749,9.947e-05,9.214e-06
704.9,0.0419,0.2146,7.256e-05,5.318e-06
705.5,0.0390,0.2032,7.603e-05,5.054e-06
711.6,0.0000,0.0000,3.661e-23,4.613e-24
716.9,0.1949,1.1495,9.095e-05,3.466e-05
722.2,0.0000,0.0000,1.965e-16,1.522e-18
725.0,2.2801,4.4354,9.104e-04,1.528e-04
733.5,24.8917,24.8649,6.387e-03,8.593e-04
742.0,65.4247,44.7593,1.033e-02,1.540e-03
750.5,118.6383,64.6842,1.399e-02,2.216e-03
759.0,180.8560,84.4266,1.725e-02,2.879e-03
767.5,249.6102,104.1152,2.037e-02,3.535e-03
768.9,261.2694,106.6022,2.082e-02,3.618e-03
774.9,312.6094,117.2262,2.071e-02,3.960e-03
783.9,392.4913,137.4760,1.854e-02,4.588e-03
792.9,475.0427,156.8329,1.685e-02,5.175e-03
801.7,556.4464,175.7520,1.517e-02,5.737e-03
810.2,637.0513,193.6752,1.378e-02,6.263e-03
818.8,717.4625,212.1425,1.230e-02,6.796e-03
825.9,784.2931,223.9720,1.212e-02,7.145e-03
833.1,850.6558,235.7388,1.186e-02,7.486e-03
841.7,929.6236,253.4482,1.062e-02,7.979e-03
850.3,1006.1296,269.7097,9.950e-03,8.433e-03
858.9,1080.7019,285.6982,9.554e-03,8.876e-03
867.5,1150.6965,300.9552,9.482e-03,9.295e-03
876.1,1216.4651,315.9228,9.729e-03,9.716e-03
882.7,1261.1346,325.8165,9.992e-03,9.964e-03
882.9,1261.9643,326.0129,9.996e-03,9.968e-03
884.7,1274.0659,328.2188,1.006e-02,1.002e-02
893.4,1334.8862,341.1453,1.035e-02,1.035e-02
902.0,1400.7672,353.6615,1.062e-02,1.067e-02
910.7,1470.0112,365.8869,1.087e-02,1.097e-02
919.3,1541.7013,377.7724,1.112e-02,1.126e-02
928.0,1614.9193,389.2349,1.140e-02,1.153e-02
936.9,1691.1936,400.8507,1.173e-02,1.181e-02
939.9,1716.9683,403.9322,1.186e-02,1.188e-02
945.4,1764.0629,409.6190,1.187e-02,1.200e-02
954.1,1839.0885,420.6361,1.167e-02,1.224e-02
962.8,1914.3330,430.8014,1.163e-02,1.245e-02
971.5,1989.1599,440.7073,1.171e-02,1.265e-02
980.2,2063.8013,450.0763,1.189e-02,1.283e-02
988.9,2137.4882,459.4385,1.221e-02,1.301e-02
996.9,2204.5087,466.1657,1.246e-02,1.313e-02
1003.5,2258.3482,471.4407,1.253e-02,1.322e-02
1012.2,2329.4542,479.8887,1.262e-02,1.336e-02
1020.9,2398.1694,487.5721,1.278e-02,1.348e-02
1029.7,2465.0103,494.9748,1.299e-02,1.359e-02
1038.5,2527.9149,501.9520,1.325e-02,1.368e-02
1047.2,2587.2513,508.6475,1.363e-02,1.377e-02
1053.8,2626.7862,513.0592,1.385e-02,1.382e-02
1053.9,2627.4213,513.1380,1.385e-02,1.382e-02
1056.0,2640.0131,514.3055,1.380e-02,1.382e-02
1064.8,2695.6291,520.0427,1.361e-02,1.386e-02
1073.6,2755.1740,525.4177,1.348e-02,1.389e-02
1082.4,2817.3374,530.5153,1.339e-02,1.392e-02
1091.2,2881.2828,535.3201,1.336e-02,1.393e-02
1100.0,2946.3098,539.8287,1.339e-02,1.394e-02
1108.8,3012.0340,544.1271,1.349e-02,1.395e-02
1110.9,3027.5688,544.8729,1.350e-02,1.394e-02
1116.9,3072.3334,547.0097,1.338e-02,1.393e-02
1125.9,3139.4408,550.9849,1.316e-02,1.392e-02
1134.9,3206.4093,554.4876,1.309e-02,1.390e-02
1143.9,3272.7797,557.8072,1.311e-02,1.388e-02
1152.9,3338.6540,560.8419,1.322e-02,1.386e-02
1161.9,3403.1549,563.7851,1.345e-02,1.384e-02
1167.9,3446.3246,565.1372,1.354e-02,1.382e-02
1176.6,3507.3100,566.9354,1.347e-02,1.377e-02
1185.5,3568.2561,569.3508,1.345e-02,1.375e-02
1194.4,3627.0788,571.3771,1.347e-02,1.372e-02
1203.3,3684.0908,573.3037,1.353e-02,1.370e-02
1212.1,3737.7616,575.0655,1.359e-02,1.368e-02
1221.0,3788.3517,576.7653,1.368e-02,1.367e-02
1224.8,3807.6922,577.2966,1.370e-02,1.366e-02
1224.9,3808.1544,577.3019,1.370e-02,1.366e-02
1229.9,3834.5588,577.6221,1.356e-02,1.364e-02
1238.8,3883.6462,578.5216,1.325e-02,1.361e-02
1247.8,3934.7989,579.1354,1.307e-02,1.360e-02
1256.7,3987.3195,579.6344,1.297e-02,1.359e-02
1265.6,4040.5598,579.9646,1.296e-02,1.359e-02
1274.5,4094.2025,580.2851,1.305e-02,1.360e-02
1281.9,4138.4575,580.0826,1.310e-02,1.359e-02
1289.4,4183.4420,579.7173,1.307e-02,1.359e-02
1298.4,4236.5849,579.6646,1.310e-02,1.362e-02
1307.3,4289.3096,579.4135,1.322e-02,1.365e-02
1316.3,4341.2762,579.1320,1.342e-02,1.370e-02
1325.2,4392.5342,578.7680,1.368e-02,1.376e-02
1334.2,4442.6294,578.4164,1.403e-02,1.383e-02
1338.9,4468.6951,577.9760,1.414e-02,1.386e-02
1341.9,4484.8223,577.6720,1.414e-02,1.387e-02
1350.9,4532.9500,577.1972,1.420e-02,1.396e-02
1359.9,4579.0676,576.6340,1.427e-02,1.405e-02
1368.9,4623.2731,576.0779,1.435e-02,1.415e-02
1377.9,4664.4996,575.4817,1.443e-02,1.427e-02
1386.9,4702.5596,575.0326,1.449e-02,1.440e-02
1395.8,4735.2419,574.0125,1.453e-02,1.449e-02
1404.9,4767.3625,572.4881,1.440e-02,1.457e-02
1413.9,4802.3701,571.2720,1.426e-02,1.471e-02
1422.9,4838.7942,569.8289,1.426e-02,1.483e-02
1431.9,4876.4424,568.3596,1.434e-02,1.497e-02
1440.9,4914.3985,566.8821,1.450e-02,1.512e-02
1446.9,4939.9572,565.6551,1.462e-02,1.519e-02
1448.1,4944.7779,565.3919,1.463e-02,1.521e-02
1457.1,4983.0272,563.6787,1.470e-02,1.535e-02
1466.1,5020.7875,561.9477,1.483e-02,1.551e-02
1475.2,5058.0825,560.2103,1.505e-02,1.566e-02
1484.2,5094.6629,558.4619,1.532e-02,1.583e-02
1493.2,5130.3561,556.7448,1.567e-02,1.600e-02
1497.9,5148.4607,555.7074,1.582e-02,1.606e-02
1499.3,5153.5543,555.3980,1.584e-02,1.608e-02
1508.3,5187.4799,553.6388,1.599e-02,1.624e-02
1517.3,5219.9050,551.8920,1.618e-02,1.641e-02
1526.4,5250.6775,550.1573,1.640e-02,1.658e-02
1535.4,5279.2020,548.4168,1.665e-02,1.675e-02
1544.5,5305.2100,546.7238,1.694e-02,1.692e-02
1546.9,5311.2635,546.1525,1.699e-02,1.695e-02
1550.5,5320.4637,545.1756,1.696e-02,1.699e-02
1559.6,5344.5948,543.0890,1.687e-02,1.714e-02
1568.7,5369.1860,540.9186,1.688e-02,1.728e-02
1577.7,5394.2521,538.7637,1.695e-02,1.743e-02
1586.8,5419.1868,536.6052,1.709e-02,1.757e-02
1595.9,5444.0821,534.4618,1.730e-02,1.772e-02
1597.9,5449.5373,533.9327,1.733e-02,1.774e-02
1602.9,5462.9885,532.6631,1.734e-02,1.780e-02
1611.9,5486.7454,530.6225,1.734e-02,1.794e-02
1620.9,5510.0005,528.5594,1.742e-02,1.807e-02
1629.9,5532.5305,526.5494,1.757e-02,1.819e-02
1638.9,5554.3738,524.5743,1.780e-02,1.832e-02
1647.9,5575.2841,522.6274,1.808e-02,1.845e-02
1648.9,5577.6682,522.3930,1.810e-02,1.846e-02
1656.4,5594.2666,520.7663,1.811e-02,1.853e-02
1665.5,5613.6164,519.0799,1.815e-02,1.865e-02
1674.6,5631.7718,517.3615,1.828e-02,1.876e-02
1683.7,5648.6941,515.7092,1.847e-02,1.887e-02
1692.7,5664.0409,514.0909,1.874e-02,1.897e-02
1701.8,5677.6831,512.5110,1.909e-02,1.908e-02
1703.9,5680.3556,512.0931,1.914e-02,1.909e-02
1707.9,5685.3021,511.2790,1.909e-02,1.912e-02
1717.0,5696.8059,509.7478,1.891e-02,1.920e-02
1726.1,5708.0271,508.1967,1.884e-02,1.927e-02
1735.2,5718.9996,506.7177,1.884e-02,1.934e-02
1744.3,5729.4765,505.2873,1.893e-02,1.940e-02
1753.4,5739.4967,503.9209,1.911e-02,1.947e-02
1754.9,5741.0616,503.6798,1.913e-02,1.947e-02
1759.5,5745.7650,503.0400,1.908e-02,1.949e-02
1768.6,5754.6936,502.0805,1.894e-02,1.954e-02
1777.7,5762.9754,501.1472,1.891e-02,1.959e-02
1786.8,5770.5384,500.3029,1.897e-02,1.963e-02
1795.9,5777.3788,499.5288,1.912e-02,1.968e-02
1805.0,5783.4383,498.8191,1.934e-02,1.971e-02
1805.9,5784.0497,498.7374,1.935e-02,1.972e-02
1811.1,5787.0537,498.3988,1.931e-02,1.973e-02
1820.2,5791.8142,498.1243,1.925e-02,1.975e-02
1829.3,5795.7245,497.8438,1.930e-02,1.977e-02
1838.4,5798.8071,497.6559,1.942e-02,1.979e-02
1847.5,5800.9428,497.4935,1.969e-02,1.980e-02
1854.9,5802.0230,497.3380,1.985e-02,1.980e-02
1856.6,5802.0260,497.3115,1.982e-02,1.980e-02
1865.7,5801.5427,497.3870,1.955e-02,1.979e-02
1874.8,5800.0058,497.5319,1.936e-02,1.977e-02
1883.9,5797.5346,497.7612,1.925e-02,1.975e-02
1893.0,5794.1721,498.0734,1.923e-02,1.972e-02
1902.1,5789.9731,498.4695,1.930e-02,1.970e-02
1905.9,5787.9871,498.6137,1.933e-02,1.968e-02
1908.9,5786.3307,498.7820,1.928e-02,1.967e-02
1917.9,5780.7768,499.5978,1.904e-02,1.963e-02
1926.9,5774.5252,500.4520,1.891e-02,1.958e-02
1935.9,5767.5628,501.3942,1.885e-02,1.954e-02
1944.9,5759.9845,502.4092,1.888e-02,1.949e-02
1953.9,5751.7482,503.4916,1.901e-02,1.943e-02
1956.9,5748.9359,503.8416,1.903e-02,1.942e-02
1962.8,5743.1134,504.6205,1.895e-02,1.938e-02
1971.9,5733.8667,506.0696,1.881e-02,1.931e-02
1980.9,5724.2950,507.4899,1.878e-02,1.924e-02
1989.9,5714.6462,508.9880,1.882e-02,1.916e-02
1998.9,5704.9116,510.4632,1.899e-02,1.908e-02
2005.9,5697.7181,511.6791,1.908e-02,1.903e-02
2014.4,5687.5800,513.1323,1.888e-02,1.895e-02
2023.5,5674.2893,514.7133,1.858e-02,1.884e-02
2032.6,5659.2118,516.3108,1.839e-02,1.873e-02
2041.6,5642.5015,517.9797,1.825e-02,1.862e-02
2050.7,5624.5428,519.6593,1.819e-02,1.850e-02
2056.9,5611.6239,520.8894,1.815e-02,1.843e-02
2065.9,5592.1066,522.7674,1.792e-02,1.833e-02
2075.0,5571.3319,524.7467,1.763e-02,1.819e-02
2084.0,5549.7365,526.7301,1.745e-02,1.806e-02
2093.1,5527.3327,528.7676,1.733e-02,1.793e-02
2102.2,5504.2733,530.7926,1.731e-02,1.780e-02
2107.9,5489.4120,532.1643,1.729e-02,1.773e-02
2117.3,5464.5643,534.4205,1.709e-02,1.760e-02
2126.4,5440.1371,536.5572,1.688e-02,1.745e-02
2135.4,5415.4937,538.6958,1.678e-02,1.730e-02
2144.5,5390.7953,540.8447,1.674e-02,1.716e-02
2153.6,5366.3748,542.9585,1.679e-02,1.701e-02
2162.6,5342.4085,545.0682,1.691e-02,1.687e-02
2162.9,5341.8899,545.1419,1.691e-02,1.687e-02
2169.9,5322.9048,546.7730,1.674e-02,1.677e-02
2178.9,5295.6747,548.4810,1.641e-02,1.659e-02
2187.9,5266.4743,550.2589,1.615e-02,1.643e-02
2196.9,5235.3136,552.0591,1.593e-02,1.627e-02
2205.9,5202.8370,553.7744,1.576e-02,1.610e-02
2213.9,5172.8417,555.5968,1.566e-02,1.599e-02
2222.9,5138.1442,557.5848,1.539e-02,1.585e-02
2232.0,5102.4468,559.2733,1.506e-02,1.568e-02
2241.0,5066.0237,561.0057,1.483e-02,1.553e-02
2250.0,5029.0649,562.7362,1.466e-02,1.537e-02
2259.0,4991.6699,564.3618,1.457e-02,1.522e-02
2264.9,4967.3203,565.6580,1.453e-02,1.515e-02
2274.1,4929.1839,567.4783,1.438e-02,1.503e-02
2283.1,4892.0587,568.8056,1.424e-02,1.488e-02
2292.1,4855.5126,570.1645,1.421e-02,1.474e-02
2301.1,4820.5495,571.4604,1.425e-02,1.461e-02
2310.1,4787.4083,572.5881,1.444e-02,1.448e-02
2313.9,4774.7335,573.2679,1.449e-02,1.445e-02
2319.1,4756.6673,573.9456,1.447e-02,1.440e-02
2328.1,4720.8335,574.3615,1.440e-02,1.426e-02
2337.1,4681.5508,574.9275,1.432e-02,1.414e-02
2346.1,4639.0260,575.4595,1.422e-02,1.403e-02
2355.0,4594.4611,576.0284,1.412e-02,1.393e-02
2364.0,4547.7945,576.4421,1.403e-02,1.384e-02
2370.9,4510.9807,577.2025,1.400e-02,1.380e-02
2378.9,4467.1449,577.9776,1.381e-02,1.376e-02
2387.9,4417.2810,578.2239,1.347e-02,1.369e-02
2396.9,4366.3573,578.5404,1.323e-02,1.363e-02
2405.8,4314.8101,578.7555,1.305e-02,1.358e-02
2414.8,4262.5837,578.9338,1.296e-02,1.355e-02
2423.7,4210.0546,578.9246,1.296e-02,1.352e-02
2427.9,4185.1126,579.1832,1.299e-02,1.352e-02
2430.9,4167.4937,579.3342,1.297e-02,1.353e-02
2439.9,4114.2448,579.0371,1.288e-02,1.351e-02
2448.9,4061.3238,578.7013,1.287e-02,1.350e-02
2457.9,4009.0388,578.2083,1.294e-02,1.351e-02
2466.9,3958.0388,577.6362,1.308e-02,1.352e-02
2475.9,3909.0208,576.6927,1.336e-02,1.353e-02
2484.9,3863.1143,576.1805,1.361e-02,1.357e-02
2485.0,3862.6615,576.1753,1.361e-02,1.357e-02
2493.9,3817.1995,574.6474,1.364e-02,1.358e-02
2502.9,3765.5191,572.6630,1.367e-02,1.359e-02
2511.9,3710.7595,570.6482,1.369e-02,1.360e-02
2520.9,3652.7555,568.4777,1.371e-02,1.362e-02
2529.9,3592.9573,566.1897,1.374e-02,1.365e-02
2538.9,3530.9941,563.6261,1.380e-02,1.367e-02
2541.9,3510.2491,563.0412,1.383e-02,1.369e-02
2545.3,3486.1422,562.3279,1.379e-02,1.370e-02
2554.2,3423.3804,559.4177,1.355e-02,1.372e-02
2563.0,3359.4142,556.4206,1.338e-02,1.373e-02
2571.9,3294.8311,553.1873,1.327e-02,1.375e-02
2580.7,3229.5228,549.7495,1.322e-02,1.376e-02
2589.6,3163.8446,546.0452,1.326e-02,1.378e-02
2598.4,3097.7346,542.2265,1.337e-02,1.379e-02
2598.9,3093.8453,542.0571,1.337e-02,1.379e-02
2604.3,3053.7435,540.1253,1.331e-02,1.380e-02
2613.1,2987.6435,535.7084,1.318e-02,1.378e-02
2621.9,2921.8113,531.1906,1.315e-02,1.377e-02
2630.7,2856.6349,526.3040,1.319e-02,1.375e-02
2639.5,2792.5659,521.2023,1.330e-02,1.372e-02
2648.3,2730.2858,515.4452,1.350e-02,1.368e-02
2655.9,2678.2648,511.2281,1.369e-02,1.366e-02
2656.1,2677.5357,511.1627,1.369e-02,1.366e-02
2657.1,2671.5336,510.5606,1.366e-02,1.365e-02
2665.9,2609.7214,504.0665,1.328e-02,1.357e-02
2674.6,2545.4683,497.1497,1.297e-02,1.347e-02
2683.4,2478.2270,489.8820,1.273e-02,1.336e-02
2692.1,2409.2814,482.2300,1.253e-02,1.324e-02
2700.9,2338.1428,474.2193,1.239e-02,1.312e-02
2709.9,2264.2571,465.4042,1.231e-02,1.297e-02
2712.9,2239.1136,463.0278,1.228e-02,1.293e-02
2718.3,2194.0200,458.6071,1.212e-02,1.285e-02
2727.1,2120.3966,449.3904,1.177e-02,1.266e-02
2735.8,2046.3110,440.1299,1.152e-02,1.248e-02
2744.5,1971.6640,430.3596,1.135e-02,1.228e-02
2753.2,1896.8180,420.3799,1.125e-02,1.207e-02
2761.9,1821.7435,409.4293,1.129e-02,1.183e-02
2769.9,1752.3920,401.0949,1.122e-02,1.165e-02
2776.4,1696.8845,394.3604,1.098e-02,1.150e-02
2785.0,1622.3527,382.7761,1.068e-02,1.122e-02
2793.7,1548.4406,371.2924,1.044e-02,1.094e-02
2802.4,1475.6890,359.2564,1.026e-02,1.065e-02
2811.0,1404.5495,347.0546,1.010e-02,1.034e-02
2819.7,1335.9661,333.8063,9.971e-03,1.001e-02
2826.9,1281.0080,324.7562,9.816e-03,9.784e-03
2827.1,1280.0383,324.5904,9.813e-03,9.781e-03
2828.3,1271.8849,322.9737,9.778e-03,9.744e-03
2836.9,1203.6504,308.4717,9.533e-03,9.347e-03
2845.6,1132.1168,293.4248,9.525e-03,8.933e-03
2854.2,1056.7963,277.8462,9.817e-03,8.504e-03
2862.9,978.1846,261.4487,1.045e-02,8.050e-03
2871.9,895.1295,244.1922,1.139e-02,7.569e-03
2880.9,811.2214,225.9770,1.279e-02,7.058e-03
2883.9,782.7617,221.2462,1.282e-02,6.921e-03
2888.5,739.6570,213.8823,1.279e-02,6.705e-03
2897.1,658.6148,195.9118,1.401e-02,6.183e-03
2905.6,577.9564,178.2773,1.517e-02,5.664e-03
2914.2,497.8639,160.2063,1.652e-02,5.128e-03
2922.7,419.1514,142.0096,1.793e-02,4.579e-03
2931.3,342.3583,123.7578,1.939e-02,4.017e-03
2939.8,268.7022,105.6908,2.086e-02,3.445e-03
2940.9,259.3389,103.8026,2.072e-02,3.385e-03
2945.5,221.7414,95.1284,1.895e-02,3.108e-03
2954.0,155.4437,74.9710,1.581e-02,2.454e-03
2962.5,96.5495,55.2535,1.231e-02,1.812e-03
2971.0,47.8708,35.5164,8.847e-03,1.165e-03
2979.9,12.5276,13.6477,3.073e-03,4.493e-04
2987.6,0.0000,0.0000,1.790e-18,2.128e-19
2995.9,0.2671,1.0365,3.666e-05,3.240e-05
2998.2,0.0000,0.0000,3.502e-23,1.937e-24
2998.9,0.0329,0.0775,3.190e-05,2.208e-06
3004.9,0.1250,0.4613,1.014e-04,1.109e-05
3009.6,0.1235,0.8146,1.724e-04,1.945e-05
3010.7,0.1316,1.0639,2.268e-04,2.537e-05
3014.6,0.0000,0.0000,1.245e-22,8.570e-24
3022.2,4.4216,8.5165,1.516e-03,2.090e-04
3030.4,15.8225,19.1591,3.163e-03,4.741e-04
3036.1,26.8466,26.0845,3.869e-03,6.514e-04
3044.5,46.1554,36.1989,4.631e-03,9.127e-04
3050.1,60.6927,42.8124,5.095e-03,1.083e-03
3057.4,80.9221,51.6680,5.558e-03,1.312e-03
3063.4,98.4442,57.6525,6.166e-03,1.462e-03
3064.2,100.6821,58.3213,6.213e-03,1.479e-03
3069.8,117.6585,64.3846,6.001e-03,1.639e-03
3078.2,143.8188,73.5095,5.627e-03,1.877e-03
3084.4,163.3539,80.1053,5.365e-03,2.047e-03
3092.3,188.3377,88.3421,5.048e-03,2.258e-03
3099.4,210.9653,95.6356,4.793e-03,2.442e-03
3105.4,229.9273,101.6560,4.604e-03,2.594e-03
3112.0,250.6176,108.0976,4.444e-03,2.754e-03
3120.4,276.5343,116.2060,4.253e-03,2.954e-03
3123.4,285.6627,118.4963,4.308e-03,3.008e-03
3126.1,293.8989,120.5279,4.324e-03,3.056e-03
3134.6,319.1003,128.1650,4.025e-03,3.239e-03
3140.3,335.5284,132.9921,3.912e-03,3.353e-03
3147.4,355.6418,138.9252,3.830e-03,3.491e-03
3154.5,374.8973,144.5687,3.814e-03,3.621e-03
3160.1,389.8394,148.9721,3.841e-03,3.722e-03
3168.6,411.2705,155.3202,3.928e-03,3.865e-03
3174.4,424.9298,159.4741,4.006e-03,3.957e-03
3182.9,443.8259,165.1183,4.129e-03,4.079e-03
3183.2,444.3459,165.3085,4.132e-03,4.082e-03
3183.4,444.6458,165.3889,4.132e-03,4.083e-03
3189.4,457.0922,168.3524,4.222e-03,4.140e-03
3195.4,469.2803,171.7777,4.442e-03,4.210e-03
3202.8,484.0883,175.6583,4.748e-03,4.287e-03
3210.4,498.7668,179.4810,5.108e-03,4.363e-03
3217.1,511.4253,182.7185,5.441e-03,4.427e-03
3225.4,526.4544,186.5390,5.852e-03,4.502e-03
3231.4,536.9611,189.1745,6.133e-03,4.554e-03
3237.4,547.1032,191.8262,6.428e-03,4.607e-03
3243.4,556.8939,193.9539,6.589e-03,4.648e-03
3245.8,560.6598,194.7307,6.635e-03,4.663e-03
3251.5,569.5439,196.9789,6.830e-03,4.708e-03
3260.1,582.2177,200.1319,7.054e-03,4.771e-03
3265.9,590.2360,202.1569,7.169e-03,4.812e-03
3273.4,600.1643,204.6975,7.272e-03,4.865e-03
3280.3,608.7083,206.9087,7.319e-03,4.912e-03
3286.0,615.4500,208.6885,7.322e-03,4.951e-03
3294.7,624.8445,211.2106,7.267e-03,5.006e-03
3300.5,630.6055,212.8284,7.194e-03,5.043e-03
3303.4,633.3946,213.4693,7.140e-03,5.056e-03
3309.1,638.4910,214.6117,7.010e-03,5.081e-03
3315.4,643.6433,216.0632,6.851e-03,5.116e-03
3321.4,648.0804,217.2929,6.676e-03,5.145e-03
3329.4,653.2428,218.8085,6.422e-03,5.182e-03
3336.4,657.0924,220.0032,6.182e-03,5.211e-03
3343.8,660.3938,221.1177,5.922e-03,5.239e-03
3351.4,662.8934,222.0878,5.678e-03,5.264e-03
3357.4,664.2440,222.7750,5.484e-03,5.283e-03
3363.2,664.9443,223.2214,5.391e-03,5.294e-03
3363.4,664.9496,223.2246,5.393e-03,5.294e-03
3364.1,664.9940,223.2221,5.404e-03,5.294e-03
3372.4,664.9285,222.9506,5.601e-03,5.288e-03
3378.7,664.2520,222.5519,5.805e-03,5.280e-03
3387.4,662.4676,221.8102,6.130e-03,5.263e-03
3393.3,660.7274,221.1918,6.360e-03,5.250e-03
3399.4,658.4425,220.4493,6.601e-03,5.234e-03
3407.8,654.5502,219.2569,6.916e-03,5.209e-03
3413.7,651.3475,218.3216,7.114e-03,5.189e-03
3422.5,645.7691,216.7490,7.371e-03,5.156e-03
3423.4,645.1021,216.5852,7.392e-03,5.153e-03
3428.3,641.5409,215.6469,7.481e-03,5.133e-03
3435.4,635.8716,213.9924,7.597e-03,5.100e-03
3442.9,629.2337,212.1417,7.661e-03,5.063e-03
3448.8,623.6241,210.6123,7.673e-03,5.033e-03
3457.6,614.4968,208.1778,7.622e-03,4.986e-03
3463.4,607.9363,206.4486,7.542e-03,4.953e-03
3471.4,598.4400,203.9970,7.381e-03,4.907e-03
3478.1,589.9032,201.7548,7.182e-03,4.865e-03
3483.4,582.8539,200.1246,7.059e-03,4.835e-03
3484.0,582.0458,199.9448,7.045e-03,4.831e-03
3492.8,569.6141,196.6579,6.671e-03,4.770e-03
3498.7,560.8668,194.3300,6.386e-03,4.727e-03
3507.4,547.3134,190.7360,5.941e-03,4.660e-03
3513.4,537.5635,188.1475,5.626e-03,4.612e-03
3519.4,527.5379,185.4747,5.315e-03,4.561e-03
3528.1,512.4002,181.4124,4.895e-03,4.484e-03
3534.4,501.2167,178.3305,4.631e-03,4.425e-03
3542.9,485.4634,173.9908,4.395e-03,4.341e-03
3543.3,484.9240,173.8077,4.391e-03,4.338e-03
3543.4,484.7575,173.7565,4.391e-03,4.338e-03
3549.4,473.1133,170.5175,4.356e-03,4.271e-03
3555.4,460.7590,166.4717,4.281e-03,4.182e-03
3563.6,442.8612,160.9203,4.208e-03,4.059e-03
3570.4,427.0821,156.0330,4.153e-03,3.949e-03
3578.4,407.7651,150.0654,4.102e-03,3.813e-03
3585.4,390.0883,144.5716,4.073e-03,3.686e-03
3591.4,374.5120,139.7546,4.066e-03,3.573e-03
3599.1,353.8373,133.1097,4.088e-03,3.415e-03
3603.4,342.1854,129.9654,4.084e-03,3.341e-03
3606.4,333.9050,127.7235,4.062e-03,3.287e-03
3614.0,312.5885,120.6990,4.032e-03,3.115e-03
3621.4,291.2511,113.7116,4.016e-03,2.942e-03
3627.4,273.7198,107.8710,4.019e-03,2.796e-03
3634.8,251.8607,100.5076,4.038e-03,2.610e-03
3642.4,229.0307,92.6630,4.078e-03,2.411e-03
3649.7,207.1108,85.0801,4.123e-03,2.217e-03
3657.4,183.6335,76.4627,4.240e-03,1.994e-03
3663.4,165.4681,70.8646,4.134e-03,1.850e-03
3670.5,144.0442,64.0241,3.863e-03,1.674e-03
3678.4,120.4522,54.6682,3.683e-03,1.428e-03
3685.4,99.8624,46.5740,3.442e-03,1.216e-03
3693.4,77.0588,37.1379,3.114e-03,9.670e-04
3699.4,60.5150,29.9990,2.800e-03,7.788e-04
3706.3,42.2548,21.7202,2.340e-03,5.607e-04
3715.3,20.0919,10.8163,1.394e-03,2.760e-04
3722.9,2.7582,1.3978,1.223e-04,3.524e-05
3723.9,0.5339,0.2644,1.100e-05,6.616e-06
3724.2,0.0000,0.0000,1.719e-22,9.851e-24
3727.2,6.3067,3.5934,3.956e-04,8.935e-05
3734.9,22.0995,13.6115,1.577e-03,3.401e-04
3741.9,36.4590,22.5173,2.253e-03,5.648e-04
3749.9,53.0544,32.5349,2.754e-03,8.183e-04
3755.9,65.7965,40.0182,3.069e-03,1.007e-03
3762.6,80.2356,48.2270,3.361e-03,1.215e-03
3770.9,98.4309,58.4972,3.651e-03,1.473e-03
3773.9,105.0385,61.4376,3.808e-03,1.547e-03
3777.4,112.6906,64.7817,3.898e-03,1.630e-03
3785.9,131.5171,74.8330,3.765e-03,1.882e-03
3791.9,144.7240,81.5753,3.715e-03,2.049e-03
3798.1,158.2218,88.4498,3.664e-03,2.219e-03
3806.9,177.1269,97.9174,3.620e-03,2.452e-03
3812.9,189.7357,104.1819,3.607e-03,2.605e-03
3821.8,207.8980,113.0729,3.618e-03,2.821e-03
3827.8,219.5563,118.9340,3.633e-03,2.962e-03
3830.9,225.6580,121.4061,3.671e-03,3.021e-03
3833.7,230.8540,123.5005,3.694e-03,3.071e-03
3839.9,242.3164,129.1401,3.680e-03,3.205e-03
3845.9,252.8259,134.2432,3.695e-03,3.325e-03
3854.5,267.0492,141.2312,3.739e-03,3.488e-03
3860.9,276.8478,146.1563,3.782e-03,3.601e-03
3869.4,288.7289,152.2609,3.843e-03,3.741e-03
3875.9,296.8187,156.6590,3.894e-03,3.840e-03
3881.9,303.5315,160.5688,3.950e-03,3.929e-03
3887.8,309.0286,163.7549,3.999e-03,3.993e-03
3887.9,309.0934,163.7943,3.999e-03,3.993e-03
3890.2,311.0747,164.7096,4.012e-03,4.011e-03
3896.9,316.6408,167.5488,4.073e-03,4.070e-03
3905.1,323.0047,170.6402,4.139e-03,4.133e-03
3911.9,327.8164,172.9194,4.187e-03,4.178e-03
3917.9,331.7151,174.7397,4.220e-03,4.214e-03
3926.1,336.4304,176.9194,4.254e-03,4.256e-03
3932.9,339.8596,178.4921,4.273e-03,4.286e-03
3941.0,343.2251,180.0505,4.285e-03,4.315e-03
3944.9,344.5897,180.6433,4.296e-03,4.327e-03
3947.0,345.2334,180.9053,4.301e-03,4.332e-03
3953.0,346.8474,181.5779,4.304e-03,4.344e-03
3959.9,348.1787,182.1420,4.305e-03,4.353e-03
3968.0,349.0383,182.5190,4.300e-03,4.359e-03
3973.9,349.1747,182.6024,4.289e-03,4.359e-03
3982.9,348.6266,182.4029,4.262e-03,4.353e-03
3988.9,347.7234,182.0837,4.241e-03,4.346e-03
3995.9,346.1897,181.4252,4.208e-03,4.332e-03
4001.9,344.4064,180.9268,4.200e-03,4.323e-03
4003.9,343.7664,180.7085,4.200e-03,4.319e-03
4009.9,341.4227,179.6153,4.182e-03,4.297e-03
4018.9,337.2929,177.6625,4.153e-03,4.256e-03
4025.0,334.0298,176.1271,4.129e-03,4.225e-03
4031.9,329.9326,174.1154,4.097e-03,4.183e-03
4040.0,324.5743,171.4364,4.055e-03,4.127e-03
4046.0,320.3753,169.2298,4.023e-03,4.080e-03
4055.0,313.5408,165.3508,3.983e-03,3.996e-03
4058.8,310.6804,163.9788,3.976e-03,3.970e-03
4061.0,308.9923,163.0196,3.965e-03,3.951e-03
4067.9,302.3388,158.6331,3.915e-03,3.852e-03
4076.1,292.9371,153.1344,3.845e-03,3.728e-03
4082.1,284.9430,148.8054,3.772e-03,3.629e-03
4091.2,271.6754,141.8991,3.627e-03,3.469e-03
4097.2,261.9440,137.0085,3.507e-03,3.355e-03
4103.9,250.4939,131.3739,3.360e-03,3.223e-03
4112.3,235.2077,123.7184,3.141e-03,3.041e-03
4115.9,228.3328,121.0558,3.108e-03,2.979e-03
4118.3,223.6518,119.2649,3.087e-03,2.937e-03
4127.4,205.5122,110.2070,2.815e-03,2.718e-03
4133.4,192.8959,104.0313,2.635e-03,2.569e-03
4139.9,178.9718,97.1432,2.432e-03,2.401e-03
4148.5,159.9969,87.7212,2.163e-03,2.171e-03
4154.6,146.3949,80.8844,1.980e-03,2.003e-03
4163.6,125.6561,70.4195,1.734e-03,1.745e-03
4169.7,111.7006,63.0280,1.605e-03,1.562e-03
4172.9,104.1750,59.9082,1.521e-03,1.486e-03
4175.7,97.7142,57.2140,1.439e-03,1.420e-03
4181.9,83.3673,49.4186,1.256e-03,1.226e-03
4187.9,69.5673,41.9787,1.084e-03,1.041e-03
4196.9,49.2995,30.6246,8.335e-04,7.590e-04
4202.9,36.0232,22.8929,6.604e-04,5.669e-04
4211.9,17.2530,11.3262,3.739e-04,2.799e-04
4218.1,5.2538,3.3305,1.088e-04,8.218e-05
4219.9,1.9073,0.9890,2.588e-05,2.444e-05
4221.1,0.0000,0.0000,1.370e-21,2.669e-23
4224.9,0.1900,0.1682,9.437e-06,4.088e-06
4226.3,0.0000,0.0000,1.079e-12,4.634e-14
4255.3,0.0000,0.0000,1.234e-12,3.108e-13
