source,rel,target,contract,note
s10,SIMPLIFIED_BY,deck,R1-R7,
deck,HAS_LINE,line:MIB,,
deck,HAS_LINE,line:MIG,,
deck,HAS_LINE,line:MOB,,
deck,HAS_LINE,line:MOG,,
deck,HAS_LINE,line:PIB,,
deck,HAS_LINE,line:PIG,,
deck,HAS_LINE,line:POB,,
deck,HAS_LINE,line:POG,,
deck,HAS,portals,,
deck,HAS,passages,,
deck,CHECKED_BY,gate:G-P1,,
deck,CHECKED_BY,gate:G-P2,,
deck,CHECKED_BY,gate:UY,,
deck,CHECKED_BY,gate:G-P3,,
deck,CHECKED_BY,gate:G-P4,,
deck,HAS_FAMILY,family:L,,
deck,HAS_FAMILY,family:V,,
deck,HAS_FAMILY,family:T,,
table41:LS1,COMPARED_TO,attach23,,comparison_only
table41:LS1,PAIRED_WITH,mode:5,,
table41:VA1,COMPARED_TO,attach23,,comparison_only
table41:VA1,PAIRED_WITH,mode:6,,
table41:LA1,COMPARED_TO,attach23,,comparison_only
table41:LA1,PAIRED_WITH,mode:7,,
table41:TA1,COMPARED_TO,attach23,,comparison_only
table41:TA1,PAIRED_WITH,mode:9,,
table41:VS1,COMPARED_TO,attach23,,comparison_only
table41:VS1,PAIRED_WITH,mode:8,,
table41:LS2,COMPARED_TO,attach23,,comparison_only
table41:LS2,PAIRED_WITH,mode:11,,
table41:TS1,COMPARED_TO,attach23,,comparison_only
table41:TS1,PAIRED_WITH,mode:10,,
table41:SIDE1,COMPARED_TO,attach23,,comparison_only
table41:SIDE1,PAIRED_WITH,mode:12,,
table41:SIDE2,COMPARED_TO,attach23,,comparison_only
table41:SIDE2,PAIRED_WITH,mode:13,,
table41:VA2,COMPARED_TO,attach23,,comparison_only
table41:VA2,PAIRED_WITH,mode:16,,
table41:LA2,COMPARED_TO,attach23,,comparison_only
table41:LA2,PAIRED_WITH,mode:20,,
table41:SIDE3,COMPARED_TO,attach23,,comparison_only
table41:SIDE3,PAIRED_WITH,mode:21,,
table41:TS2,COMPARED_TO,attach23,,comparison_only
table41:TS2,PAIRED_WITH,mode:18,,
table41:VS2,COMPARED_TO,attach23,,comparison_only
table41:VS2,PAIRED_WITH,mode:17,,
mode:5,IN_FAMILY,family:L,,
mode:6,IN_FAMILY,family:V,,
mode:7,IN_FAMILY,family:L,,
mode:8,IN_FAMILY,family:V,,
mode:9,IN_FAMILY,family:T,,
mode:10,IN_FAMILY,family:T,,
mode:11,IN_FAMILY,family:L,,
mode:12,IN_FAMILY,family:L,,
mode:13,IN_FAMILY,family:L,,
mode:14,IN_FAMILY,family:V,,
mode:15,IN_FAMILY,family:T,,
mode:16,IN_FAMILY,family:V,,
mode:17,IN_FAMILY,family:V,,
mode:18,IN_FAMILY,family:T,,
mode:19,IN_FAMILY,family:T,,
mode:20,IN_FAMILY,family:L,,
mode:21,IN_FAMILY,family:V,,
mode:22,IN_FAMILY,family:T,,
mode:23,IN_FAMILY,family:L,,
mode:24,IN_FAMILY,family:V,,
mode:25,IN_FAMILY,family:T,,
mode:26,IN_FAMILY,family:V,,
mode:27,IN_FAMILY,family:L,,
mode:28,IN_FAMILY,family:T,,
mode:29,IN_FAMILY,family:V,,
mode:30,IN_FAMILY,family:T,,
mode:31,IN_FAMILY,family:V,,
mode:32,IN_FAMILY,family:T,,
mode:33,IN_FAMILY,family:L,,
mode:34,IN_FAMILY,family:V,,
mode:35,IN_FAMILY,family:L,,
mode:36,IN_FAMILY,family:T,,
mode:37,IN_FAMILY,family:V,,
mode:38,IN_FAMILY,family:T,,
mode:39,IN_FAMILY,family:L,,
mode:40,IN_FAMILY,family:L,,
mode:41,IN_FAMILY,family:V,,
mode:42,IN_FAMILY,family:T,,
mode:43,IN_FAMILY,family:L,,
mode:44,IN_FAMILY,family:V,,
mode:45,IN_FAMILY,family:V,,
mode:46,IN_FAMILY,family:T,,
mode:47,IN_FAMILY,family:T,,
mode:48,IN_FAMILY,family:V,,
mode:49,IN_FAMILY,family:T,,
mode:50,IN_FAMILY,family:L,,
mode:51,IN_FAMILY,family:L,,
mode:52,IN_FAMILY,family:V,,
mode:53,IN_FAMILY,family:V,,
mode:54,IN_FAMILY,family:T,,
mode:55,IN_FAMILY,family:T,,
mode:56,IN_FAMILY,family:L,,
mode:57,IN_FAMILY,family:L,,
mode:58,IN_FAMILY,family:V,,
mode:59,IN_FAMILY,family:L,,
mode:60,IN_FAMILY,family:T,,
mode:61,IN_FAMILY,family:V,,
mode:62,IN_FAMILY,family:L,,
mode:63,IN_FAMILY,family:T,,
mode:64,IN_FAMILY,family:T,,
mode:65,IN_FAMILY,family:T,,
mode:66,IN_FAMILY,family:T,,
mode:67,IN_FAMILY,family:V,,
mode:68,IN_FAMILY,family:V,,
mode:69,IN_FAMILY,family:T,,
mode:70,IN_FAMILY,family:T,,
mode:71,IN_FAMILY,family:V,,
mode:72,IN_FAMILY,family:T,,
mode:73,IN_FAMILY,family:T,,
mode:74,IN_FAMILY,family:T,,
mode:75,IN_FAMILY,family:T,,
mode:76,IN_FAMILY,family:T,,
mode:77,IN_FAMILY,family:T,,
mode:78,IN_FAMILY,family:T,,
mode:79,IN_FAMILY,family:T,,
mode:80,IN_FAMILY,family:T,,
mode:81,IN_FAMILY,family:T,,
mode:82,IN_FAMILY,family:T,,
mode:83,IN_FAMILY,family:T,,
mode:84,IN_FAMILY,family:T,,
mode:85,IN_FAMILY,family:T,,
mode:86,IN_FAMILY,family:T,,
mode:87,IN_FAMILY,family:V,,
mode:88,IN_FAMILY,family:T,,
mode:89,IN_FAMILY,family:T,,
mode:90,IN_FAMILY,family:T,,
mode:91,IN_FAMILY,family:T,,
mode:92,IN_FAMILY,family:T,,
mode:93,IN_FAMILY,family:T,,
mode:94,IN_FAMILY,family:T,,
mode:95,IN_FAMILY,family:T,,
mode:96,IN_FAMILY,family:T,,
mode:97,IN_FAMILY,family:V,,
mode:98,IN_FAMILY,family:T,,
mode:99,IN_FAMILY,family:T,,
mode:100,IN_FAMILY,family:T,,
event:site_gb50009_50yr,DRIVES,channel:L,,
event:site_gb50009_50yr,DRIVES,channel:V,,
event:site_gb50009_50yr,DRIVES,channel:Tcw,,
event:site_gb50009_50yr,DRIVES,channel:Tg,,
event:site_gb50009_100yr,DRIVES,channel:L,,
event:site_gb50009_100yr,DRIVES,channel:V,,
event:site_gb50009_100yr,DRIVES,channel:Tcw,,
event:site_gb50009_100yr,DRIVES,channel:Tg,,
event:site_sutong_100yr_obs,DRIVES,channel:L,,
event:site_sutong_100yr_obs,DRIVES,channel:V,,
event:site_sutong_100yr_obs,DRIVES,channel:Tcw,,
event:site_sutong_100yr_obs,DRIVES,channel:Tg,,
event:hko_t10,DRIVES,channel:L,,
event:hko_t10,DRIVES,channel:V,,
event:hko_t10,DRIVES,channel:Tcw,,
event:hko_t10,DRIVES,channel:Tg,,
event:asce7_risk4_fl,DRIVES,channel:L,,
event:asce7_risk4_fl,DRIVES,channel:V,,
event:asce7_risk4_fl,DRIVES,channel:Tcw,,
event:asce7_risk4_fl,DRIVES,channel:Tg,,
event:ss_cat1,DRIVES,channel:L,,
event:ss_cat1,DRIVES,channel:V,,
event:ss_cat1,DRIVES,channel:Tcw,,
event:ss_cat1,DRIVES,channel:Tg,,
event:ss_cat2,DRIVES,channel:L,,
event:ss_cat2,DRIVES,channel:V,,
event:ss_cat2,DRIVES,channel:Tcw,,
event:ss_cat2,DRIVES,channel:Tg,,
event:ss_cat3,DRIVES,channel:L,,
event:ss_cat3,DRIVES,channel:V,,
event:ss_cat3,DRIVES,channel:Tcw,,
event:ss_cat3,DRIVES,channel:Tg,,
event:ss_cat4,DRIVES,channel:L,,
event:ss_cat4,DRIVES,channel:V,,
event:ss_cat4,DRIVES,channel:Tcw,,
event:ss_cat4,DRIVES,channel:Tg,,
event:ss_cat5,DRIVES,channel:L,,
event:ss_cat5,DRIVES,channel:V,,
event:ss_cat5,DRIVES,channel:Tcw,,
event:ss_cat5,DRIVES,channel:Tg,,
event:infa_2021_zhoushan,DRIVES,channel:L,,
event:infa_2021_zhoushan,DRIVES,channel:V,,
event:infa_2021_zhoushan,DRIVES,channel:Tcw,,
event:infa_2021_zhoushan,DRIVES,channel:Tg,,
event:doksuri_2023_jinjiang,DRIVES,channel:L,,
event:doksuri_2023_jinjiang,DRIVES,channel:V,,
event:doksuri_2023_jinjiang,DRIVES,channel:Tcw,,
event:doksuri_2023_jinjiang,DRIVES,channel:Tg,,
event:haiyan_2013_peak,DRIVES,channel:L,,
event:haiyan_2013_peak,DRIVES,channel:V,,
event:haiyan_2013_peak,DRIVES,channel:Tcw,,
event:haiyan_2013_peak,DRIVES,channel:Tg,,
event:meranti_2016_peak,DRIVES,channel:L,,
event:meranti_2016_peak,DRIVES,channel:V,,
event:meranti_2016_peak,DRIVES,channel:Tcw,,
event:meranti_2016_peak,DRIVES,channel:Tg,,
event:goni_2020_landfall,DRIVES,channel:L,,
event:goni_2020_landfall,DRIVES,channel:V,,
event:goni_2020_landfall,DRIVES,channel:Tcw,,
event:goni_2020_landfall,DRIVES,channel:Tg,,
event:tip_1979_peak,DRIVES,channel:L,,
event:tip_1979_peak,DRIVES,channel:V,,
event:tip_1979_peak,DRIVES,channel:Tcw,,
event:tip_1979_peak,DRIVES,channel:Tg,,
event:mangkhut_2018_peak,DRIVES,channel:L,,
event:mangkhut_2018_peak,DRIVES,channel:V,,
event:mangkhut_2018_peak,DRIVES,channel:Tcw,,
event:mangkhut_2018_peak,DRIVES,channel:Tg,,
event:lanyu_ryan_1995_gust,DRIVES,channel:L,,
event:lanyu_ryan_1995_gust,DRIVES,channel:V,,
event:lanyu_ryan_1995_gust,DRIVES,channel:Tcw,,
event:lanyu_ryan_1995_gust,DRIVES,channel:Tg,,
event:patricia_2015_peak,DRIVES,channel:L,,
event:patricia_2015_peak,DRIVES,channel:V,,
event:patricia_2015_peak,DRIVES,channel:Tcw,,
event:patricia_2015_peak,DRIVES,channel:Tg,,
event:dorian_2019_landfall,DRIVES,channel:L,,
event:dorian_2019_landfall,DRIVES,channel:V,,
event:dorian_2019_landfall,DRIVES,channel:Tcw,,
event:dorian_2019_landfall,DRIVES,channel:Tg,,
event:gustav_2008_cuba_gust,DRIVES,channel:L,,
event:gustav_2008_cuba_gust,DRIVES,channel:V,,
event:gustav_2008_cuba_gust,DRIVES,channel:Tcw,,
event:gustav_2008_cuba_gust,DRIVES,channel:Tg,,
event:amphan_2020_peak,DRIVES,channel:L,,
event:amphan_2020_peak,DRIVES,channel:V,,
event:amphan_2020_peak,DRIVES,channel:Tcw,,
event:amphan_2020_peak,DRIVES,channel:Tg,,
event:nargis_2008_peak,DRIVES,channel:L,,
event:nargis_2008_peak,DRIVES,channel:V,,
event:nargis_2008_peak,DRIVES,channel:Tcw,,
event:nargis_2008_peak,DRIVES,channel:Tg,,
event:bhola_1970_peak,DRIVES,channel:L,,
event:bhola_1970_peak,DRIVES,channel:V,,
event:bhola_1970_peak,DRIVES,channel:Tcw,,
event:bhola_1970_peak,DRIVES,channel:Tg,,
event:ef3_anchor,DRIVES,channel:L,,
event:ef3_anchor,DRIVES,channel:V,,
event:ef3_anchor,DRIVES,channel:Tcw,,
event:ef3_anchor,DRIVES,channel:Tg,,
event:ef4_anchor,DRIVES,channel:L,,
event:ef4_anchor,DRIVES,channel:V,,
event:ef4_anchor,DRIVES,channel:Tcw,,
event:ef4_anchor,DRIVES,channel:Tg,,
event:ef5_anchor,DRIVES,channel:L,,
event:ef5_anchor,DRIVES,channel:V,,
event:ef5_anchor,DRIVES,channel:Tcw,,
event:ef5_anchor,DRIVES,channel:Tg,,
event:funing_2016_ef4,DRIVES,channel:L,,
event:funing_2016_ef4,DRIVES,channel:V,,
event:funing_2016_ef4,DRIVES,channel:Tcw,,
event:funing_2016_ef4,DRIVES,channel:Tg,,
event:bridge_creek_1999_ref,DRIVES,channel:L,,
event:bridge_creek_1999_ref,DRIVES,channel:V,,
event:bridge_creek_1999_ref,DRIVES,channel:Tcw,,
event:bridge_creek_1999_ref,DRIVES,channel:Tg,,
event:dongfangzhixing_2015_downburst,DRIVES,channel:L,,
event:dongfangzhixing_2015_downburst,DRIVES,channel:V,,
event:dongfangzhixing_2015_downburst,DRIVES,channel:Tcw,,
event:dongfangzhixing_2015_downburst,DRIVES,channel:Tg,,
event:andrews_afb_1983_microburst,DRIVES,channel:L,,
event:andrews_afb_1983_microburst,DRIVES,channel:V,,
event:andrews_afb_1983_microburst,DRIVES,channel:Tcw,,
event:andrews_afb_1983_microburst,DRIVES,channel:Tg,,
event:midwest_derecho_2020,DRIVES,channel:L,,
event:midwest_derecho_2020,DRIVES,channel:V,,
event:midwest_derecho_2020,DRIVES,channel:Tcw,,
event:midwest_derecho_2020,DRIVES,channel:Tg,,
event:great_storm_1987,DRIVES,channel:L,,
event:great_storm_1987,DRIVES,channel:V,,
event:great_storm_1987,DRIVES,channel:Tcw,,
event:great_storm_1987,DRIVES,channel:Tg,,
event:lothar_1999,DRIVES,channel:L,,
event:lothar_1999,DRIVES,channel:V,,
event:lothar_1999,DRIVES,channel:Tcw,,
event:lothar_1999,DRIVES,channel:Tg,,
event:bora_adriatic,DRIVES,channel:L,,
event:bora_adriatic,DRIVES,channel:V,,
event:bora_adriatic,DRIVES,channel:Tcw,,
event:bora_adriatic,DRIVES,channel:Tg,,
event:mistral_strong,DRIVES,channel:L,,
event:mistral_strong,DRIVES,channel:V,,
event:mistral_strong,DRIVES,channel:Tcw,,
event:mistral_strong,DRIVES,channel:Tg,,
event:patagonia_westerlies,DRIVES,channel:L,,
event:patagonia_westerlies,DRIVES,channel:V,,
event:patagonia_westerlies,DRIVES,channel:Tcw,,
event:patagonia_westerlies,DRIVES,channel:Tg,,
event:xinjiang_baili_fengqu,DRIVES,channel:L,,
event:xinjiang_baili_fengqu,DRIVES,channel:V,,
event:xinjiang_baili_fengqu,DRIVES,channel:Tcw,,
event:xinjiang_baili_fengqu,DRIVES,channel:Tg,,
event:cape_denison_katabatic,DRIVES,channel:L,,
event:cape_denison_katabatic,DRIVES,channel:V,,
event:cape_denison_katabatic,DRIVES,channel:Tcw,,
event:cape_denison_katabatic,DRIVES,channel:Tg,,
event:thule_1972_gust,DRIVES,channel:L,,
event:thule_1972_gust,DRIVES,channel:V,,
event:thule_1972_gust,DRIVES,channel:Tcw,,
event:thule_1972_gust,DRIVES,channel:Tg,,
event:piteraq_tasiilaq,DRIVES,channel:L,,
event:piteraq_tasiilaq,DRIVES,channel:V,,
event:piteraq_tasiilaq,DRIVES,channel:Tcw,,
event:piteraq_tasiilaq,DRIVES,channel:Tg,,
event:barrow_olivia_1996,DRIVES,channel:L,,
event:barrow_olivia_1996,DRIVES,channel:V,,
event:barrow_olivia_1996,DRIVES,channel:Tcw,,
event:barrow_olivia_1996,DRIVES,channel:Tg,,
event:mt_washington_1934,DRIVES,channel:L,,
event:mt_washington_1934,DRIVES,channel:V,,
event:mt_washington_1934,DRIVES,channel:Tcw,,
event:mt_washington_1934,DRIVES,channel:Tg,,
deck,OUTPUTS,channel:L,,
deck,OUTPUTS,channel:V,,
deck,OUTPUTS,channel:Tcw,,
deck,OUTPUTS,channel:Tg,,
deck,FEEDS,atlas,,
deck,FEEDS,warning,,
deck,FEEDS,galloping,,
atlas,QUERIED_BY,warning,,
