mode,freq,station,x_mm,nid_plus,nid_minus,uY_L,uY_R,uZ_L,uZ_R,u_L,u_V,u_T,dUZ
1,0.03682163198030444,1,372853.0,80,14098,-3.535424085909641e-17,-3.735073111367319e-17,8.172220162444125e-18,-1.970610625297951e-18,-3.6352485986384796e-17,3.100804768573087e-18,2.3587978576144364e-22,1.0142830787742076e-17
1,0.03682163198030444,2,1272409.0,28469,51317,0.02119110565611426,0.02119113772372255,9.022805993831228e-06,-2.377706130522401e-06,0.021191121689918404,3.3225499316544133e-06,2.6512818893845647e-10,1.1400512124353629e-05
1,0.03682163198030444,3,1847909.0,28660,51508,0.0304443894315116,0.03044442791069659,2.907368604453123e-05,-2.175720759146152e-05,0.030444408671104095,3.6582392265348553e-06,1.1821138054882033e-09,5.0830893635992746e-05
1,0.03682163198030444,4,2423409.0,374,14392,0.0216731148034861,0.02167315419355388,1.061413389988385e-05,-2.761728788652822e-06,0.021673134498519993,3.926202555615514e-06,3.110665741520156e-10,1.3375862688536672e-05
1,0.03682163198030444,5,3361547.0,29176,52024,-7.158826685767578e-18,-5.038014875015285e-18,-4.23400130013828e-19,-1.141153057644287e-17,-6.098420780391432e-18,-5.91746535322835e-18,2.5553791735881495e-22,1.0988130446429042e-17
2,0.0715364090654666,1,372853.0,80,14098,7.638911591173036e-17,7.337441546033665e-17,-1.675213503883476e-17,5.845847202765041e-18,7.48817656860335e-17,-5.45314391803486e-18,-5.255344707348791e-22,-2.2597982241599803e-17
2,0.0715364090654666,2,1272409.0,28469,51317,-1.617867599816809e-06,1.618872241312671e-06,-0.02853840833332525,-0.0285546626305213,5.023207479310284e-10,-0.028546535481923277,3.7800691153603e-10,1.625429719604929e-05
2,0.0715364090654666,3,1847909.0,28660,51508,-4.511635848934344e-08,1.547216185858449e-08,-0.0005890283752769766,-0.0005891666809873492,-1.4822098315379475e-08,-0.0005890975281321629,3.216411869130297e-12,1.3830571037260278e-07
2,0.0715364090654666,4,2423409.0,374,14392,1.614885697360765e-06,-1.64764097766541e-06,0.02856432454593971,0.02858076730053733,-1.6377640152322524e-08,0.028572545923238518,-3.8238964180517275e-10,-1.6442754597622428e-05
2,0.0715364090654666,5,3361547.0,29176,52024,9.535421910147887e-17,9.511495134850029e-17,-5.478242057709808e-18,-8.33915069263001e-18,9.523458522498957e-17,-6.9086963751699095e-18,6.653275895163263e-23,2.860908634920203e-18
3,0.07335932292814104,1,372853.0,80,14098,-9.019224109749026e-17,-8.797174188113759e-17,2.894698826772313e-17,-1.775960531142465e-17,-8.908199148931392e-17,5.59369147814924e-18,1.0861998506778555e-21,4.6706593579147786e-17
3,0.07335932292814104,2,1272409.0,28469,51317,0.02221797477072078,0.02224495959663921,0.02378458714593951,-0.01856198850018011,0.022231467183679993,0.0026112993228796996,9.848040847934796e-07,0.04234657564611962
3,0.07335932292814104,3,1847909.0,28660,51508,0.0004488569701753794,0.0004494633814207902,0.0004863038161517765,-0.0003793596225527794,0.0004491601757980848,5.347209679949853e-05,2.0131707876850135e-08,0.0008656634387045559
3,0.07335932292814104,4,2423409.0,374,14392,-0.0222218640195618,-0.02224826835252521,-0.0238015330982635,0.01858330200452697,-0.022235066186043505,-0.0026091155468682663,-9.856938395997782e-07,-0.042384835102790466
3,0.07335932292814104,5,3361547.0,29176,52024,-2.149945346923668e-17,-1.653759741480954e-17,-5.585358005745452e-17,-1.07603058121262e-17,-1.9018525442023108e-17,-3.330694293479036e-17,-1.0486807964029843e-21,-4.5093274245328325e-17
4,0.0737995837805134,1,372853.0,80,14098,1.201838435425005e-16,1.188005342876144e-16,2.697232157643964e-17,-2.017119981352861e-17,1.1949218891505745e-16,3.4005608814555152e-18,1.0963609625574011e-21,4.714352138996825e-17
4,0.0737995837805134,2,1272409.0,28469,51317,-0.02087131109871086,-0.0208469754661293,0.0215937802128253,-0.01688714884533079,-0.020859143282420077,0.002353315683747255,8.949053269338626e-07,0.03848092905815609
4,0.0737995837805134,3,1847909.0,28660,51508,-0.0004241020914555619,-0.0004235542481848835,0.0004412624074040022,-0.0003446137519836102,-0.00042382816982022267,4.832432771019598e-05,1.8276189753200287e-08,0.0007858761593876124
4,0.0737995837805134,4,2423409.0,374,14392,0.02086587721774563,0.02084211397012569,-0.02160480578392035,0.01691034846343513,0.020853995593935658,-0.0023472286602426104,-8.957012615664065e-07,-0.03851515424735548
4,0.0737995837805134,5,3361547.0,29176,52024,1.999079867483613e-16,2.005992469484431e-16,-2.927582837159965e-17,2.257067060526821e-18,2.0025361684840221e-16,-1.3509380655536413e-17,-7.333231495843365e-22,-3.153289543212647e-17
5,0.1012865182550861,1,372853.0,80,14098,1.114883193200542e-16,1.109037997212265e-16,-2.026084790670798e-17,6.073660370829919e-18,1.1119605952064035e-16,-7.09359376793903e-18,-6.124304250590208e-22,-2.6334508277537898e-17
5,0.1012865182550861,2,1272409.0,28469,51317,-4.743395537668203e-07,4.917574173872903e-07,-0.005778796164220369,-0.005784628458973277,8.708931810234967e-09,-0.005781712311596823,1.3563476169552862e-10,5.832294752907731e-06
5,0.1012865182550861,3,1847909.0,28660,51508,4.626206251708113e-06,-4.633029746828807e-06,0.0410072087290948,0.04105777247428642,-3.4117475603467978e-09,0.04103249060169061,-1.175901050967912e-09,-5.056374519162021e-05
5,0.1012865182550861,4,2423409.0,374,14392,-2.697782101915419e-07,3.053412478881249e-07,-0.004309694295338009,-0.004313460847310229,1.7781518848291498e-08,-0.004311577571324119,8.759423191209768e-11,3.7665519722202e-06
5,0.1012865182550861,5,3361547.0,29176,52024,-1.654118587298939e-17,-1.056302090710524e-17,5.04907432511254e-17,-2.221892611749199e-17,-1.3552103390047314e-17,1.4135908566816708e-17,1.6909225434562184e-21,7.270966936861739e-17
6,0.1034122743116327,1,372853.0,80,14098,1.877678743221037e-16,1.883721039001041e-16,-1.423963218220667e-17,2.277082479444345e-17,1.880699891111039e-16,4.26559630611839e-18,-8.607083017825607e-22,-3.7010456976650115e-17
6,0.1034122743116327,2,1272409.0,28469,51317,-0.001272855814525748,-0.001278730511289688,-0.006046013608951729,0.004871493004277637,-0.001275793162907718,-0.0005872603023370461,-2.5389550263324104e-07,-0.010917506613229365
6,0.1034122743116327,3,1847909.0,28660,51508,0.004508125159498378,0.004562851602407567,0.04629818387298142,-0.03603338004342119,0.004535488380952973,0.005132401914780118,1.9146875329395956e-06,0.08233156391640262
6,0.1034122743116327,4,2423409.0,374,14392,-0.00108731931710038,-0.001090872032417273,-0.004391610867111382,0.003617848658836898,-0.0010890956747588265,-0.00038688110413724174,-1.8626650060344837e-07,-0.00800945952594828
6,0.1034122743116327,5,3361547.0,29176,52024,1.997371723650244e-16,1.926205855741455e-16,3.194056157287937e-17,3.021059297106891e-17,1.9617887896958495e-16,3.107557727197414e-17,4.0231827949080377e-23,1.7299686018104562e-18
7,0.1102736492993518,1,372853.0,80,14098,7.055949367346275e-16,7.036809084485281e-16,-9.046929273256266e-18,-3.991983132032006e-17,7.046379225915778e-16,-2.4483380296788166e-17,7.179744662107859e-22,3.0872902047063793e-17
7,0.1102736492993518,2,1272409.0,28469,51317,-0.02232657104766323,-0.02232679512720594,3.703497335651123e-05,-8.179467910050715e-05,-0.022326683087434587,-2.237985287199796e-05,2.7634802896981017e-09,0.00011882965245701838
7,0.1102736492993518,3,1847909.0,28660,51508,0.03027128687999412,0.03026910087043442,-0.00187650308309943,0.001467465578221135,0.03027019387521427,-0.00020451875243914744,-7.776671305396663e-08,-0.0033439686613205653
7,0.1102736492993518,4,2423409.0,374,14392,-0.02088360578340085,-0.02088396535531626,-3.030499670617192e-05,-3.996874589321561e-05,-0.020883785569358555,-3.513687129969377e-05,2.247383531870625e-10,9.663749187043687e-06
7,0.1102736492993518,5,3361547.0,29176,52024,1.152147280544305e-15,1.149216493221189e-15,-5.071248422655793e-17,-6.025624019512052e-17,1.1506818868827472e-15,-5.548436221083922e-17,2.2194781322238586e-22,9.543755968562592e-18
8,0.1162482984932418,1,372853.0,80,14098,-1.609259578841929e-16,-1.589927681897974e-16,4.446719001576281e-17,-4.024636890555464e-17,-1.5995936303699515e-16,2.1104105551040846e-18,1.9700827656120335e-21,8.471355892131744e-17
8,0.1162482984932418,2,1272409.0,28469,51317,4.481034091338801e-16,4.526658888357606e-16,4.834599003300566e-17,5.853100616204879e-17,4.503846489848204e-16,5.343849809752723e-17,-2.3686084021030543e-22,-1.0185016129043134e-17
8,0.1162482984932418,3,1847909.0,28660,51508,-6.093502029134786e-16,-6.423877883413689e-16,-2.633531898525127e-16,1.609101986794918e-16,-6.258689956274237e-16,-5.122149558651044e-17,-9.866590430976849e-21,-4.242633885320045e-16
8,0.1162482984932418,4,2423409.0,374,14392,5.189449461401562e-16,4.8971222632347e-16,5.532927466513818e-17,2.164993729549693e-17,5.043285862318131e-16,3.848960598031755e-17,7.832404039451453e-22,3.367933736964125e-17
8,0.1162482984932418,5,3361547.0,29176,52024,0.05451206599948787,0.05451354383403941,0.001187592395915896,-0.0008972906757987854,0.05451280491676364,0.00014515086005855533,4.848565283057399e-08,0.0020848830717146816
9,0.1248877970899216,1,372853.0,80,14098,0.0559631653811597,0.05596420938679542,0.0007060558025517511,-0.0005109270104683192,0.05596368738397756,9.756439604171593e-05,2.830192588418768e-08,0.0012169828130200702
9,0.1248877970899216,2,1272409.0,28469,51317,9.290448675124844e-17,1.163155893926889e-16,1.009938200934997e-16,1.681187465840974e-16,1.0461003807196866e-16,1.3455628333879855e-16,-1.5610448021069233e-21,-6.71249264905977e-17
9,0.1248877970899216,3,1847909.0,28660,51508,-3.27247080996137e-16,-3.678834109335086e-16,-3.148018469760967e-16,5.292644659626444e-17,-3.475652459648228e-16,-1.3093770018991613e-16,-8.551820780752584e-21,-3.677282935723611e-16
9,0.1248877970899216,4,2423409.0,374,14392,4.264043913768385e-16,4.036190812267631e-16,1.949656122053512e-16,1.012702822836818e-16,4.1501173630180084e-16,1.481179472445165e-16,2.1789611609690558e-21,9.36953299216694e-17
9,0.1248877970899216,5,3361547.0,29176,52024,4.042875267716508e-16,3.944757094075692e-16,-3.566582500794173e-16,1.647939621134073e-16,3.9938161808961e-16,-9.593214398300502e-17,-1.2126795632391269e-20,-5.214522121928246e-16
10,0.1354859267659523,1,372853.0,80,14098,-5.128064081948194e-18,6.412934485758004e-18,1.688869158948476e-16,-1.971500649075744e-16,6.42435201904905e-19,-1.4131574506363393e-17,8.512487925637721e-21,3.66036980802422e-16
10,0.1354859267659523,2,1272409.0,28469,51317,-2.773856145262378e-17,-2.363877494896954e-17,1.732839649082715e-16,-1.867512919161777e-16,-2.568866820079666e-17,-6.7336635039530944e-18,8.372912949405795e-21,3.600352568244492e-16
10,0.1354859267659523,3,1847909.0,28660,51508,-1.908318008539495e-16,-1.881954725882942e-16,-2.684346928232703e-17,3.712064577728426e-17,-1.8951363672112187e-16,5.138588247478615e-18,-1.487537559525844e-21,-6.396411505961129e-17
10,0.1354859267659523,4,2423409.0,374,14392,3.720730144054344e-17,5.122444727316235e-17,1.700686362741417e-16,-2.108756795601597e-16,4.4215874356852893e-17,-2.0403521643009002e-17,8.859170135681428e-21,3.809443158343014e-16
10,0.1354859267659523,5,3361547.0,29176,52024,9.989799865492807e-06,-9.423833502539157e-06,0.04658770584919956,0.04668168487140633,2.8298318147682487e-07,0.046634695360302944,-2.1855586559714446e-09,-9.397902220677212e-05
11,0.1378920508405773,1,372853.0,80,14098,-3.975176483486085e-16,-3.903213154278423e-16,-4.535904660428144e-17,-2.898687664343562e-17,-3.9391948188822544e-16,-3.717296162385853e-17,-3.807481386243215e-22,-1.6372169960845825e-17
11,0.1378920508405773,2,1272409.0,28469,51317,3.705201807521229e-17,3.274418403494121e-17,3.266607276972599e-16,-2.341978049184333e-16,3.489810105507675e-17,4.623146138941329e-17,1.3043221688737052e-20,5.608585326156932e-16
11,0.1378920508405773,3,1847909.0,28660,51508,-1.440003952244957e-17,-1.993270466138936e-17,5.371156925640905e-20,4.702433211739063e-17,-1.7166372091919465e-17,2.3539021843323518e-17,-1.0923400127473075e-21,-4.697062054813422e-17
11,0.1378920508405773,4,2423409.0,374,14392,7.891629004957988e-17,6.61604800036649e-17,2.832176778640456e-16,-2.543599672056084e-16,7.253838502662239e-17,1.4428855329218604e-17,1.250180569929428e-20,5.37577645069654e-16
11,0.1378920508405773,5,3361547.0,29176,52024,-0.002978847072955736,-0.003038716678328491,-0.0524470738241141,0.04086018243869334,-0.0030087818756421134,-0.00579344569271038,-2.1699361921583128e-06,-0.09330725626280745
12,0.1454033543774195,1,372853.0,80,14098,-1.479488070832861e-16,-1.495337543953534e-16,4.85331740389109e-16,1.910997192861792e-16,-1.4874128073931974e-16,3.382157298376441e-16,6.8426051419286e-21,2.942320211029298e-16
12,0.1454033543774195,2,1272409.0,28469,51317,8.73152475594959e-06,-9.970310396094011e-06,0.03373505265371662,0.03383933431855175,-6.193928200722106e-07,0.03378719348613418,-2.425154996165955e-09,-0.00010428166483513607
12,0.1454033543774195,3,1847909.0,28660,51508,7.710780616093844e-07,-9.646841535190684e-07,0.002340097393394579,0.002348204185421302,-9.680304595484203e-08,0.0023441507894079406,-1.8853004713309763e-10,-8.106792026723198e-06
12,0.1454033543774195,4,2423409.0,374,14392,9.040185896080196e-06,-1.034122267381447e-05,0.03375932020767594,0.0338643152348831,-6.505183888671366e-07,0.033811817721279516,-2.4417448187710874e-09,-0.00010499502720715675
12,0.1454033543774195,5,3361547.0,29176,52024,-2.627084576590135e-16,-2.578367087664889e-16,-1.454945815259849e-17,2.327094790367432e-17,-2.6027258321275123e-16,4.360744875537916e-18,-8.795443268900654e-22,-3.782040605627281e-17
13,0.1466344413291045,1,372853.0,80,14098,2.436326421021575e-16,2.427983520928891e-16,-8.318259870931972e-17,2.628551373425409e-17,2.432154970975233e-16,-2.8448542487532814e-17,-2.545770056827298e-21,-1.094681124435738e-16
13,0.1466344413291045,2,1272409.0,28469,51317,6.903597817347324e-06,6.311179744969112e-06,0.001275350742106324,0.001133788010746629,6.607388781158218e-06,0.0012045693764264765,3.2921565432487223e-09,0.00014156273135969505
13,0.1466344413291045,3,1847909.0,28660,51508,7.114552253281187e-07,1.275078358596307e-06,-0.001206348876483765,-0.00121939502025585,9.93266791962213e-07,-0.0012128719483698075,3.033986923740701e-10,1.3046143772085014e-05
13,0.1466344413291045,4,2423409.0,374,14392,7.046512342975834e-06,6.438660662479526e-06,0.001864058753789453,0.001726656400816593,6.74258650272768e-06,0.0017953575773030231,3.1954035575083708e-09,0.00013740235297285994
13,0.1466344413291045,5,3361547.0,29176,52024,9.089304234804345e-17,9.58199913686557e-17,-4.263785354392071e-16,-3.00242286420723e-16,9.335651685834958e-17,-3.6331041092996505e-16,-2.9334011399647458e-21,-1.2613624901848408e-16
14,0.1467079911685052,1,372853.0,80,14098,3.733101565144673e-16,3.768050400968391e-16,4.911092222467522e-17,7.649909830410255e-17,3.750575983056532e-16,6.280501026438889e-17,-6.369343274285425e-22,-2.7388176079427326e-17
14,0.1467079911685052,2,1272409.0,28469,51317,-0.001550625368898353,-0.001549685952213921,0.0007792304099920595,-0.0006042112277664202,-0.001550155660556137,8.750959111281965e-05,3.217306134322046e-08,0.0013834416377584797
14,0.1467079911685052,3,1847909.0,28660,51508,0.001222511932617205,0.00122287144569127,0.0002765189915012406,-0.0002104988925616589,0.0012226916891542375,3.301004946979085e-05,1.132599730378836e-08,0.0004870178840628995
14,0.1467079911685052,4,2423409.0,374,14392,-0.001016157456035437,-0.001015314135750251,0.0006845687940592469,-0.000506500006841078,-0.001015735795892844,8.90343936090845e-05,2.7699274439542436e-08,0.0011910688009003248
14,0.1467079911685052,5,3361547.0,29176,52024,6.432860399670314e-17,5.67679685237196e-17,2.938731521214758e-16,-1.646918560074049e-16,6.054828626021137e-17,6.459064805703545e-17,1.0664302514625133e-20,4.585650081288807e-16
15,0.1467200923182837,1,372853.0,80,14098,-5.891493210282765e-18,-1.193794483646039e-17,-1.955483666706549e-16,5.573826630320042e-18,-8.914719023371578e-18,-9.498727002016743e-17,-4.677260309324998e-21,-2.0112219330097493e-16
15,0.1467200923182837,2,1272409.0,28469,51317,0.003177166906228062,0.003223531290291608,0.03803520140189433,-0.02911310009817382,0.003200349098259835,0.004461050651860254,1.561588406978329e-06,0.06714830150006815
15,0.1467200923182837,3,1847909.0,28660,51508,0.000380525867913387,0.0003841195400870174,0.002622796114658242,-0.001941953211178275,0.0003823227040002022,0.00034042145173998346,1.061569610659655e-07,0.0045647493258365165
15,0.1467200923182837,4,2423409.0,374,14392,0.003193857832161624,0.003240127765024915,0.03808838312959332,-0.02903820262917581,0.0032169927985932698,0.004525090250208754,1.561083389738817e-06,0.06712658575876913
15,0.1467200923182837,5,3361547.0,29176,52024,6.199025664464563e-17,6.126421892579985e-17,3.045478368870246e-16,-3.802518608572055e-16,6.162723778522274e-17,-3.7852011985090466e-17,1.5925574366144887e-20,6.847996977442301e-16
16,0.1496722928109748,1,372853.0,80,14098,6.614607730342112e-17,6.119252722777991e-17,-2.908214780638449e-16,-2.166592314317699e-16,6.366930226560052e-17,-2.5374035474780737e-16,-1.7247034100482554e-21,-7.416224663207499e-17
16,0.1496722928109748,2,1272409.0,28469,51317,-0.0001394813696468786,-0.0001384021474978266,0.001161606418918685,-0.0009070328503146199,-0.0001389417585723526,0.00012728678430203255,4.8107889982169885e-08,0.002068639269233305
16,0.1496722928109748,3,1847909.0,28660,51508,8.322598532990593e-05,8.158090049860671e-05,-0.001354079996584231,0.001056131648850517,8.240344291425631e-05,-0.00014897417386685696,-5.6051433614761583e-08,-0.002410211645434748
16,0.1496722928109748,4,2423409.0,374,14392,-2.74576644781671e-05,-2.480384652060885e-05,0.001964496921193745,-0.001530654519695462,-2.6130755499387973e-05,0.0002169212007491415,8.128259164858622e-08,0.0034951514408892072
16,0.1496722928109748,5,3361547.0,29176,52024,2.364722814728417e-16,2.238935742354279e-16,4.221291863395941e-16,-1.116955475127913e-17,2.301829278541348e-16,2.0547981579415749e-16,1.0076714909090076e-20,4.3329874109087324e-16
17,0.1658844741072497,1,372853.0,80,14098,1.628727932527429e-05,-1.813419264685071e-05,0.05240072521711499,0.05259556787259311,-9.234566607882104e-07,0.052498146544854046,-4.531224546002879e-09,-0.0001948426554781238
17,0.1658844741072497,2,1272409.0,28469,51317,-8.377849683707093e-17,-1.058783270104149e-16,-7.379532848665114e-17,-1.776647126862209e-16,-9.482841192374292e-17,-1.25730020586436e-16,2.415567074408599e-21,1.0386938419956976e-16
17,0.1658844741072497,3,1847909.0,28660,51508,-3.874698673922977e-17,-4.061576372797354e-17,-2.090821052079291e-16,-4.787946217360542e-17,-3.9681375233601655e-17,-1.2848078369076727e-16,-3.74889867521683e-21,-1.6120264303432367e-16
17,0.1658844741072497,4,2423409.0,374,14392,4.395575193054529e-17,5.278534889608906e-17,7.746810257929297e-17,-1.836261657105011e-16,4.837055041331717e-17,-5.307903156560406e-17,6.071959727669629e-21,2.6109426828979407e-16
17,0.1658844741072497,5,3361547.0,29176,52024,1.742166768850492e-16,1.428776030239868e-16,3.09721006176456e-17,-3.147662162012839e-18,1.58547139954518e-16,1.391221922781638e-17,7.934828553408941e-22,3.4119762779658445e-17
18,0.1674678547659484,1,372853.0,80,14098,-1.19219202571048e-16,-1.166412493901331e-16,-3.555354728615276e-15,3.259250417189114e-15,-1.1793022598059055e-16,-1.4805215571308087e-16,-1.584791894373114e-19,-6.81460514580439e-15
18,0.1674678547659484,2,1272409.0,28469,51317,3.817563229207671e-16,4.477753064685375e-16,3.620655618580242e-16,3.756398472511694e-16,4.1476581469465225e-16,3.688527045545968e-16,-3.1568105565453976e-22,-1.357428539314521e-17
18,0.1674678547659484,3,1847909.0,28660,51508,-4.382821557641103e-16,-5.939872931487027e-16,-1.140759956037276e-15,-8.005819465286823e-16,-5.161347244564065e-16,-9.706709512829792e-16,-7.911116500199854e-21,-3.401780095085937e-16
18,0.1674678547659484,4,2423409.0,374,14392,1.776275899423884e-16,1.205788214976157e-16,-2.171163631985001e-16,4.64834109760697e-16,1.4910320572000204e-16,1.2385887328109848e-16,-1.585931332463249e-20,-6.819504729591971e-16
18,0.1674678547659484,5,3361547.0,29176,52024,0.0001014860360217156,0.0001030027144108864,0.001326039592266653,-0.001031564853743923,0.000102244375216301,0.00014723736926136502,5.482801037233897e-08,0.002357604446010576
19,0.168030832661081,1,372853.0,80,14098,0.004202596947510772,0.004269542926190993,0.05874812978955352,-0.04571031328969503,0.004236069936850883,0.006518908249929248,2.4292661181220595e-06,0.10445844307924855
19,0.168030832661081,2,1272409.0,28469,51317,9.958554506030845e-17,8.245783374206163e-17,1.467185827459569e-17,-4.66439099376034e-17,9.102168940118504e-17,-1.5986025831503853e-17,1.4259480979581181e-21,6.131576821219908e-17
19,0.168030832661081,3,1847909.0,28660,51508,-1.233931715896932e-16,-1.290529634015048e-16,5.194164706009392e-17,1.217502822736775e-19,-1.26223067495599e-16,2.60316986711838e-17,1.205113878553959e-21,5.181989677782024e-17
19,0.168030832661081,4,2423409.0,374,14392,-7.050160804541306e-17,-8.211948667008355e-17,-1.424723521923086e-17,-1.072878757491502e-16,-7.631054735774831e-17,-6.076755548419053e-17,2.163735826277194e-21,9.304064052991935e-17
19,0.168030832661081,5,3361547.0,29176,52024,-1.817452290021929e-16,-1.886923285279363e-16,7.849988636877022e-17,-2.800073068598103e-16,-1.852187787650646e-16,-1.0075371024552005e-16,8.337376586711175e-21,3.5850719322858054e-16
20,0.1833701470867523,1,372853.0,80,14098,-1.874138039801613e-16,-1.896057613755716e-16,4.079126161647683e-16,3.338242047157206e-17,-1.8850978267786646e-16,2.2064751831817017e-16,8.710004551004563e-21,3.7453019569319624e-16
20,0.1833701470867523,2,1272409.0,28469,51317,-0.01994381381870025,-0.01994512557824488,-0.0008445406452695789,0.0005812767647835906,-0.019944469698472564,-0.0001316319402429942,-3.315854441984115e-08,-0.0014258174100531696
20,0.1833701470867523,3,1847909.0,28660,51508,0.03086047849009215,0.03086380486418384,0.002728332457589442,-0.002102269773903423,0.030862141677137994,0.0003130313418430095,1.1233958677890383e-07,0.004830602231492865
20,0.1833701470867523,4,2423409.0,374,14392,-0.02237849333341436,-0.02238012352029152,-0.001042367579266201,0.0007179093970284937,-0.022379308426852942,-0.00016222909111885363,-4.093667386731848e-08,-0.0017602769762946947
20,0.1833701470867523,5,3361547.0,29176,52024,6.731708950112929e-17,5.414239586955059e-17,-1.269574770103212e-16,1.264831146847211e-17,6.072974268533994e-17,-5.715458277092454e-17,-3.246646243692868e-21,-1.3960578847879333e-16
21,0.1875398384529541,1,372853.0,80,14098,-7.704065908081616e-18,-3.347204700718494e-17,-2.655882618264962e-15,-2.132501537847438e-15,-2.058805645763328e-17,-2.3941920780562e-15,-1.2171653032965674e-20,-5.23381080417524e-16
21,0.1875398384529541,2,1272409.0,28469,51317,-3.338520398729687e-06,3.116698144324129e-06,-0.01177012256449504,-0.01181101993388291,-1.1091112720277915e-07,-0.011790571249188975,9.511016136713734e-10,4.089736938786906e-05
21,0.1875398384529541,3,1847909.0,28660,51508,1.382077869263282e-05,-1.301287353370026e-05,0.03415115266029148,0.03429236266146213,4.0395257946627967e-07,0.0342217576608768,-3.283953515596503e-09,-0.00014121000117064963
21,0.1875398384529541,4,2423409.0,374,14392,-4.157062223622099e-06,3.722725923929382e-06,-0.01429836500780796,-0.01434794857211136,-2.171681498463587e-07,-0.01432315678995966,1.1531061465906922e-09,4.958356430339976e-05
21,0.1875398384529541,5,3361547.0,29176,52024,-1.386895752760356e-16,-6.821893084680642e-17,1.199650944399376e-15,6.631923652832348e-16,-1.03454253061421e-16,9.314216548413054e-16,1.2475780909677703e-20,5.364585791161412e-16
22,0.1909612081647425,1,372853.0,80,14098,1.025225481745431e-15,8.048504382815706e-16,-8.952218072414949e-17,-7.16922362132049e-15,9.15037960013501e-16,-3.62937290102232e-15,1.6464421954875213e-19,7.079701440596341e-15
22,0.1909612081647425,2,1272409.0,28469,51317,0.0005437223483112917,0.000529395483073985,-0.01384072988606921,0.01111089586325527,0.0005365589156926384,-0.0013649170114069702,-5.802703662633601e-07,-0.024951625749324483
22,0.1909612081647425,3,1847909.0,28660,51508,0.000642897420930281,0.0006881754193670568,0.03819877140927883,-0.02970644434860696,0.0006655364201486689,0.004246163530335936,1.579191064136879e-06,0.0679052157578858
22,0.1909612081647425,4,2423409.0,374,14392,0.0005139789327522276,0.0004970310174601342,-0.01664886804650662,0.01337855795604811,0.0005055049751061808,-0.0016351550452292545,-6.983122326175519e-07,-0.03002742600255473
22,0.1909612081647425,5,3361547.0,29176,52024,1.974589759756651e-16,1.857515865275663e-16,2.774450501848019e-15,2.226192497989096e-15,1.9160528125161572e-16,2.5003214999185573e-15,1.275018613625402e-20,5.482580038589229e-16
23,0.1975332435292743,1,372853.0,80,14098,-2.820946602608823e-15,-2.33011511939987e-15,-1.750912674563012e-14,5.388758969173885e-16,-2.5755308610043463e-15,-8.485125424356367e-15,-4.1972099168715136e-19,-1.804800264254751e-14
23,0.1975332435292743,2,1272409.0,28469,51317,3.354790031740221e-15,8.746938305886713e-15,9.196978802366038e-15,8.187955767270134e-15,6.050864168813467e-15,8.692467284818086e-15,2.3465651978974503e-20,1.0090230350959036e-15
23,0.1975332435292743,3,1847909.0,28660,51508,1.146678889930713e-15,-1.979382350293869e-16,-3.073874892287009e-15,-2.107661284428434e-14,4.743703274506631e-16,-1.2075243868285675e-14,4.186683244650542e-19,1.800273795199733e-14
23,0.1975332435292743,4,2423409.0,374,14392,-3.147537600653081e-15,1.067294335913505e-15,-1.171372653151808e-14,1.836259889673387e-14,-1.040121632369788e-15,3.3244361826078944e-15,-6.994494285639988e-19,-3.007632542825195e-14
23,0.1975332435292743,5,3361547.0,29176,52024,1.1376602177711e-05,-1.090304253685618e-05,0.02452081363675203,0.0246343383886972,2.367798204274095e-07,0.024577576012724617,-2.640110510352862e-09,-0.00011352475194517306
24,0.2001839267397145,1,372853.0,80,14098,2.330378511922879e-16,8.444274072612413e-17,-1.187356568762048e-14,-9.264748712612182e-15,1.5874029595920601e-16,-1.0569157200116331e-14,-6.067016220949529e-20,-2.6088169750082974e-15
24,0.2001839267397145,2,1272409.0,28469,51317,1.8997755697409e-15,2.162337299750909e-15,-3.960870113069653e-15,-2.587953357773164e-15,2.0310564347459045e-15,-3.2744117354214083e-15,-3.192829663480206e-20,-1.3729167552964887e-15
24,0.2001839267397145,3,1847909.0,28660,51508,-3.37358644447671e-16,-6.998864544834967e-16,4.144090771851976e-15,-4.811786836872479e-15,-5.186225494655839e-16,-3.338480325102513e-16,2.0827622345870828e-19,8.955877608724456e-15
24,0.2001839267397145,4,2423409.0,374,14392,4.247495282981593e-16,-1.622503882757261e-15,-1.533002288814247e-15,6.272458985884791e-15,-5.988771772295509e-16,2.3697283485352717e-15,-1.8152235522555901e-19,-7.805461274699038e-15
24,0.2001839267397145,5,3361547.0,29176,52024,0.002422757569891472,0.002453777930480172,0.02677971526857927,-0.0207890794095163,0.002438267750185822,0.002995317929531484,1.1062510390254784e-06,0.04756879467809557
25,0.2202740825132177,1,372853.0,80,14098,6.842798560418996e-15,5.189759140275827e-15,-5.57134629185599e-14,-1.82520858604598e-13,6.0162788503474114e-15,-1.1911716076157895e-13,2.9490092020008858e-18,1.2680739568603809e-13
25,0.2202740825132177,2,1272409.0,28469,51317,-0.03052765041347234,-0.0305341358900472,-0.004614084903750065,0.003347224282033274,-0.030530893151759768,-0.0006334303108583956,-1.8514672525077535e-07,-0.00796130918578334
25,0.2202740825132177,3,1847909.0,28660,51508,0.001864998663822568,0.001865368125806334,0.0002766802936049227,-0.0002082891642687015,0.001865183394814451,3.419556466811062e-05,1.1278359485433122e-08,0.00048496945787362424
25,0.2202740825132177,4,2423409.0,374,14392,0.0303403188216627,0.03034700271999917,0.004645464995276649,-0.003323822731538843,0.030343660770830935,0.0006608211318689028,1.8533227271663933e-07,0.007969287726815492
25,0.2202740825132177,5,3361547.0,29176,52024,1.935191480217081e-15,3.080893430141712e-15,4.049657743068698e-14,3.592745970236245e-14,2.5080424551793964e-15,3.821201856652471e-14,1.062585518215008e-19,4.569117728324534e-15
