local_node_index,q_mm,r_mm,z_mm,role
0,0.000000000000,750.000000000000,0.000000000000,LT:N001
1,0.000000000000,0.000000000000,1700.000000000000,LT:N002
2,0.000000000000,1500.000000000000,1700.000000000000,LT:N003
3,150.000000000000,0.000000000000,1700.000000000000,LT:N004
4,150.000000000000,1500.000000000000,1700.000000000000,LT:N005
5,600.000000000000,750.000000000000,0.000000000000,LT:N006
6,600.000000000000,0.000000000000,1700.000000000000,LT:N007
7,600.000000000000,1500.000000000000,1700.000000000000,LT:N008
8,1360.000000000000,750.000000000000,0.000000000000,LT:N009
9,1360.000000000000,0.000000000000,1700.000000000000,LT:N010
10,1360.000000000000,1500.000000000000,1700.000000000000,LT:N011
11,2435.000000000000,0.000000000000,1700.000000000000,LT:N012
12,2435.000000000000,1500.000000000000,1700.000000000000,LT:N013
13,3510.000000000000,750.000000000000,0.000000000000,LT:N014
14,3510.000000000000,0.000000000000,1700.000000000000,LT:N015
15,3510.000000000000,1500.000000000000,1700.000000000000,LT:N016
16,4585.000000000000,0.000000000000,1700.000000000000,LT:N017
17,4585.000000000000,1500.000000000000,1700.000000000000,LT:N018
18,5660.000000000000,750.000000000000,0.000000000000,LT:N019
19,5660.000000000000,0.000000000000,1700.000000000000,LT:N020
20,5660.000000000000,375.000000000000,1700.000000000000,LT:N021
21,5660.000000000000,750.000000000000,1700.000000000000,LT:N022
22,5660.000000000000,1125.000000000000,1700.000000000000,LT:N023
23,5660.000000000000,1500.000000000000,1700.000000000000,LT:N024
24,6430.000000000000,750.000000000000,0.000000000000,LT:N025
25,6430.000000000000,0.000000000000,1700.000000000000,LT:N026
26,6430.000000000000,1500.000000000000,1700.000000000000,LT:N027
27,6700.000000000000,750.000000000000,0.000000000000,LT:N028
28,6700.000000000000,0.000000000000,1700.000000000000,LT:N029
29,6700.000000000000,375.000000000000,1700.000000000000,LT:N030
30,6700.000000000000,750.000000000000,1700.000000000000,LT:N031
31,6700.000000000000,1125.000000000000,1700.000000000000,LT:N032
32,6700.000000000000,1500.000000000000,1700.000000000000,LT:N033
33,6600.000000000000,750.000000000000,0.000000000000,M1:N001
34,6600.000000000000,0.000000000000,1700.000000000000,M1:N002
35,6600.000000000000,375.000000000000,1700.000000000000,M1:N003
36,6600.000000000000,750.000000000000,1700.000000000000,M1:N004
37,6600.000000000000,1125.000000000000,1700.000000000000,M1:N005
38,6600.000000000000,1500.000000000000,1700.000000000000,M1:N006
39,6870.000000000000,750.000000000000,0.000000000000,M1:N007
40,6870.000000000000,0.000000000000,1700.000000000000,M1:N008
41,6870.000000000000,1500.000000000000,1700.000000000000,M1:N009
42,7995.000000000000,750.000000000000,0.000000000000,M1:N010
43,9120.000000000000,0.000000000000,1700.000000000000,M1:N011
44,9120.000000000000,1500.000000000000,1700.000000000000,M1:N012
45,10245.000000000000,750.000000000000,0.000000000000,M1:N013
46,11370.000000000000,0.000000000000,1700.000000000000,M1:N014
47,11370.000000000000,1500.000000000000,1700.000000000000,M1:N015
48,12495.000000000000,750.000000000000,0.000000000000,M1:N016
49,13620.000000000000,0.000000000000,1700.000000000000,M1:N017
50,13620.000000000000,1500.000000000000,1700.000000000000,M1:N018
51,14745.000000000000,750.000000000000,0.000000000000,M1:N019
52,15870.000000000000,750.000000000000,0.000000000000,M1:N020
53,15870.000000000000,0.000000000000,1700.000000000000,M1:N021
54,15870.000000000000,1500.000000000000,1700.000000000000,M1:N022
55,16140.000000000000,750.000000000000,0.000000000000,M1:N023|M2:N001
56,16140.000000000000,0.000000000000,1700.000000000000,M1:N024|M2:N002
57,16140.000000000000,375.000000000000,1700.000000000000,M1:N025|M2:N003
58,16140.000000000000,750.000000000000,1700.000000000000,M1:N026|M2:N004
59,16140.000000000000,1125.000000000000,1700.000000000000,M1:N027|M2:N005
60,16140.000000000000,1500.000000000000,1700.000000000000,M1:N028|M2:N006
61,16410.000000000000,750.000000000000,0.000000000000,M2:N007
62,16410.000000000000,0.000000000000,1700.000000000000,M2:N008
63,16410.000000000000,1500.000000000000,1700.000000000000,M2:N009
64,17535.000000000000,750.000000000000,0.000000000000,M2:N010
65,18660.000000000000,0.000000000000,1700.000000000000,M2:N011
66,18660.000000000000,1500.000000000000,1700.000000000000,M2:N012
67,19785.000000000000,750.000000000000,0.000000000000,M2:N013
68,20910.000000000000,0.000000000000,1700.000000000000,M2:N014
69,20910.000000000000,1500.000000000000,1700.000000000000,M2:N015
70,22035.000000000000,750.000000000000,0.000000000000,M2:N016
71,23160.000000000000,0.000000000000,1700.000000000000,M2:N017
72,23160.000000000000,1500.000000000000,1700.000000000000,M2:N018
73,24285.000000000000,750.000000000000,0.000000000000,M2:N019
74,25410.000000000000,750.000000000000,0.000000000000,M2:N020
75,25410.000000000000,0.000000000000,1700.000000000000,M2:N021
76,25410.000000000000,1500.000000000000,1700.000000000000,M2:N022
77,25680.000000000000,750.000000000000,0.000000000000,AD:N001|M2:N023
78,25680.000000000000,0.000000000000,1700.000000000000,AD:N002|M2:N024
79,25680.000000000000,375.000000000000,1700.000000000000,AD:N003|M2:N025
80,25680.000000000000,750.000000000000,1700.000000000000,AD:N004|M2:N026
81,25680.000000000000,1125.000000000000,1700.000000000000,AD:N005|M2:N027
82,25680.000000000000,1500.000000000000,1700.000000000000,AD:N006|M2:N028
83,25950.000000000000,750.000000000000,0.000000000000,AD:N007
84,25950.000000000000,0.000000000000,1700.000000000000,AD:N008
85,25950.000000000000,1500.000000000000,1700.000000000000,AD:N009
86,27275.000000000000,750.000000000000,0.000000000000,AD:N010
87,28600.000000000000,0.000000000000,1700.000000000000,AD:N011
88,28600.000000000000,1500.000000000000,1700.000000000000,AD:N012
89,29630.000000000000,750.000000000000,0.000000000000,AD:N013
90,30660.000000000000,0.000000000000,1700.000000000000,AD:N014
91,30660.000000000000,1500.000000000000,1700.000000000000,AD:N015
92,31985.000000000000,750.000000000000,0.000000000000,AD:N016
93,33310.000000000000,750.000000000000,0.000000000000,AD:N017
94,33310.000000000000,0.000000000000,1700.000000000000,AD:N018
95,33310.000000000000,1500.000000000000,1700.000000000000,AD:N019
96,33580.000000000000,750.000000000000,0.000000000000,AD:N020|M3:N001
97,33580.000000000000,0.000000000000,1700.000000000000,AD:N021|M3:N002
98,33580.000000000000,375.000000000000,1700.000000000000,AD:N022|M3:N003
99,33580.000000000000,750.000000000000,1700.000000000000,AD:N023|M3:N004
100,33580.000000000000,1125.000000000000,1700.000000000000,AD:N024|M3:N005
101,33580.000000000000,1500.000000000000,1700.000000000000,AD:N025|M3:N006
102,33850.000000000000,750.000000000000,0.000000000000,M3:N007
103,33850.000000000000,0.000000000000,1700.000000000000,M3:N008
104,33850.000000000000,1500.000000000000,1700.000000000000,M3:N009
105,34975.000000000000,750.000000000000,0.000000000000,M3:N010
106,36100.000000000000,0.000000000000,1700.000000000000,M3:N011
107,36100.000000000000,1500.000000000000,1700.000000000000,M3:N012
108,37225.000000000000,750.000000000000,0.000000000000,M3:N013
109,38350.000000000000,0.000000000000,1700.000000000000,M3:N014
110,38350.000000000000,1500.000000000000,1700.000000000000,M3:N015
111,39475.000000000000,750.000000000000,0.000000000000,M3:N016
112,40600.000000000000,0.000000000000,1700.000000000000,M3:N017
113,40600.000000000000,1500.000000000000,1700.000000000000,M3:N018
114,41725.000000000000,750.000000000000,0.000000000000,M3:N019
115,42850.000000000000,750.000000000000,0.000000000000,M3:N020
116,42850.000000000000,0.000000000000,1700.000000000000,M3:N021
117,42850.000000000000,1500.000000000000,1700.000000000000,M3:N022
118,43120.000000000000,750.000000000000,0.000000000000,M3:N023
119,43120.000000000000,0.000000000000,1700.000000000000,M3:N024
120,43120.000000000000,375.000000000000,1700.000000000000,M3:N025
121,43120.000000000000,750.000000000000,1700.000000000000,M3:N026
122,43120.000000000000,1125.000000000000,1700.000000000000,M3:N027
123,43120.000000000000,1500.000000000000,1700.000000000000,M3:N028
124,49720.000000000000,750.000000000000,0.000000000000,RT:N001
125,49720.000000000000,1500.000000000000,1700.000000000000,RT:N002
126,49720.000000000000,0.000000000000,1700.000000000000,RT:N003
127,49570.000000000000,1500.000000000000,1700.000000000000,RT:N004
128,49570.000000000000,0.000000000000,1700.000000000000,RT:N005
129,49120.000000000000,750.000000000000,0.000000000000,RT:N006
130,49120.000000000000,1500.000000000000,1700.000000000000,RT:N007
131,49120.000000000000,0.000000000000,1700.000000000000,RT:N008
132,48360.000000000000,750.000000000000,0.000000000000,RT:N009
133,48360.000000000000,1500.000000000000,1700.000000000000,RT:N010
134,48360.000000000000,0.000000000000,1700.000000000000,RT:N011
135,47285.000000000000,1500.000000000000,1700.000000000000,RT:N012
136,47285.000000000000,0.000000000000,1700.000000000000,RT:N013
137,46210.000000000000,750.000000000000,0.000000000000,RT:N014
138,46210.000000000000,1500.000000000000,1700.000000000000,RT:N015
139,46210.000000000000,0.000000000000,1700.000000000000,RT:N016
140,45135.000000000000,1500.000000000000,1700.000000000000,RT:N017
141,45135.000000000000,0.000000000000,1700.000000000000,RT:N018
142,44060.000000000000,750.000000000000,0.000000000000,RT:N019
143,44060.000000000000,1500.000000000000,1700.000000000000,RT:N020
144,44060.000000000000,1125.000000000000,1700.000000000000,RT:N021
145,44060.000000000000,750.000000000000,1700.000000000000,RT:N022
146,44060.000000000000,375.000000000000,1700.000000000000,RT:N023
147,44060.000000000000,0.000000000000,1700.000000000000,RT:N024
148,43290.000000000000,750.000000000000,0.000000000000,RT:N025
149,43290.000000000000,1500.000000000000,1700.000000000000,RT:N026
150,43290.000000000000,0.000000000000,1700.000000000000,RT:N027
151,43020.000000000000,750.000000000000,0.000000000000,RT:N028
152,43020.000000000000,1500.000000000000,1700.000000000000,RT:N029
153,43020.000000000000,1125.000000000000,1700.000000000000,RT:N030
154,43020.000000000000,750.000000000000,1700.000000000000,RT:N031
155,43020.000000000000,375.000000000000,1700.000000000000,RT:N032
156,43020.000000000000,0.000000000000,1700.000000000000,RT:N033
157,740.000000000000,0.000000000000,1700.000000000000,DEDICATED_GATE_TOP_CHORD_INTERFACE:CAD_X=-24120.000:R=0
158,740.000000000000,1500.000000000000,1700.000000000000,DEDICATED_GATE_TOP_CHORD_INTERFACE:CAD_X=-24120.000:R=1500
159,1000.000000000000,0.000000000000,1700.000000000000,DEDICATED_GATE_TOP_CHORD_INTERFACE:CAD_X=-23860.000:R=0
160,1000.000000000000,1500.000000000000,1700.000000000000,DEDICATED_GATE_TOP_CHORD_INTERFACE:CAD_X=-23860.000:R=1500
161,1260.000000000000,0.000000000000,1700.000000000000,DEDICATED_GATE_TOP_CHORD_INTERFACE:CAD_X=-23600.000:R=0
162,1260.000000000000,1500.000000000000,1700.000000000000,DEDICATED_GATE_TOP_CHORD_INTERFACE:CAD_X=-23600.000:R=1500
163,1520.000000000000,0.000000000000,1700.000000000000,DEDICATED_GATE_TOP_CHORD_INTERFACE:CAD_X=-23340.000:R=0
164,1520.000000000000,1500.000000000000,1700.000000000000,DEDICATED_GATE_TOP_CHORD_INTERFACE:CAD_X=-23340.000:R=1500
165,1780.000000000000,0.000000000000,1700.000000000000,DEDICATED_GATE_TOP_CHORD_INTERFACE:CAD_X=-23080.000:R=0
166,1780.000000000000,1500.000000000000,1700.000000000000,DEDICATED_GATE_TOP_CHORD_INTERFACE:CAD_X=-23080.000:R=1500
167,2040.000000000000,0.000000000000,1700.000000000000,DEDICATED_GATE_TOP_CHORD_INTERFACE:CAD_X=-22820.000:R=0
168,2040.000000000000,1500.000000000000,1700.000000000000,DEDICATED_GATE_TOP_CHORD_INTERFACE:CAD_X=-22820.000:R=1500
169,2300.000000000000,0.000000000000,1700.000000000000,DEDICATED_GATE_TOP_CHORD_INTERFACE:CAD_X=-22560.000:R=0
170,2300.000000000000,1500.000000000000,1700.000000000000,DEDICATED_GATE_TOP_CHORD_INTERFACE:CAD_X=-22560.000:R=1500
171,2560.000000000000,0.000000000000,1700.000000000000,DEDICATED_GATE_TOP_CHORD_INTERFACE:CAD_X=-22300.000:R=0
172,2560.000000000000,1500.000000000000,1700.000000000000,DEDICATED_GATE_TOP_CHORD_INTERFACE:CAD_X=-22300.000:R=1500
173,4260.000000000000,0.000000000000,1700.000000000000,DEDICATED_GATE_TOP_CHORD_INTERFACE:CAD_X=-20600.000:R=0
174,4260.000000000000,1500.000000000000,1700.000000000000,DEDICATED_GATE_TOP_CHORD_INTERFACE:CAD_X=-20600.000:R=1500
175,4520.000000000000,0.000000000000,1700.000000000000,DEDICATED_GATE_TOP_CHORD_INTERFACE:CAD_X=-20340.000:R=0
176,4520.000000000000,1500.000000000000,1700.000000000000,DEDICATED_GATE_TOP_CHORD_INTERFACE:CAD_X=-20340.000:R=1500
177,4780.000000000000,0.000000000000,1700.000000000000,DEDICATED_GATE_TOP_CHORD_INTERFACE:CAD_X=-20080.000:R=0
178,4780.000000000000,1500.000000000000,1700.000000000000,DEDICATED_GATE_TOP_CHORD_INTERFACE:CAD_X=-20080.000:R=1500
179,5040.000000000000,0.000000000000,1700.000000000000,DEDICATED_GATE_TOP_CHORD_INTERFACE:CAD_X=-19820.000:R=0
180,5040.000000000000,1500.000000000000,1700.000000000000,DEDICATED_GATE_TOP_CHORD_INTERFACE:CAD_X=-19820.000:R=1500
181,5300.000000000000,0.000000000000,1700.000000000000,DEDICATED_GATE_TOP_CHORD_INTERFACE:CAD_X=-19560.000:R=0
182,5300.000000000000,1500.000000000000,1700.000000000000,DEDICATED_GATE_TOP_CHORD_INTERFACE:CAD_X=-19560.000:R=1500
183,5560.000000000000,0.000000000000,1700.000000000000,DEDICATED_GATE_TOP_CHORD_INTERFACE:CAD_X=-19300.000:R=0
184,5560.000000000000,1500.000000000000,1700.000000000000,DEDICATED_GATE_TOP_CHORD_INTERFACE:CAD_X=-19300.000:R=1500
185,5820.000000000000,0.000000000000,1700.000000000000,DEDICATED_GATE_TOP_CHORD_INTERFACE:CAD_X=-19040.000:R=0
186,5820.000000000000,1500.000000000000,1700.000000000000,DEDICATED_GATE_TOP_CHORD_INTERFACE:CAD_X=-19040.000:R=1500
187,6080.000000000000,0.000000000000,1700.000000000000,DEDICATED_GATE_TOP_CHORD_INTERFACE:CAD_X=-18780.000:R=0
188,6080.000000000000,1500.000000000000,1700.000000000000,DEDICATED_GATE_TOP_CHORD_INTERFACE:CAD_X=-18780.000:R=1500
189,43640.000000000000,0.000000000000,1700.000000000000,DEDICATED_GATE_TOP_CHORD_INTERFACE:CAD_X=18780.000:R=0
190,43640.000000000000,1500.000000000000,1700.000000000000,DEDICATED_GATE_TOP_CHORD_INTERFACE:CAD_X=18780.000:R=1500
191,43900.000000000000,0.000000000000,1700.000000000000,DEDICATED_GATE_TOP_CHORD_INTERFACE:CAD_X=19040.000:R=0
192,43900.000000000000,1500.000000000000,1700.000000000000,DEDICATED_GATE_TOP_CHORD_INTERFACE:CAD_X=19040.000:R=1500
193,44160.000000000000,0.000000000000,1700.000000000000,DEDICATED_GATE_TOP_CHORD_INTERFACE:CAD_X=19300.000:R=0
194,44160.000000000000,1500.000000000000,1700.000000000000,DEDICATED_GATE_TOP_CHORD_INTERFACE:CAD_X=19300.000:R=1500
195,44420.000000000000,0.000000000000,1700.000000000000,DEDICATED_GATE_TOP_CHORD_INTERFACE:CAD_X=19560.000:R=0
196,44420.000000000000,1500.000000000000,1700.000000000000,DEDICATED_GATE_TOP_CHORD_INTERFACE:CAD_X=19560.000:R=1500
197,44680.000000000000,0.000000000000,1700.000000000000,DEDICATED_GATE_TOP_CHORD_INTERFACE:CAD_X=19820.000:R=0
198,44680.000000000000,1500.000000000000,1700.000000000000,DEDICATED_GATE_TOP_CHORD_INTERFACE:CAD_X=19820.000:R=1500
199,44940.000000000000,0.000000000000,1700.000000000000,DEDICATED_GATE_TOP_CHORD_INTERFACE:CAD_X=20080.000:R=0
200,44940.000000000000,1500.000000000000,1700.000000000000,DEDICATED_GATE_TOP_CHORD_INTERFACE:CAD_X=20080.000:R=1500
201,45200.000000000000,0.000000000000,1700.000000000000,DEDICATED_GATE_TOP_CHORD_INTERFACE:CAD_X=20340.000:R=0
202,45200.000000000000,1500.000000000000,1700.000000000000,DEDICATED_GATE_TOP_CHORD_INTERFACE:CAD_X=20340.000:R=1500
203,45460.000000000000,0.000000000000,1700.000000000000,DEDICATED_GATE_TOP_CHORD_INTERFACE:CAD_X=20600.000:R=0
204,45460.000000000000,1500.000000000000,1700.000000000000,DEDICATED_GATE_TOP_CHORD_INTERFACE:CAD_X=20600.000:R=1500
205,47160.000000000000,0.000000000000,1700.000000000000,DEDICATED_GATE_TOP_CHORD_INTERFACE:CAD_X=22300.000:R=0
206,47160.000000000000,1500.000000000000,1700.000000000000,DEDICATED_GATE_TOP_CHORD_INTERFACE:CAD_X=22300.000:R=1500
207,47420.000000000000,0.000000000000,1700.000000000000,DEDICATED_GATE_TOP_CHORD_INTERFACE:CAD_X=22560.000:R=0
208,47420.000000000000,1500.000000000000,1700.000000000000,DEDICATED_GATE_TOP_CHORD_INTERFACE:CAD_X=22560.000:R=1500
209,47680.000000000000,0.000000000000,1700.000000000000,DEDICATED_GATE_TOP_CHORD_INTERFACE:CAD_X=22820.000:R=0
210,47680.000000000000,1500.000000000000,1700.000000000000,DEDICATED_GATE_TOP_CHORD_INTERFACE:CAD_X=22820.000:R=1500
211,47940.000000000000,0.000000000000,1700.000000000000,DEDICATED_GATE_TOP_CHORD_INTERFACE:CAD_X=23080.000:R=0
212,47940.000000000000,1500.000000000000,1700.000000000000,DEDICATED_GATE_TOP_CHORD_INTERFACE:CAD_X=23080.000:R=1500
213,48200.000000000000,0.000000000000,1700.000000000000,DEDICATED_GATE_TOP_CHORD_INTERFACE:CAD_X=23340.000:R=0
214,48200.000000000000,1500.000000000000,1700.000000000000,DEDICATED_GATE_TOP_CHORD_INTERFACE:CAD_X=23340.000:R=1500
215,48460.000000000000,0.000000000000,1700.000000000000,DEDICATED_GATE_TOP_CHORD_INTERFACE:CAD_X=23600.000:R=0
216,48460.000000000000,1500.000000000000,1700.000000000000,DEDICATED_GATE_TOP_CHORD_INTERFACE:CAD_X=23600.000:R=1500
217,48720.000000000000,0.000000000000,1700.000000000000,DEDICATED_GATE_TOP_CHORD_INTERFACE:CAD_X=23860.000:R=0
218,48720.000000000000,1500.000000000000,1700.000000000000,DEDICATED_GATE_TOP_CHORD_INTERFACE:CAD_X=23860.000:R=1500
219,48980.000000000000,0.000000000000,1700.000000000000,DEDICATED_GATE_TOP_CHORD_INTERFACE:CAD_X=24120.000:R=0
220,48980.000000000000,1500.000000000000,1700.000000000000,DEDICATED_GATE_TOP_CHORD_INTERFACE:CAD_X=24120.000:R=1500
221,6430.000000000000,375.000000000000,1700.000000000000,AUTO_INTERSECTION:LT:TAIL-M03-04|LT:TAIL-M14-01
222,6430.000000000000,750.000000000000,1700.000000000000,AUTO_INTERSECTION:LT:TAIL-M03-04|LT:TAIL-M14-02
223,6430.000000000000,1125.000000000000,1700.000000000000,AUTO_INTERSECTION:LT:TAIL-M03-04|LT:TAIL-M14-03
224,3510.000000000000,750.000000000000,1700.000000000000,AUTO_INTERSECTION:LT:TAIL-M11-01|LT:TAIL-M13-02
225,6237.500000000000,375.000000000000,1700.000000000000,AUTO_INTERSECTION:LT:TAIL-M12-01|LT:TAIL-M14-01
226,6045.000000000000,750.000000000000,1700.000000000000,AUTO_INTERSECTION:LT:TAIL-M12-01|LT:TAIL-M14-02
227,5852.500000000000,1125.000000000000,1700.000000000000,AUTO_INTERSECTION:LT:TAIL-M12-01|LT:TAIL-M14-03
228,6870.000000000000,375.000000000000,1700.000000000000,AUTO_INTERSECTION:M1:MID-M03-01|M1:MID-M07-01
229,6870.000000000000,750.000000000000,1700.000000000000,AUTO_INTERSECTION:M1:MID-M03-01|M1:MID-M07-02
230,6870.000000000000,1125.000000000000,1700.000000000000,AUTO_INTERSECTION:M1:MID-M03-01|M1:MID-M07-03
231,15870.000000000000,375.000000000000,1700.000000000000,AUTO_INTERSECTION:M1:MID-M03-02|M1:MID-M07-01
232,15870.000000000000,750.000000000000,1700.000000000000,AUTO_INTERSECTION:M1:MID-M03-02|M1:MID-M07-02
233,15870.000000000000,1125.000000000000,1700.000000000000,AUTO_INTERSECTION:M1:MID-M03-02|M1:MID-M07-03
234,7432.500000000000,375.000000000000,1700.000000000000,AUTO_INTERSECTION:M1:MID-M05-01|M1:MID-M07-01
235,7995.000000000000,750.000000000000,1700.000000000000,AUTO_INTERSECTION:M1:MID-M05-01|M1:MID-M07-02
236,8557.500000000000,1125.000000000000,1700.000000000000,AUTO_INTERSECTION:M1:MID-M05-01|M1:MID-M07-03
237,10807.500000000000,375.000000000000,1700.000000000000,AUTO_INTERSECTION:M1:MID-M05-02|M1:MID-M07-01
238,10245.000000000000,750.000000000000,1700.000000000000,AUTO_INTERSECTION:M1:MID-M05-02|M1:MID-M07-02
239,9682.500000000000,1125.000000000000,1700.000000000000,AUTO_INTERSECTION:M1:MID-M05-02|M1:MID-M07-03
240,11932.500000000000,375.000000000000,1700.000000000000,AUTO_INTERSECTION:M1:MID-M05-03|M1:MID-M07-01
241,12495.000000000000,750.000000000000,1700.000000000000,AUTO_INTERSECTION:M1:MID-M05-03|M1:MID-M07-02
242,13057.500000000000,1125.000000000000,1700.000000000000,AUTO_INTERSECTION:M1:MID-M05-03|M1:MID-M07-03
243,15307.500000000000,375.000000000000,1700.000000000000,AUTO_INTERSECTION:M1:MID-M05-04|M1:MID-M07-01
244,14745.000000000000,750.000000000000,1700.000000000000,AUTO_INTERSECTION:M1:MID-M05-04|M1:MID-M07-02
245,14182.500000000000,1125.000000000000,1700.000000000000,AUTO_INTERSECTION:M1:MID-M05-04|M1:MID-M07-03
246,9120.000000000000,375.000000000000,1700.000000000000,AUTO_INTERSECTION:M1:MID-M06-01|M1:MID-M07-01
247,9120.000000000000,750.000000000000,1700.000000000000,AUTO_INTERSECTION:M1:MID-M06-01|M1:MID-M07-02
248,9120.000000000000,1125.000000000000,1700.000000000000,AUTO_INTERSECTION:M1:MID-M06-01|M1:MID-M07-03
249,11370.000000000000,375.000000000000,1700.000000000000,AUTO_INTERSECTION:M1:MID-M06-02|M1:MID-M07-01
250,11370.000000000000,750.000000000000,1700.000000000000,AUTO_INTERSECTION:M1:MID-M06-02|M1:MID-M07-02
251,11370.000000000000,1125.000000000000,1700.000000000000,AUTO_INTERSECTION:M1:MID-M06-02|M1:MID-M07-03
252,13620.000000000000,375.000000000000,1700.000000000000,AUTO_INTERSECTION:M1:MID-M06-03|M1:MID-M07-01
253,13620.000000000000,750.000000000000,1700.000000000000,AUTO_INTERSECTION:M1:MID-M06-03|M1:MID-M07-02
254,13620.000000000000,1125.000000000000,1700.000000000000,AUTO_INTERSECTION:M1:MID-M06-03|M1:MID-M07-03
255,16410.000000000000,375.000000000000,1700.000000000000,AUTO_INTERSECTION:M2:MID-M03-01|M2:MID-M07-01
256,16410.000000000000,750.000000000000,1700.000000000000,AUTO_INTERSECTION:M2:MID-M03-01|M2:MID-M07-02
257,16410.000000000000,1125.000000000000,1700.000000000000,AUTO_INTERSECTION:M2:MID-M03-01|M2:MID-M07-03
258,25410.000000000000,375.000000000000,1700.000000000000,AUTO_INTERSECTION:M2:MID-M03-02|M2:MID-M07-01
259,25410.000000000000,750.000000000000,1700.000000000000,AUTO_INTERSECTION:M2:MID-M03-02|M2:MID-M07-02
260,25410.000000000000,1125.000000000000,1700.000000000000,AUTO_INTERSECTION:M2:MID-M03-02|M2:MID-M07-03
261,16972.500000000000,375.000000000000,1700.000000000000,AUTO_INTERSECTION:M2:MID-M05-01|M2:MID-M07-01
262,17535.000000000000,750.000000000000,1700.000000000000,AUTO_INTERSECTION:M2:MID-M05-01|M2:MID-M07-02
263,18097.500000000000,1125.000000000000,1700.000000000000,AUTO_INTERSECTION:M2:MID-M05-01|M2:MID-M07-03
264,20347.500000000000,375.000000000000,1700.000000000000,AUTO_INTERSECTION:M2:MID-M05-02|M2:MID-M07-01
265,19785.000000000000,750.000000000000,1700.000000000000,AUTO_INTERSECTION:M2:MID-M05-02|M2:MID-M07-02
266,19222.500000000000,1125.000000000000,1700.000000000000,AUTO_INTERSECTION:M2:MID-M05-02|M2:MID-M07-03
267,21472.500000000000,375.000000000000,1700.000000000000,AUTO_INTERSECTION:M2:MID-M05-03|M2:MID-M07-01
268,22035.000000000000,750.000000000000,1700.000000000000,AUTO_INTERSECTION:M2:MID-M05-03|M2:MID-M07-02
269,22597.500000000000,1125.000000000000,1700.000000000000,AUTO_INTERSECTION:M2:MID-M05-03|M2:MID-M07-03
270,24847.500000000000,375.000000000000,1700.000000000000,AUTO_INTERSECTION:M2:MID-M05-04|M2:MID-M07-01
271,24285.000000000000,750.000000000000,1700.000000000000,AUTO_INTERSECTION:M2:MID-M05-04|M2:MID-M07-02
272,23722.500000000000,1125.000000000000,1700.000000000000,AUTO_INTERSECTION:M2:MID-M05-04|M2:MID-M07-03
273,18660.000000000000,375.000000000000,1700.000000000000,AUTO_INTERSECTION:M2:MID-M06-01|M2:MID-M07-01
274,18660.000000000000,750.000000000000,1700.000000000000,AUTO_INTERSECTION:M2:MID-M06-01|M2:MID-M07-02
275,18660.000000000000,1125.000000000000,1700.000000000000,AUTO_INTERSECTION:M2:MID-M06-01|M2:MID-M07-03
276,20910.000000000000,375.000000000000,1700.000000000000,AUTO_INTERSECTION:M2:MID-M06-02|M2:MID-M07-01
277,20910.000000000000,750.000000000000,1700.000000000000,AUTO_INTERSECTION:M2:MID-M06-02|M2:MID-M07-02
278,20910.000000000000,1125.000000000000,1700.000000000000,AUTO_INTERSECTION:M2:MID-M06-02|M2:MID-M07-03
279,23160.000000000000,375.000000000000,1700.000000000000,AUTO_INTERSECTION:M2:MID-M06-03|M2:MID-M07-01
280,23160.000000000000,750.000000000000,1700.000000000000,AUTO_INTERSECTION:M2:MID-M06-03|M2:MID-M07-02
281,23160.000000000000,1125.000000000000,1700.000000000000,AUTO_INTERSECTION:M2:MID-M06-03|M2:MID-M07-03
282,25950.000000000000,375.000000000000,1700.000000000000,AUTO_INTERSECTION:AD:ADJ-M03-01|AD:ADJ-M09-01
283,25950.000000000000,750.000000000000,1700.000000000000,AUTO_INTERSECTION:AD:ADJ-M03-01|AD:ADJ-M09-02
284,25950.000000000000,1125.000000000000,1700.000000000000,AUTO_INTERSECTION:AD:ADJ-M03-01|AD:ADJ-M09-03
285,33310.000000000000,375.000000000000,1700.000000000000,AUTO_INTERSECTION:AD:ADJ-M03-02|AD:ADJ-M09-01
286,33310.000000000000,750.000000000000,1700.000000000000,AUTO_INTERSECTION:AD:ADJ-M03-02|AD:ADJ-M09-02
287,33310.000000000000,1125.000000000000,1700.000000000000,AUTO_INTERSECTION:AD:ADJ-M03-02|AD:ADJ-M09-03
288,26612.500000000000,375.000000000000,1700.000000000000,AUTO_INTERSECTION:AD:ADJ-M06-01|AD:ADJ-M09-01
289,27275.000000000000,750.000000000000,1700.000000000000,AUTO_INTERSECTION:AD:ADJ-M06-01|AD:ADJ-M09-02
290,27937.500000000000,1125.000000000000,1700.000000000000,AUTO_INTERSECTION:AD:ADJ-M06-01|AD:ADJ-M09-03
291,31322.500000000000,375.000000000000,1700.000000000000,AUTO_INTERSECTION:AD:ADJ-M06-02|AD:ADJ-M09-01
292,31985.000000000000,750.000000000000,1700.000000000000,AUTO_INTERSECTION:AD:ADJ-M06-02|AD:ADJ-M09-02
293,32647.500000000000,1125.000000000000,1700.000000000000,AUTO_INTERSECTION:AD:ADJ-M06-02|AD:ADJ-M09-03
294,30145.000000000000,375.000000000000,1700.000000000000,AUTO_INTERSECTION:AD:ADJ-M07-01|AD:ADJ-M09-01
295,29630.000000000000,750.000000000000,1700.000000000000,AUTO_INTERSECTION:AD:ADJ-M07-01|AD:ADJ-M09-02
296,29115.000000000000,1125.000000000000,1700.000000000000,AUTO_INTERSECTION:AD:ADJ-M07-01|AD:ADJ-M09-03
297,28600.000000000000,375.000000000000,1700.000000000000,AUTO_INTERSECTION:AD:ADJ-M08-01|AD:ADJ-M09-01
298,28600.000000000000,750.000000000000,1700.000000000000,AUTO_INTERSECTION:AD:ADJ-M08-01|AD:ADJ-M09-02
299,28600.000000000000,1125.000000000000,1700.000000000000,AUTO_INTERSECTION:AD:ADJ-M08-01|AD:ADJ-M09-03
300,30660.000000000000,375.000000000000,1700.000000000000,AUTO_INTERSECTION:AD:ADJ-M08-02|AD:ADJ-M09-01
301,30660.000000000000,750.000000000000,1700.000000000000,AUTO_INTERSECTION:AD:ADJ-M08-02|AD:ADJ-M09-02
302,30660.000000000000,1125.000000000000,1700.000000000000,AUTO_INTERSECTION:AD:ADJ-M08-02|AD:ADJ-M09-03
303,33850.000000000000,375.000000000000,1700.000000000000,AUTO_INTERSECTION:M3:MID-M03-01|M3:MID-M07-01
304,33850.000000000000,750.000000000000,1700.000000000000,AUTO_INTERSECTION:M3:MID-M03-01|M3:MID-M07-02
305,33850.000000000000,1125.000000000000,1700.000000000000,AUTO_INTERSECTION:M3:MID-M03-01|M3:MID-M07-03
306,42850.000000000000,375.000000000000,1700.000000000000,AUTO_INTERSECTION:M3:MID-M03-02|M3:MID-M07-01
307,42850.000000000000,750.000000000000,1700.000000000000,AUTO_INTERSECTION:M3:MID-M03-02|M3:MID-M07-02
308,42850.000000000000,1125.000000000000,1700.000000000000,AUTO_INTERSECTION:M3:MID-M03-02|M3:MID-M07-03
309,34412.500000000000,375.000000000000,1700.000000000000,AUTO_INTERSECTION:M3:MID-M05-01|M3:MID-M07-01
310,34975.000000000000,750.000000000000,1700.000000000000,AUTO_INTERSECTION:M3:MID-M05-01|M3:MID-M07-02
311,35537.500000000000,1125.000000000000,1700.000000000000,AUTO_INTERSECTION:M3:MID-M05-01|M3:MID-M07-03
312,37787.500000000000,375.000000000000,1700.000000000000,AUTO_INTERSECTION:M3:MID-M05-02|M3:MID-M07-01
313,37225.000000000000,750.000000000000,1700.000000000000,AUTO_INTERSECTION:M3:MID-M05-02|M3:MID-M07-02
314,36662.500000000000,1125.000000000000,1700.000000000000,AUTO_INTERSECTION:M3:MID-M05-02|M3:MID-M07-03
315,38912.500000000000,375.000000000000,1700.000000000000,AUTO_INTERSECTION:M3:MID-M05-03|M3:MID-M07-01
316,39475.000000000000,750.000000000000,1700.000000000000,AUTO_INTERSECTION:M3:MID-M05-03|M3:MID-M07-02
317,40037.500000000000,1125.000000000000,1700.000000000000,AUTO_INTERSECTION:M3:MID-M05-03|M3:MID-M07-03
318,42287.500000000000,375.000000000000,1700.000000000000,AUTO_INTERSECTION:M3:MID-M05-04|M3:MID-M07-01
319,41725.000000000000,750.000000000000,1700.000000000000,AUTO_INTERSECTION:M3:MID-M05-04|M3:MID-M07-02
320,41162.500000000000,1125.000000000000,1700.000000000000,AUTO_INTERSECTION:M3:MID-M05-04|M3:MID-M07-03
321,36100.000000000000,375.000000000000,1700.000000000000,AUTO_INTERSECTION:M3:MID-M06-01|M3:MID-M07-01
322,36100.000000000000,750.000000000000,1700.000000000000,AUTO_INTERSECTION:M3:MID-M06-01|M3:MID-M07-02
323,36100.000000000000,1125.000000000000,1700.000000000000,AUTO_INTERSECTION:M3:MID-M06-01|M3:MID-M07-03
324,38350.000000000000,375.000000000000,1700.000000000000,AUTO_INTERSECTION:M3:MID-M06-02|M3:MID-M07-01
325,38350.000000000000,750.000000000000,1700.000000000000,AUTO_INTERSECTION:M3:MID-M06-02|M3:MID-M07-02
326,38350.000000000000,1125.000000000000,1700.000000000000,AUTO_INTERSECTION:M3:MID-M06-02|M3:MID-M07-03
327,40600.000000000000,375.000000000000,1700.000000000000,AUTO_INTERSECTION:M3:MID-M06-03|M3:MID-M07-01
328,40600.000000000000,750.000000000000,1700.000000000000,AUTO_INTERSECTION:M3:MID-M06-03|M3:MID-M07-02
329,40600.000000000000,1125.000000000000,1700.000000000000,AUTO_INTERSECTION:M3:MID-M06-03|M3:MID-M07-03
330,43290.000000000000,1125.000000000000,1700.000000000000,AUTO_INTERSECTION:RT:TAIL-M03-04|RT:TAIL-M14-01
331,43290.000000000000,750.000000000000,1700.000000000000,AUTO_INTERSECTION:RT:TAIL-M03-04|RT:TAIL-M14-02
332,43290.000000000000,375.000000000000,1700.000000000000,AUTO_INTERSECTION:RT:TAIL-M03-04|RT:TAIL-M14-03
333,46210.000000000000,750.000000000000,1700.000000000000,AUTO_INTERSECTION:RT:TAIL-M11-01|RT:TAIL-M13-02
334,43482.500000000000,1125.000000000000,1700.000000000000,AUTO_INTERSECTION:RT:TAIL-M12-01|RT:TAIL-M14-01
335,43675.000000000000,750.000000000000,1700.000000000000,AUTO_INTERSECTION:RT:TAIL-M12-01|RT:TAIL-M14-02
336,43867.500000000000,375.000000000000,1700.000000000000,AUTO_INTERSECTION:RT:TAIL-M12-01|RT:TAIL-M14-03
