      1.,  0.3123734794894795E-05,  0.3327243587236262E-07,  0.3219583944398633E-06,  0.4533772175799173E-06,  0.5086764030118425E-08,  0.8810250710166716E-07,  0.1520260492395459E-07,  0.1065149190217450E-01,  0.1030684150799385E+00,  0.1451394716097167E+00,  0.1628423782464459E-02,  0.2820422119241860E-01,  0.4866803977341683E-02,  0.9169999239478833E-06,  0.2935588275440544E+00
      2.,  0.1273625403117023E-03,  0.1045940524328387E-05,  0.2251455893866546E-05,  0.4516624098317877E-05,  0.8733189205060012E-07,  0.3892213278086899E-06,  0.2599145030469074E-06,  0.8212308907851488E-02,  0.1767753601927550E-01,  0.3546273564632159E-01,  0.6856952745828349E-03,  0.3056011028487058E-02,  0.2040745280447472E-02,  0.8550488239419008E-05,  0.6713503215696595E-01
      3.,  0.4553921453853404E-03,  0.2984016901108708E-04,  0.4973916730248688E-05,  0.1038137201609433E-03,  0.1561831673447209E-04,  0.2140806296498060E-03,  0.2733142149736957E-05,  0.6552631465752916E-01,  0.1092227167431686E-01,  0.2279655484024629E+00,  0.3429641220811197E-01,  0.4701017174300554E+00,  0.6001733181902483E-02,  0.3710598944362941E-03,  0.8148139975543788E+00
      4.,  0.4026677578123871E-03,  0.2501436125112098E-04,  0.1836145416624687E-04,  0.8926295494242540E-04,  0.1359796111837905E-04,  0.1906596330961382E-03,  0.2323731337832292E-05,  0.6212158973695578E-01,  0.4559951426456628E-01,  0.2216789231583206E+00,  0.3376967948030912E-01,  0.4734911832324337E+00,  0.5770840333620592E-02,  0.3392200959121428E-03,  0.8424317302062059E+00
      5.,  0.2774961764328513E-01,  0.2006014029727205E-05,  0.5041714996629592E-05,  0.1895959892138941E-04,  0.2275681690075117E-06,  0.1534440819849684E-05,  0.1095543255724208E-05,  0.7228978991761427E-04,  0.1816859266833750E-03,  0.6832382040398047E-03,  0.8200767734274665E-05,  0.5529592658084746E-04,  0.3947958021646140E-04,  0.2886488019232761E-04,  0.1040190195172377E-02
      6.,  0.3062346639734904E-01,  0.3427336419293219E-04,  0.7021175518043486E-04,  0.1053749974886803E-03,  0.1501019546078534E-04,  0.2041249378301031E-03,  0.2818401719563673E-05,  0.1119186304653581E-02,  0.2292743553894762E-02,  0.3440988558297313E-02,  0.4901533766956152E-03,  0.6665637886368522E-02,  0.9203405267692529E-04,  0.4318136518724995E-03,  0.1410074373258672E-01
      7.,  0.1269756245808723E-03,  0.8515842562414390E-06,  0.1757614892581377E-04,  0.5560558045654385E-05,  0.1066505257868591E-06,  0.1488861413122128E-05,  0.2086196797268762E-06,  0.6706675072892077E-02,  0.1384214409957031E+00,  0.4379232678719999E-01,  0.8399291292237907E-03,  0.1172556873050743E-01,  0.1642989986585998E-02,  0.2579242284634546E-04,  0.2031289307021124E+00
      8.,  0.1043670987358157E-03,  0.2814935983074065E-05,  0.6142730212042553E-04,  0.3378596186173923E-05,  0.1527251771690140E-06,  0.1095147524117589E-05,  0.1429597890621323E-06,  0.2697148830590287E-01,  0.5885696054071250E+00,  0.3237223442155997E-01,  0.1463346006729640E-02,  0.1049322571368717E-01,  0.1369778318970101E-02,  0.6901166678002225E-04,  0.6612396781739748E+00
      9.,  0.1327538647322206E-03,  0.4347309900050422E-05,  0.8728277002106530E-04,  0.4650053422688722E-05,  0.1872064142741450E-06,  0.1275422943864193E-05,  0.1962963830498803E-06,  0.3274714381249413E-01,  0.6574781848884353E+00,  0.3502763126383099E-01,  0.1410176755695672E-02,  0.9607426092165857E-02,  0.1478649103329926E-02,  0.9793905908499266E-04,  0.7377492119159519E+00
     10.,  0.4852288458723376E-01,  0.4354504646495626E-06,  0.4972113116622385E-05,  0.5234071735243103E-04,  0.6360822660056789E-06,  0.4259152838671570E-05,  0.3026253672343271E-05,  0.8974125680156462E-05,  0.1024694463018494E-03,  0.1078681075902106E-02,  0.1310891286485945E-04,  0.8777616736726617E-04,  0.6236755498125250E-04,  0.6566976971072349E-04,  0.1353377283097490E-02
     11.,  0.5146565081018637E-01,  0.7362184507646222E-04,  0.8651581551475361E-04,  0.2440350665317975E-03,  0.3567644548009563E-04,  0.4897043774220238E-03,  0.6490204248293680E-05,  0.1430504499942913E-02,  0.1681039958745259E-02,  0.4741707579524026E-02,  0.6932088668552181E-03,  0.9515169238374787E-02,  0.1261074939522401E-03,  0.9360437542734265E-03,  0.1818773763739445E-01
     12.,  0.2914776573932999E+00,  0.1213391227168177E-05,  0.9655531595655318E-05,  0.7717239959650596E-04,  0.8305767356502720E-06,  0.6152905074207977E-05,  0.4491956703526914E-05,  0.4162896182230907E-05,  0.3312614655272465E-04,  0.2647626589518484E-03,  0.2849538256476203E-05,  0.2110935407274003E-04,  0.1541098121790439E-04,  0.9951676093271463E-04,  0.3414215752339246E-03
     13.,  0.3944372399484401E-03,  0.4294479244442526E-05,  0.1216214870223535E-04,  0.8057873893657005E-04,  0.9756485962562966E-06,  0.6572021656074936E-05,  0.4651294877736614E-05,  0.1088761103034767E-01,  0.3083417961200914E-01,  0.2042878581827191E+00,  0.2473520493105142E-02,  0.1666176767927393E-01,  0.1179223056713565E-01,  0.1092343320133158E-03,  0.2769371675645906E+00
     14.,  0.3102097495820179E-03,  0.3799162061898270E-05,  0.3602163546620890E-04,  0.1640136327107129E-04,  0.8526634089420503E-06,  0.9305027531458705E-05,  0.5906389500245114E-06,  0.1224707497755093E-01,  0.1161202557777281E+00,  0.5287184975059867E-01,  0.2748667345532963E-02,  0.2999592225581712E-01,  0.1903998668063621E-02,  0.6697049068960373E-04,  0.2158877687752914E+00
     15.,  0.2940609082280112E+00,  0.9147912386447556E-04,  0.6556645430037384E-03,  0.2252683204143156E-03,  0.3129598439312667E-04,  0.4288123189505859E-03,  0.5882932759425060E-05,  0.3110890339546383E-03,  0.2229689580144207E-02,  0.7660600716081760E-03,  0.1064268779611472E-03,  0.1458243197079736E-02,  0.2000583074736172E-04,  0.1438403223385667E-02,  0.4891514591495265E-02
     16.,  0.1026162674663459E-02,  0.6118496656504017E-04,  0.3392428848090198E-04,  0.1989370091298150E-03,  0.2872575091546596E-04,  0.3932095885016079E-03,  0.5348416978780027E-05,  0.5962501665255602E-01,  0.3305936701705488E-01,  0.1938649826598483E+00,  0.2799336949659261E-01,  0.3831844581859939E+00,  0.5212055662163016E-02,  0.7213300205716110E-03,  0.7029392496742087E+00
     17.,  0.2340059529649262E+00,  0.1383378230390279E-05,  0.1305018901181680E-04,  0.1184023781484220E-03,  0.1308267605956703E-05,  0.9588295505100902E-05,  0.6834644494274622E-05,  0.5911722385103705E-05,  0.5576861975717693E-04,  0.5059801968634901E-03,  0.5590744976273284E-05,  0.4097457942250742E-04,  0.2920713942392324E-04,  0.1505671529959612E-03,  0.6434330028284747E-03
     18.,  0.4971990121503120E-03,  0.1089261775731716E-04,  0.2526992846670456E-03,  0.1426044231332812E-04,  0.6219502920674855E-06,  0.4147789142743647E-05,  0.6210535692506721E-06,  0.2190796339318577E-01,  0.5082457496730708E+00,  0.2868155801769160E-01,  0.1250908141143810E-02,  0.8342311712980027E-02,  0.1249104592072111E-02,  0.2832431377417527E-03,  0.5696775955301441E+00
     19.,  0.2360714219834562E+00,  0.1211273807120387E-03,  0.2687720331523805E-03,  0.3674747310497134E-03,  0.5330613063027345E-04,  0.7347996784281986E-03,  0.9644965997762309E-05,  0.5130963320097563E-03,  0.1138519990662893E-02,  0.1556625227917108E-02,  0.2258050982300141E-03,  0.3112615971278781E-02,  0.4085613547258687E-04,  0.1555124919970367E-02,  0.6587518755571139E-02
     20.,  0.4954252185070203E-03,  0.5299865857279289E-05,  0.1014861133877251E-03,  0.2116889766038880E-04,  0.5740540728638470E-06,  0.4708730664595935E-05,  0.8815238954567141E-06,  0.1069761017263232E-01,  0.2048464825701782E+00,  0.4272874466136775E-01,  0.1158709834339433E-02,  0.9504422642807415E-02,  0.1779327863271100E-02,  0.1341191855383096E-03,  0.2707152977445962E+00
     21.,  0.5703550385471151E-01,  0.6037094632819748E-05,  0.2267618582924307E-04,  0.2174806957136464E-03,  0.2405698763515259E-05,  0.1759480762995332E-04,  0.1259716129183366E-04,  0.1058480108845579E-03,  0.3975801789532164E-03,  0.3813075733803324E-02,  0.4217896925471856E-04,  0.3084886858328310E-03,  0.2208652583121356E-03,  0.2787916438610115E-03,  0.4888036837040783E-02
     22.,  0.5348008464385608E-01,  0.7467869876897551E-04,  0.2022960911165442E-03,  0.2160037300347681E-03,  0.2923798546407026E-04,  0.3916269649504613E-03,  0.5928219201635238E-05,  0.1396383331595097E-02,  0.3782643435658520E-02,  0.4038956397941736E-02,  0.5467079130255114E-03,  0.7322856116598393E-02,  0.1108490990826486E-03,  0.9197716895364546E-03,  0.1719839629390191E-01
     23.,  0.2599332924063259E+00,  0.8182983382580704E-06,  0.2001013193726680E-04,  0.2557154511077304E-03,  0.2738836666958330E-05,  0.2048078400785009E-04,  0.1484180416020178E-04,  0.3148109003978267E-05,  0.7698179695268546E-04,  0.9837733702383832E-03,  0.1053669055473279E-04,  0.7879246178221246E-04,  0.5709851178663631E-04,  0.3146053062182655E-03,  0.1210330940318629E-02
     24.,  0.2580280379988462E+00,  0.8033681849339048E-04,  0.6040939191857898E-03,  0.1993876773379796E-03,  0.2765375523438446E-04,  0.3809902215085583E-03,  0.5257793720462450E-05,  0.3113491817263274E-03,  0.2341194871188731E-02,  0.7727364781143328E-03,  0.1071734507957159E-03,  0.1476545822164729E-02,  0.2037683098797954E-04,  0.1297720185480565E-02,  0.5029376634977816E-02
     25.,  0.3612041902385090E-03,  0.1133365100655709E-04,  0.2149736480669145E-03,  0.3584976890104073E-04,  0.1299950936055406E-05,  0.1113268561637980E-04,  0.1516870560964686E-05,  0.3137740733038920E-01,  0.5951582342523876E+00,  0.9925070048984910E-01,  0.3598936477445147E-02,  0.3082103119852709E-01,  0.4199482181984302E-02,  0.2761065750879122E-03,  0.7644057919305824E+00
     26.,  0.1141193070822107E-02,  0.1141088786328540E-04,  0.3959720045243974E-04,  0.4192968752057233E-03,  0.4774072553269848E-05,  0.3406605016030952E-04,  0.2427115096094619E-04,  0.9999086180101919E-02,  0.3469807297718186E-01,  0.3674197521228068E+00,  0.4183404785161060E-02,  0.2985125920521808E-01,  0.2126822496692994E-01,  0.5334162371959740E-03,  0.4674198002373996E+00
     27.,  0.1404937305616246E-02,  0.7146165179286631E-04,  0.5941920414407091E-04,  0.2159720305675071E-03,  0.2898854398858359E-04,  0.3875472020385354E-03,  0.6068551829091669E-05,  0.5086465531749915E-01,  0.4229313571968105E-01,  0.1537236072415171E+00,  0.2063333635792978E-01,  0.2758466164214681E+00,  0.4319446714691534E-02,  0.7694571843606550E-03,  0.5476807977727867E+00
     28.,  0.1310620450900725E-02,  0.2384040613660041E-05,  0.4040448915662151E-04,  0.4573103094012841E-03,  0.5148028270584711E-05,  0.3702072390011532E-04,  0.2637107042041415E-04,  0.1819016796221673E-02,  0.3082852028507070E-01,  0.3489265783141086E+00,  0.3927932199628600E-02,  0.2824671618291382E-01,  0.2012105823794418E-01,  0.5686386617626798E-03,  0.4338698220158875E+00
     29.,  0.9151729416575415E-03,  0.3651049793170219E-04,  0.7086569050483399E-03,  0.5528341377693705E-04,  0.4724571120836527E-05,  0.5281144595055498E-04,  0.2078536384795235E-05,  0.3989464315408535E-01,  0.7743420645335468E+00,  0.6040761397163789E-01,  0.5162489957667986E-02,  0.5770652031615361E-01,  0.2271195191840610E-02,  0.8600653702131658E-03,  0.9397845271249322E+00
     30.,  0.1841373744564673E-02,  0.8774045007988097E-04,  0.2609002225365089E-03,  0.2870682378084870E-03,  0.3692752746357962E-04,  0.4907074877132927E-03,  0.8123902882264806E-05,  0.4764945212174948E-01,  0.1416878150384345E+00,  0.1558989524293201E+00,  0.2005433583083363E-01,  0.2664898905840014E+00,  0.4411870705903548E-02,  0.1171467828484014E-02,  0.6361923167102426E+00
     31.,  0.1509529697331469E-02,  0.5624992789581036E-05,  0.6207884097365511E-04,  0.6427452120642860E-03,  0.7162728824269149E-05,  0.5201776805631745E-04,  0.3693470100264631E-04,  0.3726321383093582E-02,  0.4112462383707815E-01,  0.4257916973747017E+00,  0.4745006896473349E-02,  0.3445958575593042E-01,  0.2446768756384130E-01,  0.8065642437107550E-03,  0.5343149228111185E+00
     32.,  0.1329347383449283E-02,  0.5474558486491913E-04,  0.1080294588766621E-02,  0.7757900780576074E-04,  0.6187512027771257E-05,  0.6817507211105472E-04,  0.2972810349458933E-05,  0.4118230159137915E-01,  0.8126503291890194E+00,  0.5835871704540087E-01,  0.4654548618974523E-02,  0.5128461751973330E-01,  0.2236293076190006E-02,  0.1289954575925586E-02,  0.9703668070406972E+00
     33.,  0.2326309875268563E-02,  0.1309035132436959E-03,  0.3453747591069839E-03,  0.4124761318698468E-03,  0.5315129018364922E-04,  0.7100891462503999E-03,  0.1124582097341773E-04,  0.5627088404487970E-01,  0.1484646404069930E+00,  0.1773091952430577E+00,  0.2284789775803756E-01,  0.3052427167160708E+00,  0.4834188726520985E-02,  0.1663240661627994E-02,  0.7149695228955598E+00
     34.,  0.7526669722158242E-03,  0.1898969239892767E-04,  0.4134282851837233E-03,  0.5062616780581658E-04,  0.1735100070375593E-05,  0.1278901185073410E-04,  0.2318312958533207E-05,  0.2522987337018749E-01,  0.5492844783219404E+00,  0.6726237456225159E-01,  0.2305269308240697E-02,  0.1699159432103646E-01,  0.3080131112579815E-02,  0.4998865702681105E-03,  0.6641537209962364E+00
     35.,  0.1283270608730764E-01,  0.1509303024642044E-04,  0.6512284530503276E-04,  0.8202148841446465E-03,  0.8984164264848110E-05,  0.6644224838894255E-04,  0.4748466742824189E-04,  0.1176137764220160E-02,  0.5074755461706039E-02,  0.6391597209226908E-01,  0.7000989661669272E-03,  0.5177571116871301E-02,  0.3700284811728623E-02,  0.1023341839778132E-02,  0.7974482021296213E-01
     36.,  0.1227056962184049E-01,  0.8609822311802807E-04,  0.1860495510458094E-03,  0.2439303693506471E-03,  0.3104959959894429E-04,  0.4082678533235958E-03,  0.6996260971090331E-05,  0.7016644358936777E-02,  0.1516225870351269E-01,  0.1987930282523098E-01,  0.2530412242939304E-02,  0.3327211905443382E-01,  0.5701659488274796E-03,  0.9623918574081152E-03,  0.7843090313388106E-01
     37.,  0.1104797775963571E-02,  0.3529569376992356E-04,  0.8036485069310916E-03,  0.7377808523494154E-04,  0.2841905720164337E-05,  0.2017235044581876E-04,  0.3476459544760933E-05,  0.3194765099806588E-01,  0.7274168399100673E+00,  0.6677971918489292E-01,  0.2572331137873365E-02,  0.1825886228656194E-01,  0.3146693105649013E-02,  0.9392130016467007E-03,  0.8501220966231103E+00
     38.,  0.2957520866829016E-02,  0.2281648617691550E-04,  0.1371338570792318E-03,  0.1428484115634714E-02,  0.1591844171190034E-04,  0.1159811271946751E-03,  0.8264436384925487E-04,  0.7714733793705672E-02,  0.4636784092288196E-01,  0.4830005196772462E+00,  0.5382359898264291E-02,  0.3921565811943951E-01,  0.2794379737981839E-01,  0.1802978391646692E-02,  0.6096249097913562E+00
     39.,  0.8808054416922317E+00,  0.2869869990330337E-01,  0.6897919947094309E+00,  0.1182831337619755E+00,  0.1804062708530524E-02,  0.1293198238080078E-01,  0.7836437349410183E-02,  0.3258233719374679E-01,  0.7831377533092669E+00,  0.1342897400074257E+00,  0.2048196597269541E-02,  0.1468199646445808E-01,  0.8896899336083310E-02,  0.8593463108134513E+00,  0.9756369229082503E+00
     40.,  0.9771199768077301E+00,  0.3276336142293272E-01,  0.7620814740080997E+00,  0.1363433751599097E+00,  0.2039674454655434E-02,  0.1484691331312467E-01,  0.9017565873600083E-02,  0.3353054097816243E-01,  0.7799262036355399E+00,  0.1395359611880479E+00,  0.2087435016239346E-02,  0.1519456532004373E-01,  0.9228719182531346E-02,  0.9570923642323222E+00,  0.9795034253205646E+00
     41.,  0.9902907297273444E+00,  0.3338767264063056E-01,  0.7702126427410720E+00,  0.1391771629199884E+00,  0.2077829748057959E-02,  0.1511639445720296E-01,  0.9221748369043825E-02,  0.3371502089070666E-01,  0.7777641652296733E+00,  0.1405417204686021E+00,  0.2098201755993460E-02,  0.1526460260954370E-01,  0.9312162673261456E-02,  0.9691934508759956E+00,  0.9786958736277805E+00
     42.,  0.2110753712645497E-02,  0.8836111735454408E-04,  0.1224646019763949E-03,  0.2522370548147980E-03,  0.3113902682953814E-04,  0.4054441523923317E-03,  0.7461018682243444E-05,  0.4186235316094616E-01,  0.5801937063652245E-01,  0.1195009409689294E+00,  0.1475256286083244E-01,  0.1920850120804342E+00,  0.3534765158788816E-02,  0.9071069720498503E-03,  0.4297550048664534E+00
     43.,  0.9215729278120901E+00,  0.3052295927266993E-01,  0.7199960191708379E+00,  0.1231736995020611E+00,  0.1821729271323846E-02,  0.1298243734451687E-01,  0.8148732271507697E-02,  0.3312050338233633E-01,  0.7812686304492291E+00,  0.1336559438594711E+00,  0.1976760836116162E-02,  0.1408725989308142E-01,  0.8842200140203375E-02,  0.8966455768329173E+00,  0.9729512985604375E+00
     44.,  0.1144803703423967E+01,  0.3985937826654558E-01,  0.8811555005167611E+00,  0.1765941092847707E+00,  0.2591485569270816E-02,  0.1915912489560286E-01,  0.1179883054168679E-01,  0.3481765314641373E-01,  0.7697000786085275E+00,  0.1542571086698963E+00,  0.2263694257382292E-02,  0.1673572931175910E-01,  0.1030642240796211E-01,  0.1131158429074638E+01,  0.9880806864019410E+00
     45.,  0.3485820201213794E-02,  0.1145464886718877E-03,  0.2705419404759382E-02,  0.1693712743925549E-03,  0.6843990183601212E-05,  0.5159152392883237E-04,  0.6699349193844506E-05,  0.3286069907793913E-01,  0.7761213282937917E+00,  0.4858864330798768E-01,  0.1963380148298548E-02,  0.1480039730989789E-01,  0.1921886043207774E-02,  0.3054472031130102E-02,  0.8762563341811227E+00
     46.,  0.8101959863013649E-02,  0.2862663688263606E-04,  0.1587727452661622E-03,  0.2310651025742735E-02,  0.2514581135542714E-04,  0.1872869569589829E-03,  0.1336871186849869E-03,  0.3533297790491391E-02,  0.1959683187162868E-01,  0.2851965530329414E+00,  0.3103670195926368E-02,  0.2311625336654267E-01,  0.1650059009737675E-01,  0.2844170294890930E-02,  0.3510471963549073E+00
     47.,  0.4451362607030011E-02,  0.6647954128611621E-05,  0.2423595156135761E-03,  0.2395433026651849E-02,  0.2649324845608128E-04,  0.1933722852988381E-03,  0.1384457192654422E-03,  0.1493464971402812E-02,  0.5444614088073147E-01,  0.5381347776226444E+00,  0.5951716540512931E-02,  0.4344114428994088E-01,  0.3110187407487219E-01,  0.3002751749414399E-02,  0.6745691183801048E+00
     48.,  0.1109009112536027E-01,  0.3983123721194463E-03,  0.9543796528790940E-02,  0.5353686018672588E-03,  0.2232244618555201E-04,  0.1899537079332282E-03,  0.1716346112575623E-04,  0.3591605944595038E-01,  0.8605697122692400E+00,  0.4827449980487576E-01,  0.2012828022170724E-02,  0.1712823689057446E-01,  0.1547639323405348E-02,  0.1070691711802218E-01,  0.9654489757562167E+00
     49.,  0.9919397557219898E+00,  0.3543821207163769E-01,  0.8526106142136600E+00,  0.5102670067020255E-01,  0.1799598854712925E-02,  0.1668924024558946E-01,  0.1358740279682332E-02,  0.3572617375925594E-01,  0.8595387061516472E+00,  0.5144133035888096E-01,  0.1814221926615972E-02,  0.1682485266803535E-01,  0.1369781049549087E-02,  0.9589231063354849E+00,  0.9667150659139844E+00
     50.,  0.1045176088907395E+01,  0.3595059672988600E-01,  0.8135769135312590E+00,  0.1571363087923867E+00,  0.2316245454642984E-02,  0.1714762330896206E-01,  0.1043631209565321E-01,  0.3439668885600702E-01,  0.7784113339042755E+00,  0.1503443395424915E+00,  0.2216129396018176E-02,  0.1640644432163370E-01,  0.9985218956322576E-02,  0.1036563999912790E+01,  0.9917601549767485E+00
     51.,  0.9797340470322462E+00,  0.3253811051618397E-01,  0.7637376747150142E+00,  0.1435327202086430E+00,  0.2131856021299028E-02,  0.1547710657575444E-01,  0.9475508818133936E-02,  0.3321116645353556E-01,  0.7795357087247139E+00,  0.1465017171174402E+00,  0.2175953798642318E-02,  0.1579725296128761E-01,  0.9671511209431376E-02,  0.9668929768550285E+00,  0.9868933102650509E+00
     52.,  0.8493986794825467E+00,  0.3152781143604198E-01,  0.7349897010039019E+00,  0.4484414516523572E-01,  0.1561708732217282E-02,  0.1481149874813660E-01,  0.1189060762716578E-02,  0.3711780133122965E-01,  0.8653059143577400E+00,  0.5279516703811542E-01,  0.1838605086092992E-02,  0.1743762864943440E-01,  0.1399885344113030E-02,  0.8289239258482501E+00,  0.9758950018067255E+00
     53.,  0.3134014202450163E+00,  0.1152710725193627E-01,  0.2667424075634656E+00,  0.1651097249959176E-01,  0.5903431269220077E-03,  0.5660933713984462E-02,  0.4393554776396646E-03,  0.3678064778048679E-01,  0.8511206086906918E+00,  0.5268314510726702E-01,  0.1883664491566373E-02,  0.1806288468494738E-01,  0.1401893703277343E-02,  0.3014711196335398E+00,  0.9619328444582369E+00
     54.,  0.3700104727622945E-02,  0.1083627080057305E-03,  0.1395333517911431E-02,  0.3291356164179804E-03,  0.3011994861643226E-04,  0.3747705961642134E-03,  0.1064969468460818E-04,  0.2928638943561629E-01,  0.3771064930931924E+00,  0.8895305420974577E-01,  0.8140296243934208E-02,  0.1012864834247481E+00,  0.2878214393528762E-02,  0.2248372081800396E-02,  0.6076509308007656E+00
     55.,  0.1100851467549433E+01,  0.4065301213241738E-01,  0.9429557986913021E+00,  0.5799112522073613E-01,  0.2029682367342602E-02,  0.1908151416767729E-01,  0.1548480931214286E-02,  0.3692869867622890E-01,  0.8565695068657929E+00,  0.5267842840762901E-01,  0.1843738621578811E-02,  0.1733341393471908E-01,  0.1406621126337148E-02,  0.1064259613510690E+01,  0.9667604076322858E+00
     56.,  0.1053675901297233E+01,  0.3835709458194849E-01,  0.9052426041763879E+00,  0.5487068084944724E-01,  0.1822246181873766E-02,  0.1738766880275155E-01,  0.1474684214528565E-02,  0.3640312408656700E-01,  0.8591281275977732E+00,  0.5207548239633573E-01,  0.1729418106298443E-02,  0.1650191371117507E-01,  0.1399561490125197E-02,  0.1019154978806938E+01,  0.9672376273882748E+00
     57.,  0.8439700565487169E-02,  0.2779403962115186E-03,  0.6636263811795118E-02,  0.3490427217823068E-03,  0.1639130221738798E-04,  0.1313636832242605E-03,  0.1271676635158469E-04,  0.3293249494515389E-01,  0.7863150783966291E+00,  0.4135723999612761E-01,  0.1942166323342992E-02,  0.1556496965798190E-01,  0.1506779328592286E-02,  0.7423718681582176E-02,  0.8796187286478278E+00
     58.,  0.2877934240028011E-01,  0.7736455611944780E-05,  0.2281372031921574E-03,  0.2663803238732538E-02,  0.2904419134621116E-04,  0.2160313646417710E-03,  0.1535129287221068E-03,  0.2688197494001629E-03,  0.7927116610904112E-02,  0.9255955892538432E-01,  0.1009202744880247E-02,  0.7506473276459174E-02,  0.5334136082296746E-02,  0.3298265382246729E-02,  0.1146053073893248E+00
     59.,  0.1067684160224230E+01,  0.3704637996226670E-01,  0.8262583508114263E+00,  0.1645597309762690E+00,  0.2426178440900179E-02,  0.1795228862487389E-01,  0.1098988831230896E-01,  0.3469788289683570E-01,  0.7738790005444114E+00,  0.1541277253206687E+00,  0.2272374669668832E-02,  0.1681423148686933E-01,  0.1029320160561426E-01,  0.1059232817128045E+01,  0.9920844165240682E+00
     60.,  0.2825738345394060E-01,  0.1871924260685864E-03,  0.2220048431212441E-02,  0.5085129301841129E-03,  0.4827749958125072E-04,  0.5954119802865018E-03,  0.1527347447522961E-04,  0.6624549168669815E-02,  0.7856525126719922E-01,  0.1799575431366413E-01,  0.1708491504882000E-02,  0.2107102312770821E-01,  0.5405126946776691E-03,  0.3574716741808123E-02,  0.1265055820768010E+00
     61.,  0.8030530258705011E+00,  0.2639767928271512E-01,  0.6342243222018966E+00,  0.1132875273625907E+00,  0.1713866744091747E-02,  0.1238905140965366E-01,  0.7488990502501854E-02,  0.3287165159996790E-01,  0.7897664310702324E+00,  0.1410710422761787E+00,  0.2134188763231336E-02,  0.1542743879985267E-01,  0.9325648819246857E-02,  0.7955014375034497E+00,  0.9905964013287099E+00
     62.,  0.1232669264125500E-01,  0.4526127649894655E-03,  0.1045284381587339E-01,  0.7045415302192833E-03,  0.2507305896747893E-04,  0.2214031468485945E-03,  0.2243328007543147E-04,  0.3671810258938882E-01,  0.8479844610459247E+00,  0.5715576357126988E-01,  0.2034045927580311E-02,  0.1796127747256404E-01,  0.1819894494679920E-02,  0.1187890759697365E-01,  0.9636735451014078E+00
     63.,  0.6789506720686300E-02,  0.4145490301411839E-04,  0.2353624222650834E-03,  0.3738282521541471E-02,  0.4148077195477727E-04,  0.3037159358138682E-03,  0.2161673678461193E-03,  0.6105731199560258E-02,  0.3466561444706728E-01,  0.5505970721189001E+00,  0.6109541335071290E-02,  0.4473313722313657E-01,  0.3183844964575992E-01,  0.4576463922435438E-02,  0.6740495459694954E+00
     64.,  0.1018529799786350E+01,  0.3511261933822776E-01,  0.7923139049709363E+00,  0.1564020132536077E+00,  0.2309350460555992E-02,  0.1706432484808692E-01,  0.1041434187701215E-01,  0.3447382624012876E-01,  0.7778995814723680E+00,  0.1535566394683937E+00,  0.2267337156988837E-02,  0.1675387882776369E-01,  0.1022487695421057E-01,  0.1013616554748427E+01,  0.9951761401198536E+00
     65.,  0.9448876939098884E-02,  0.3087902244777432E-03,  0.7536516331798523E-02,  0.3542826270152011E-03,  0.1783783542044781E-04,  0.1369343578068588E-03,  0.1453975722321560E-04,  0.3268009801249373E-01,  0.7976097456209713E+00,  0.3749468103973298E-01,  0.1887825985608504E-02,  0.1449213051344046E-01,  0.1538781520484298E-02,  0.8368901133741989E-02,  0.8857032626927313E+00
     66.,  0.3457847705226062E-01,  0.1680057053931400E-04,  0.3614780867886754E-03,  0.4022455800214653E-02,  0.4392121748286737E-04,  0.3263395219382653E-03,  0.2309343126460917E-03,  0.4858678568729977E-03,  0.1045384636929935E-01,  0.1163283100680017E+00,  0.1270189471227622E-02,  0.9437648784966671E-02,  0.6678556499092374E-02,  0.5001929509609866E-02,  0.1446544190494607E+00
     67.,  0.1106494921493046E+01,  0.4058825617385800E-01,  0.9534335872126349E+00,  0.6143100763628413E-01,  0.2146691515076807E-02,  0.2012931646486611E-01,  0.1648143844806993E-02,  0.3668182780187581E-01,  0.8616700977950462E+00,  0.5551856266397714E-01,  0.1940082573700541E-02,  0.1819196462077265E-01,  0.1489517767133603E-02,  0.1079377002847527E+01,  0.9754920532225060E+00
     68.,  0.1167717105964253E+01,  0.4447654029896538E-01,  0.1010993181015325E+01,  0.6598058285750308E-01,  0.2273671950001693E-02,  0.2182487295463425E-01,  0.1755060826255261E-02,  0.3808845487643898E-01,  0.8657860502784084E+00,  0.5650391051094433E-01,  0.1947108540577717E-02,  0.1869020573832577E-01,  0.1502984599001830E-02,  0.1147303909902684E+01,  0.9825187145436969E+00
     69.,  0.6014431074052274E+00,  0.2304627244151509E-01,  0.5198440506421697E+00,  0.3424211054468107E-01,  0.1193597219296294E-02,  0.1143867127131631E-01,  0.9160673419076754E-03,  0.3831829171830124E-01,  0.8643278877779544E+00,  0.5693324958433708E-01,  0.1984555487626692E-02,  0.1901870871987466E-01,  0.1523115537660434E-02,  0.5906807694608860E+00,  0.9821058088257544E+00
     70.,  0.5642489342539816E+00,  0.2157199808280533E-01,  0.4887088333202292E+00,  0.3216383204666545E-01,  0.1120677111208432E-02,  0.1080956237663218E-01,  0.8599168354550546E-03,  0.3823134927375028E-01,  0.8661227406062765E+00,  0.5700291147060946E-01,  0.1986139526679175E-02,  0.1915743516808583E-01,  0.1524002586893653E-02,  0.5552348197729957E+00,  0.9840245786322949E+00
     71.,  0.3333644077731852E-01,  0.1982208278745005E-03,  0.1150515257590720E-02,  0.6349086725605524E-03,  0.6991927305000090E-04,  0.8900318177548217E-03,  0.1871620541887831E-04,  0.5946070523802473E-02,  0.3451224038210787E-01,  0.1904548469351090E-01,  0.2097382666525475E-02,  0.2669846561305316E-01,  0.5614338238415799E-03,  0.2962312054249474E-02,  0.8886107770284146E-01
     72.,  0.8743983055452347E+00,  0.2922430595080532E-01,  0.6926668455091596E+00,  0.1197747793245321E+00,  0.1811669993449783E-02,  0.1306080236583973E-01,  0.7991989622779805E-02,  0.3342218959651617E-01,  0.7921639842122570E+00,  0.1369796562561338E+00,  0.2071904739476946E-02,  0.1493690264838243E-01,  0.9139987545831721E-02,  0.8645303927665663E+00,  0.9887146249985981E+00
     73.,  0.8567472464053935E+00,  0.3106459966525143E-01,  0.7450709606684693E+00,  0.4702092177445971E-01,  0.1625041819193679E-02,  0.1526539072079545E-01,  0.1255288311972594E-02,  0.3625876802707851E-01,  0.8696508378573984E+00,  0.5488307312540865E-01,  0.1896757562993959E-02,  0.1781784626077714E-01,  0.1465179278065190E-02,  0.8413022029601422E+00,  0.9819724621117218E+00
     74.,  0.1299235858497109E+01,  0.5102556004931747E-01,  0.1115385032243824E+01,  0.7791665881711997E-01,  0.2672909869913240E-02,  0.2591341547184859E-01,  0.2079784624316350E-02,  0.3927351582517226E-01,  0.8584931095836948E+00,  0.5997114250467969E-01,  0.2057293794988947E-02,  0.1994512028156607E-01,  0.1600775263947949E-02,  0.1274993361076340E+01,  0.9813409572540498E+00
     75.,  0.9841824262346970E+00,  0.3389214621598938E-01,  0.7682672920270751E+00,  0.1494974005458580E+00,  0.2219482760688063E-02,  0.1632756313736791E-01,  0.9948509483034940E-02,  0.3443685368946749E-01,  0.7806147229902550E+00,  0.1519000914472817E+00,  0.2255153822629612E-02,  0.1658997631143872E-01,  0.1010839984320400E-01,  0.9801523941700134E+00,  0.9959051981042766E+00
     76.,  0.1152651085278034E-01,  0.4343521111959257E-03,  0.9938682736966967E-02,  0.6903033018823071E-03,  0.2529589382438066E-04,  0.2088979536126689E-03,  0.2427180254779187E-04,  0.3768287877776599E-01,  0.8622455540888707E+00,  0.5988831405262566E-01,  0.2194583785801838E-02,  0.1812326004640685E-01,  0.2105737187757664E-02,  0.1132180380003004E-01,  0.9822403279392288E+00
     77.,  0.1012728010642554E-01,  0.4470341795412041E-04,  0.3401359354062220E-03,  0.5901313470344330E-02,  0.6389139456693463E-04,  0.4788079968699732E-03,  0.3412108485969685E-03,  0.4414158341068994E-02,  0.3358610918546757E-01,  0.5827145500399532E+00,  0.6308840468073644E-02,  0.4727903166874783E-01,  0.3369224954886727E-01,  0.7170063063738549E-02,  0.7079949392521785E+00
     78.,  0.1178563268404916E+01,  0.4571916920977517E-01,  0.1022038384879011E+01,  0.7067579223197545E-01,  0.2403176455829659E-02,  0.2325287096778389E-01,  0.1896484655154795E-02,  0.3879229094900618E-01,  0.8671900883711163E+00,  0.5996775406688946E-01,  0.2039072929094550E-02,  0.1972984530499974E-01,  0.1609149636677141E-02,  0.1165985878399530E+01,  0.9893282012577834E+00
     79.,  0.9233657039809582E+00,  0.3404444502432128E-01,  0.8057004736777087E+00,  0.4953164831164258E-01,  0.1668153159425145E-02,  0.1591873731369620E-01,  0.1322023421932883E-02,  0.3686994749484799E-01,  0.8725692000515584E+00,  0.5364250382929972E-01,  0.1806600734934320E-02,  0.1723990532143966E-01,  0.1431744125034284E-02,  0.9081854809087267E+00,  0.9835599015571143E+00
     80.,  0.7039144408444539E-02,  0.2229987422965795E-03,  0.2504029633763219E-02,  0.5121420115255158E-03,  0.4235721514429403E-04,  0.5073537554970049E-03,  0.1578810164311572E-04,  0.3167980785122949E-01,  0.3557292603287482E+00,  0.7275628710090427E-01,  0.6017381188185317E-02,  0.7207605442621064E-01,  0.2242900660508606E-02,  0.3804669459869730E-02,  0.5405016915557865E+00
