case_index,github_scenario_id,i08_case_id,name_cn,category,region,confidence,U10_sustained_ms,gust3s_ms,gust3s_role,Iu,representative_event,note_cn,source,U_deck_ms,wind_profile,stationarity,github_seed_status,derived_seed,derived_u_component_seed,derived_w_component_seed,duration_s,dt_s,sample_count,minimum_frequency_hz,minimum_frequency_policy,maximum_frequency_hz,wind_spectrum,Kaimal_Lu_m,Kaimal_Lw_m,sigma_w_over_sigma_u,sigma_u_definition,coherence_model,Davenport_C,structural_damping_ratio,materialization_status,solver_execution_status
1,site_gb50009_50yr,I08-site_gb50009_50yr-S20260805,GB50009 江苏沿江50年基本风速,design_code,中国江苏,B,26.8,,METADATA_ONLY_NOT_CONSUMED_BY_WIND_GENERATION,0.12,w0=0.45 kPa (B类),U10=sqrt(1600*w0)；张家港/南通一带 0.40-0.45 kPa 取上界,GB 50009-2012 附录E 全国基本风压图,32.71971935969148,U_deck=U10*ln(60/0.003)/ln(10/0.003),stationary_ok,NOT_PRESENT_IN_GITHUB_SPECTRAL_SWEEP,20260805,20260816,20260834,600.0,0.05,12000,0.0016666666666666668,GitHub_N_GRID_min_5e-4_Hz_raised_to_1_over_600_for_periodic_600s_record,5.0,Kaimal,120.0,60.0,0.5,sigma_u=Iu*U10_not_Iu*U_deck,Davenport_exp,8.0,0.005,NOT_MATERIALIZED_MATRIX_ONLY,NOT_EXECUTED
2,site_gb50009_100yr,I08-site_gb50009_100yr-S20260805,GB50009 江苏沿江100年基本风速,design_code,中国江苏,B,28.3,,METADATA_ONLY_NOT_CONSUMED_BY_WIND_GENERATION,0.12,w0=0.50 kPa (B类),U10=sqrt(1600*0.50)=28.3,GB 50009-2012 附录E,34.551046935793615,U_deck=U10*ln(60/0.003)/ln(10/0.003),stationary_ok,NOT_PRESENT_IN_GITHUB_SPECTRAL_SWEEP,20260805,20260816,20260834,600.0,0.05,12000,0.0016666666666666668,GitHub_N_GRID_min_5e-4_Hz_raised_to_1_over_600_for_periodic_600s_record,5.0,Kaimal,120.0,60.0,0.5,sigma_u=Iu*U10_not_Iu*U_deck,Davenport_exp,8.0,0.005,NOT_MATERIALIZED_MATRIX_ONLY,NOT_EXECUTED
3,site_sutong_100yr_obs,I08-site_sutong_100yr_obs-S20260805,苏通桥址实测百年设计风速,design_code,长江下游江面,A,38.9,,METADATA_ONLY_NOT_CONSUMED_BY_WIND_GENERATION,0.11,"苏通大桥风观测专题 (2000-2003, 80 m 梯度塔)","同河段桥位实测外延的百年一遇10分钟设计基本风速, 江面明显大于岸站; 本库的桥址主锚点",应用气象学报: 苏通长江公路大桥设计风速的计算与分析 qikan.camscma.cn/article/id/20060107,47.49242847358203,U_deck=U10*ln(60/0.003)/ln(10/0.003),stationary_ok,NOT_PRESENT_IN_GITHUB_SPECTRAL_SWEEP,20260805,20260816,20260834,600.0,0.05,12000,0.0016666666666666668,GitHub_N_GRID_min_5e-4_Hz_raised_to_1_over_600_for_periodic_600s_record,5.0,Kaimal,120.0,60.0,0.5,sigma_u=Iu*U10_not_Iu*U_deck,Davenport_exp,8.0,0.005,NOT_MATERIALIZED_MATRIX_ONLY,NOT_EXECUTED
4,hko_t10,I08-hko_t10-S20260805,香港十号台风信号阈值,design_code,香港,B,32.8,,METADATA_ONLY_NOT_CONSUMED_BY_WIND_GENERATION,0.12,T10 (>=118 km/h 持续风),HKO 信号定义为海平面附近10分钟平均>=118 km/h,香港天文台热带气旋警告信号定义,40.045029664100014,U_deck=U10*ln(60/0.003)/ln(10/0.003),stationary_ok,NOT_PRESENT_IN_GITHUB_SPECTRAL_SWEEP,20260805,20260816,20260834,600.0,0.05,12000,0.0016666666666666668,GitHub_N_GRID_min_5e-4_Hz_raised_to_1_over_600_for_periodic_600s_record,5.0,Kaimal,120.0,60.0,0.5,sigma_u=Iu*U10_not_Iu*U_deck,Davenport_exp,8.0,0.005,NOT_MATERIALIZED_MATRIX_ONLY,NOT_EXECUTED
5,asce7_risk4_fl,I08-asce7_risk4_fl-S20260805,ASCE 7 IV类风险佛州角风区,design_code,美国佛罗里达,B,58.3,82.8,METADATA_ONLY_NOT_CONSUMED_BY_WIND_GENERATION,0.12,Risk Cat IV ~185 mph 3-s gust,3秒阵风区划值/1.42 得等效10分钟值; 区划约值,ASCE 7-22 风速区划图 (Risk Category IV),71.17759845783631,U_deck=U10*ln(60/0.003)/ln(10/0.003),stationary_ok,NOT_PRESENT_IN_GITHUB_SPECTRAL_SWEEP,20260805,20260816,20260834,600.0,0.05,12000,0.0016666666666666668,GitHub_N_GRID_min_5e-4_Hz_raised_to_1_over_600_for_periodic_600s_record,5.0,Kaimal,120.0,60.0,0.5,sigma_u=Iu*U10_not_Iu*U_deck,Davenport_exp,8.0,0.005,NOT_MATERIALIZED_MATRIX_ONLY,NOT_EXECUTED
6,ss_cat1,I08-ss_cat1-S20260805,萨菲尔-辛普森1级下限,hurricane,大西洋/东太平洋,B,28.9,,METADATA_ONLY_NOT_CONSUMED_BY_WIND_GENERATION,0.12,SS Cat 1 (33 m/s 1-min),33/1.14,NOAA NHC Saffir-Simpson scale,35.28357796623447,U_deck=U10*ln(60/0.003)/ln(10/0.003),stationary_ok,NOT_PRESENT_IN_GITHUB_SPECTRAL_SWEEP,20260805,20260816,20260834,600.0,0.05,12000,0.0016666666666666668,GitHub_N_GRID_min_5e-4_Hz_raised_to_1_over_600_for_periodic_600s_record,5.0,Kaimal,120.0,60.0,0.5,sigma_u=Iu*U10_not_Iu*U_deck,Davenport_exp,8.0,0.005,NOT_MATERIALIZED_MATRIX_ONLY,NOT_EXECUTED
7,ss_cat2,I08-ss_cat2-S20260805,萨菲尔-辛普森2级下限,hurricane,大西洋/东太平洋,B,37.7,,METADATA_ONLY_NOT_CONSUMED_BY_WIND_GENERATION,0.12,SS Cat 2 (43 m/s 1-min),43/1.14,NOAA NHC,46.027366412700324,U_deck=U10*ln(60/0.003)/ln(10/0.003),stationary_ok,NOT_PRESENT_IN_GITHUB_SPECTRAL_SWEEP,20260805,20260816,20260834,600.0,0.05,12000,0.0016666666666666668,GitHub_N_GRID_min_5e-4_Hz_raised_to_1_over_600_for_periodic_600s_record,5.0,Kaimal,120.0,60.0,0.5,sigma_u=Iu*U10_not_Iu*U_deck,Davenport_exp,8.0,0.005,NOT_MATERIALIZED_MATRIX_ONLY,NOT_EXECUTED
8,ss_cat3,I08-ss_cat3-S20260805,萨菲尔-辛普森3级下限,hurricane,大西洋/东太平洋,B,43.9,,METADATA_ONLY_NOT_CONSUMED_BY_WIND_GENERATION,0.12,SS Cat 3 (50 m/s 1-min),50/1.14,NOAA NHC,53.59685372725581,U_deck=U10*ln(60/0.003)/ln(10/0.003),stationary_ok,NOT_PRESENT_IN_GITHUB_SPECTRAL_SWEEP,20260805,20260816,20260834,600.0,0.05,12000,0.0016666666666666668,GitHub_N_GRID_min_5e-4_Hz_raised_to_1_over_600_for_periodic_600s_record,5.0,Kaimal,120.0,60.0,0.5,sigma_u=Iu*U10_not_Iu*U_deck,Davenport_exp,8.0,0.005,NOT_MATERIALIZED_MATRIX_ONLY,NOT_EXECUTED
9,ss_cat4,I08-ss_cat4-S20260805,萨菲尔-辛普森4级下限,hurricane,大西洋/东太平洋,B,50.9,,METADATA_ONLY_NOT_CONSUMED_BY_WIND_GENERATION,0.12,SS Cat 4 (58 m/s 1-min),58/1.14,NOAA NHC,62.14304908239911,U_deck=U10*ln(60/0.003)/ln(10/0.003),stationary_ok,NOT_PRESENT_IN_GITHUB_SPECTRAL_SWEEP,20260805,20260816,20260834,600.0,0.05,12000,0.0016666666666666668,GitHub_N_GRID_min_5e-4_Hz_raised_to_1_over_600_for_periodic_600s_record,5.0,Kaimal,120.0,60.0,0.5,sigma_u=Iu*U10_not_Iu*U_deck,Davenport_exp,8.0,0.005,NOT_MATERIALIZED_MATRIX_ONLY,NOT_EXECUTED
10,ss_cat5,I08-ss_cat5-S20260805,萨菲尔-辛普森5级下限,hurricane,大西洋/东太平洋,B,61.4,,METADATA_ONLY_NOT_CONSUMED_BY_WIND_GENERATION,0.12,SS Cat 5 (70 m/s 1-min),70/1.14,NOAA NHC,74.96234211511405,U_deck=U10*ln(60/0.003)/ln(10/0.003),stationary_ok,NOT_PRESENT_IN_GITHUB_SPECTRAL_SWEEP,20260805,20260816,20260834,600.0,0.05,12000,0.0016666666666666668,GitHub_N_GRID_min_5e-4_Hz_raised_to_1_over_600_for_periodic_600s_record,5.0,Kaimal,120.0,60.0,0.5,sigma_u=Iu*U10_not_Iu*U_deck,Davenport_exp,8.0,0.005,NOT_MATERIALIZED_MATRIX_ONLY,NOT_EXECUTED
11,infa_2021_zhoushan,I08-infa_2021_zhoushan-S20260805,台风烟花登陆(长三角本地),typhoon,中国浙江舟山->江苏,A,35.8,,METADATA_ONLY_NOT_CONSUMED_BY_WIND_GENERATION,0.12,"In-Fa 2021-07-25 舟山普陀登陆 38 m/s(2-min), 965 hPa; 江苏滞留37 h",CMA 2分钟平均38/1.06; 预报沿海阵风14-16级(41.5-56.1); 本库唯一穿越桥址流域的台风样本,中央气象台/浙江气象灾害评估报告 (thepaper.cn newsDetail 13809642),43.70768481630429,U_deck=U10*ln(60/0.003)/ln(10/0.003),stationary_ok,NOT_PRESENT_IN_GITHUB_SPECTRAL_SWEEP,20260805,20260816,20260834,600.0,0.05,12000,0.0016666666666666668,GitHub_N_GRID_min_5e-4_Hz_raised_to_1_over_600_for_periodic_600s_record,5.0,Kaimal,120.0,60.0,0.5,sigma_u=Iu*U10_not_Iu*U_deck,Davenport_exp,8.0,0.005,NOT_MATERIALIZED_MATRIX_ONLY,NOT_EXECUTED
12,doksuri_2023_jinjiang,I08-doksuri_2023_jinjiang-S20260805,台风杜苏芮登陆福建,typhoon,中国福建晋江,A,47.2,,METADATA_ONLY_NOT_CONSUMED_BY_WIND_GENERATION,0.12,"Doksuri 2023-07-28 登陆 50 m/s(2-min), 945 hPa, 登陆福建第二强",CMA 2分钟50/1.06,新华社/中央气象台 news.cn 2023-07/28 c_1129772576,57.62577439468052,U_deck=U10*ln(60/0.003)/ln(10/0.003),stationary_ok,NOT_PRESENT_IN_GITHUB_SPECTRAL_SWEEP,20260805,20260816,20260834,600.0,0.05,12000,0.0016666666666666668,GitHub_N_GRID_min_5e-4_Hz_raised_to_1_over_600_for_periodic_600s_record,5.0,Kaimal,120.0,60.0,0.5,sigma_u=Iu*U10_not_Iu*U_deck,Davenport_exp,8.0,0.005,NOT_MATERIALIZED_MATRIX_ONLY,NOT_EXECUTED
13,haiyan_2013_peak,I08-haiyan_2013_peak-S20260805,超强台风海燕巅峰,typhoon,西北太平洋/菲律宾,A,63.9,105.6,METADATA_ONLY_NOT_CONSUMED_BY_WIND_GENERATION,0.12,"Haiyan 2013-11-07, JMA 10-min 230 km/h, 895 hPa; JTWC 1-min 315 km/h; 登陆Guiuan 305 km/h(1-min)",JMA 10分钟值直接采用; 阵风380 km/h为JTWC估计,JMA/JTWC via Wikipedia Meteorological history of Typhoon Haiyan,78.01455474195095,U_deck=U10*ln(60/0.003)/ln(10/0.003),stationary_ok,NOT_PRESENT_IN_GITHUB_SPECTRAL_SWEEP,20260805,20260816,20260834,600.0,0.05,12000,0.0016666666666666668,GitHub_N_GRID_min_5e-4_Hz_raised_to_1_over_600_for_periodic_600s_record,5.0,Kaimal,120.0,60.0,0.5,sigma_u=Iu*U10_not_Iu*U_deck,Davenport_exp,8.0,0.005,NOT_MATERIALIZED_MATRIX_ONLY,NOT_EXECUTED
14,meranti_2016_peak,I08-meranti_2016_peak-S20260805,超强台风莫兰蒂巅峰,typhoon,西北太平洋/巴士海峡,A,61.1,70.0,METADATA_ONLY_NOT_CONSUMED_BY_WIND_GENERATION,0.12,"Meranti 2016-09-13, JMA 10-min 220 km/h, 890 hPa; Itbayat 站实测10-min 180 km/h后损毁, Basco 阵风252 km/h",JMA 10分钟值; 阵风取Basco实测70 m/s (峰值估计更高); 后登陆厦门为登陆福建最强,JMA/JTWC/站点实测 via Wikipedia Typhoon Meranti,74.59607659989364,U_deck=U10*ln(60/0.003)/ln(10/0.003),stationary_ok,NOT_PRESENT_IN_GITHUB_SPECTRAL_SWEEP,20260805,20260816,20260834,600.0,0.05,12000,0.0016666666666666668,GitHub_N_GRID_min_5e-4_Hz_raised_to_1_over_600_for_periodic_600s_record,5.0,Kaimal,120.0,60.0,0.5,sigma_u=Iu*U10_not_Iu*U_deck,Davenport_exp,8.0,0.005,NOT_MATERIALIZED_MATRIX_ONLY,NOT_EXECUTED
15,goni_2020_landfall,I08-goni_2020_landfall-S20260805,超强台风天鹅登陆(史上最强登陆),typhoon,菲律宾,A,76.8,,METADATA_ONLY_NOT_CONSUMED_BY_WIND_GENERATION,0.12,Goni 2020-11-01 Catanduanes 登陆 315 km/h(1-min),87.5/1.14; 1分钟口径史上最强登陆热带气旋,JTWC via Wikipedia (Haiyan/Meranti 条目交叉引用),93.76397189642931,U_deck=U10*ln(60/0.003)/ln(10/0.003),stationary_ok,NOT_PRESENT_IN_GITHUB_SPECTRAL_SWEEP,20260805,20260816,20260834,600.0,0.05,12000,0.0016666666666666668,GitHub_N_GRID_min_5e-4_Hz_raised_to_1_over_600_for_periodic_600s_record,5.0,Kaimal,120.0,60.0,0.5,sigma_u=Iu*U10_not_Iu*U_deck,Davenport_exp,8.0,0.005,NOT_MATERIALIZED_MATRIX_ONLY,NOT_EXECUTED
16,tip_1979_peak,I08-tip_1979_peak-S20260805,超强台风Tip巅峰(最低气压),typhoon,西北太平洋,C,72.0,,METADATA_ONLY_NOT_CONSUMED_BY_WIND_GENERATION,0.12,"Tip 1979-10-12, 870 hPa 全球最低, JMA 10-min 140 kt",140 kt=72.0 m/s 10分钟口径,JMA best track (文献常识级),87.90372365290247,U_deck=U10*ln(60/0.003)/ln(10/0.003),stationary_ok,NOT_PRESENT_IN_GITHUB_SPECTRAL_SWEEP,20260805,20260816,20260834,600.0,0.05,12000,0.0016666666666666668,GitHub_N_GRID_min_5e-4_Hz_raised_to_1_over_600_for_periodic_600s_record,5.0,Kaimal,120.0,60.0,0.5,sigma_u=Iu*U10_not_Iu*U_deck,Davenport_exp,8.0,0.005,NOT_MATERIALIZED_MATRIX_ONLY,NOT_EXECUTED
17,mangkhut_2018_peak,I08-mangkhut_2018_peak-S20260805,超强台风山竹巅峰,typhoon,西北太平洋/华南,A,69.5,,METADATA_ONLY_NOT_CONSUMED_BY_WIND_GENERATION,0.12,"Mangkhut 2018-09 巅峰 285 km/h(1-min), 后袭吕宋/华南",79.2/1.14,JTWC via Wikipedia,84.85151102606558,U_deck=U10*ln(60/0.003)/ln(10/0.003),stationary_ok,NOT_PRESENT_IN_GITHUB_SPECTRAL_SWEEP,20260805,20260816,20260834,600.0,0.05,12000,0.0016666666666666668,GitHub_N_GRID_min_5e-4_Hz_raised_to_1_over_600_for_periodic_600s_record,5.0,Kaimal,120.0,60.0,0.5,sigma_u=Iu*U10_not_Iu*U_deck,Davenport_exp,8.0,0.005,NOT_MATERIALIZED_MATRIX_ONLY,NOT_EXECUTED
18,lanyu_ryan_1995_gust,I08-lanyu_ryan_1995_gust-S20260805,兰屿台风阵风纪录,typhoon,台湾兰屿,C,60.1,85.4,METADATA_ONLY_NOT_CONSUMED_BY_WIND_GENERATION,0.12,Super Typhoon Ryan 1995-09-22 兰屿站阵风 85.4 m/s,台风阵风台站实测世界前列; U10=85.4/1.42,台站纪录汇编 (wunderground Category 6 记录对照表),73.37519154915887,U_deck=U10*ln(60/0.003)/ln(10/0.003),stationary_ok,NOT_PRESENT_IN_GITHUB_SPECTRAL_SWEEP,20260805,20260816,20260834,600.0,0.05,12000,0.0016666666666666668,GitHub_N_GRID_min_5e-4_Hz_raised_to_1_over_600_for_periodic_600s_record,5.0,Kaimal,120.0,60.0,0.5,sigma_u=Iu*U10_not_Iu*U_deck,Davenport_exp,8.0,0.005,NOT_MATERIALIZED_MATRIX_ONLY,NOT_EXECUTED
19,patricia_2015_peak,I08-patricia_2015_peak-S20260805,飓风帕特里夏巅峰(风速纪录),hurricane,东太平洋,A,84.1,,METADATA_ONLY_NOT_CONSUMED_BY_WIND_GENERATION,0.12,"Patricia 2015-10-23, 345 km/h(1-min), 872 hPa",95.8/1.14; 1分钟口径全球热带气旋风速纪录,NHC via Wikipedia (Haiyan 条目交叉引用),102.67643276679303,U_deck=U10*ln(60/0.003)/ln(10/0.003),stationary_ok,NOT_PRESENT_IN_GITHUB_SPECTRAL_SWEEP,20260805,20260816,20260834,600.0,0.05,12000,0.0016666666666666668,GitHub_N_GRID_min_5e-4_Hz_raised_to_1_over_600_for_periodic_600s_record,5.0,Kaimal,120.0,60.0,0.5,sigma_u=Iu*U10_not_Iu*U_deck,Davenport_exp,8.0,0.005,NOT_MATERIALIZED_MATRIX_ONLY,NOT_EXECUTED
20,dorian_2019_landfall,I08-dorian_2019_landfall-S20260805,飓风多里安登陆巴哈马,hurricane,巴哈马,C,71.9,,METADATA_ONLY_NOT_CONSUMED_BY_WIND_GENERATION,0.12,Dorian 2019-09-01 Abaco 登陆 295 km/h(1-min),82/1.14; 大西洋最强登陆之一,NOAA NHC 报告 (文献常识级),87.78163514782901,U_deck=U10*ln(60/0.003)/ln(10/0.003),stationary_ok,NOT_PRESENT_IN_GITHUB_SPECTRAL_SWEEP,20260805,20260816,20260834,600.0,0.05,12000,0.0016666666666666668,GitHub_N_GRID_min_5e-4_Hz_raised_to_1_over_600_for_periodic_600s_record,5.0,Kaimal,120.0,60.0,0.5,sigma_u=Iu*U10_not_Iu*U_deck,Davenport_exp,8.0,0.005,NOT_MATERIALIZED_MATRIX_ONLY,NOT_EXECUTED
21,gustav_2008_cuba_gust,I08-gustav_2008_cuba_gust-S20260805,飓风古斯塔夫古巴地面阵风,hurricane,古巴,C,66.5,94.4,METADATA_ONLY_NOT_CONSUMED_BY_WIND_GENERATION,0.13,Gustav 2008-08-30 Paso Real de San Diego 站 211 mph 阵风,大西洋飓风地面站最大阵风; U10=94.4/1.42,古巴气象所纪录 (wunderground Category 6 对照表),81.18885587386131,U_deck=U10*ln(60/0.003)/ln(10/0.003),stationary_ok,NOT_PRESENT_IN_GITHUB_SPECTRAL_SWEEP,20260805,20260816,20260834,600.0,0.05,12000,0.0016666666666666668,GitHub_N_GRID_min_5e-4_Hz_raised_to_1_over_600_for_periodic_600s_record,5.0,Kaimal,120.0,60.0,0.5,sigma_u=Iu*U10_not_Iu*U_deck,Davenport_exp,8.0,0.005,NOT_MATERIALIZED_MATRIX_ONLY,NOT_EXECUTED
22,amphan_2020_peak,I08-amphan_2020_peak-S20260805,气旋安攀巅峰(孟加拉湾最强),monsoon,孟加拉湾,A,63.5,,METADATA_ONLY_NOT_CONSUMED_BY_WIND_GENERATION,0.12,"Amphan 2020-05-18, IMD 3-min 240 km/h / JTWC 1-min 270 km/h, 920 hPa",IMD 66.7/1.05 = 63.5; 登陆西孟加拉时降至 1-min 175 km/h. Sweep CSV still 63.0 until S5 replay.,IMD/JTWC via Wikipedia Cyclone Amphan,77.52620072165705,U_deck=U10*ln(60/0.003)/ln(10/0.003),stationary_ok,NOT_PRESENT_IN_GITHUB_SPECTRAL_SWEEP,20260805,20260816,20260834,600.0,0.05,12000,0.0016666666666666668,GitHub_N_GRID_min_5e-4_Hz_raised_to_1_over_600_for_periodic_600s_record,5.0,Kaimal,120.0,60.0,0.5,sigma_u=Iu*U10_not_Iu*U_deck,Davenport_exp,8.0,0.005,NOT_MATERIALIZED_MATRIX_ONLY,NOT_EXECUTED
23,nargis_2008_peak,I08-nargis_2008_peak-S20260805,气旋纳尔吉斯巅峰,monsoon,孟加拉湾/缅甸,A,52.4,,METADATA_ONLY_NOT_CONSUMED_BY_WIND_GENERATION,0.12,"Nargis 2008-05-02, JTWC 1-min 215 km/h, 伊洛瓦底登陆",59.7/1.14,JTWC via Wikipedia,63.97437665850124,U_deck=U10*ln(60/0.003)/ln(10/0.003),stationary_ok,NOT_PRESENT_IN_GITHUB_SPECTRAL_SWEEP,20260805,20260816,20260834,600.0,0.05,12000,0.0016666666666666668,GitHub_N_GRID_min_5e-4_Hz_raised_to_1_over_600_for_periodic_600s_record,5.0,Kaimal,120.0,60.0,0.5,sigma_u=Iu*U10_not_Iu*U_deck,Davenport_exp,8.0,0.005,NOT_MATERIALIZED_MATRIX_ONLY,NOT_EXECUTED
24,bhola_1970_peak,I08-bhola_1970_peak-S20260805,1970博拉气旋,monsoon,孟加拉湾/孟加拉,A,49.0,,METADATA_ONLY_NOT_CONSUMED_BY_WIND_GENERATION,0.12,"Bhola 1970-11-12, 3-min 185 km/h, 史上最致命热带气旋(>=30万人)",51.4/1.05; 早期估计不确定度大,IMD 历史资料 via Wikipedia,59.82336748600307,U_deck=U10*ln(60/0.003)/ln(10/0.003),stationary_ok,NOT_PRESENT_IN_GITHUB_SPECTRAL_SWEEP,20260805,20260816,20260834,600.0,0.05,12000,0.0016666666666666668,GitHub_N_GRID_min_5e-4_Hz_raised_to_1_over_600_for_periodic_600s_record,5.0,Kaimal,120.0,60.0,0.5,sigma_u=Iu*U10_not_Iu*U_deck,Davenport_exp,8.0,0.005,NOT_MATERIALIZED_MATRIX_ONLY,NOT_EXECUTED
25,ef3_anchor,I08-ef3_anchor-S20260805,EF3龙卷锚点,tornado,通用,B,47.2,67.0,METADATA_ONLY_NOT_CONSUMED_BY_WIND_GENERATION,0.25,EF3 = 61-73 m/s 3秒阵风,"取区间中值67; 非平稳小尺度, 仅量级参考; U10=67/1.42 为名义换算",Enhanced Fujita scale; 郑永光等《风速等级标准与阜宁龙卷强度估计》气象2016 (含m/s对照表),57.62577439468052,U_deck=U10*ln(60/0.003)/ln(10/0.003),reference_only,NOT_PRESENT_IN_GITHUB_SPECTRAL_SWEEP,20260805,20260816,20260834,600.0,0.05,12000,0.0016666666666666668,GitHub_N_GRID_min_5e-4_Hz_raised_to_1_over_600_for_periodic_600s_record,5.0,Kaimal,120.0,60.0,0.5,sigma_u=Iu*U10_not_Iu*U_deck,Davenport_exp,8.0,0.005,NOT_MATERIALIZED_MATRIX_ONLY,NOT_EXECUTED
26,ef4_anchor,I08-ef4_anchor-S20260805,EF4龙卷锚点,tornado,通用,B,57.7,82.0,METADATA_ONLY_NOT_CONSUMED_BY_WIND_GENERATION,0.25,EF4 = 74-90 m/s 3秒阵风,区间中值82; 同上,同上,70.44506742739546,U_deck=U10*ln(60/0.003)/ln(10/0.003),reference_only,NOT_PRESENT_IN_GITHUB_SPECTRAL_SWEEP,20260805,20260816,20260834,600.0,0.05,12000,0.0016666666666666668,GitHub_N_GRID_min_5e-4_Hz_raised_to_1_over_600_for_periodic_600s_record,5.0,Kaimal,120.0,60.0,0.5,sigma_u=Iu*U10_not_Iu*U_deck,Davenport_exp,8.0,0.005,NOT_MATERIALIZED_MATRIX_ONLY,NOT_EXECUTED
27,ef5_anchor,I08-ef5_anchor-S20260805,EF5龙卷锚点,tornado,通用,B,66.9,95.0,METADATA_ONLY_NOT_CONSUMED_BY_WIND_GENERATION,0.25,EF5 > 90 m/s 3秒阵风,取95为名义值; 中国尚无EF5记录,同上,81.67720989415523,U_deck=U10*ln(60/0.003)/ln(10/0.003),reference_only,NOT_PRESENT_IN_GITHUB_SPECTRAL_SWEEP,20260805,20260816,20260834,600.0,0.05,12000,0.0016666666666666668,GitHub_N_GRID_min_5e-4_Hz_raised_to_1_over_600_for_periodic_600s_record,5.0,Kaimal,120.0,60.0,0.5,sigma_u=Iu*U10_not_Iu*U_deck,Davenport_exp,8.0,0.005,NOT_MATERIALIZED_MATRIX_ONLY,NOT_EXECUTED
28,funing_2016_ef4,I08-funing_2016_ef4-S20260805,江苏阜宁6·23龙卷(EF4),tornado,中国江苏盐城,A,51.8,73.5,METADATA_ONLY_NOT_CONSUMED_BY_WIND_GENERATION,0.25,"2016-06-23 阜宁, CMA调查组认定EF4, 最大瞬时约73-74 m/s, 99人遇难","灾调估计值(下限74), 站点实测仅34.6; 与桥址同省, 龙卷走廊证据",中国气象局调查组/新华社; 郑永光等 气象2016,63.24184562806039,U_deck=U10*ln(60/0.003)/ln(10/0.003),reference_only,NOT_PRESENT_IN_GITHUB_SPECTRAL_SWEEP,20260805,20260816,20260834,600.0,0.05,12000,0.0016666666666666668,GitHub_N_GRID_min_5e-4_Hz_raised_to_1_over_600_for_periodic_600s_record,5.0,Kaimal,120.0,60.0,0.5,sigma_u=Iu*U10_not_Iu*U_deck,Davenport_exp,8.0,0.005,NOT_MATERIALIZED_MATRIX_ONLY,NOT_EXECUTED
29,bridge_creek_1999_ref,I08-bridge_creek_1999_ref-S20260805,Bridge Creek龙卷多普勒纪录,tornado,美国俄克拉荷马,C,95.1,135.0,METADATA_ONLY_NOT_CONSUMED_BY_WIND_GENERATION,0.25,"1999-05-03, 多普勒雷达 135 m/s @ ~100 m 高度","非10 m非3秒标准口径, 龙卷内部雷达值; 仅作包络上限参考",DOW 雷达纪录 (wunderground Category 6 对照表),116.10616832487534,U_deck=U10*ln(60/0.003)/ln(10/0.003),reference_only,NOT_PRESENT_IN_GITHUB_SPECTRAL_SWEEP,20260805,20260816,20260834,600.0,0.05,12000,0.0016666666666666668,GitHub_N_GRID_min_5e-4_Hz_raised_to_1_over_600_for_periodic_600s_record,5.0,Kaimal,120.0,60.0,0.5,sigma_u=Iu*U10_not_Iu*U_deck,Davenport_exp,8.0,0.005,NOT_MATERIALIZED_MATRIX_ONLY,NOT_EXECUTED
30,dongfangzhixing_2015_downburst,I08-dongfangzhixing_2015_downburst-S20260805,东方之星下击暴流(EF1),downburst,中国湖北监利,A,30.6,43.5,METADATA_ONLY_NOT_CONSUMED_BY_WIND_GENERATION,0.22,"2015-06-01 长江监利段下击暴流致客轮翻沉, 灾调EF1",EF1(38-49)中值43.5; 长江航道同类环境事件,郑永光等 气象2016 灾调,37.35908255248356,U_deck=U10*ln(60/0.003)/ln(10/0.003),reference_only,NOT_PRESENT_IN_GITHUB_SPECTRAL_SWEEP,20260805,20260816,20260834,600.0,0.05,12000,0.0016666666666666668,GitHub_N_GRID_min_5e-4_Hz_raised_to_1_over_600_for_periodic_600s_record,5.0,Kaimal,120.0,60.0,0.5,sigma_u=Iu*U10_not_Iu*U_deck,Davenport_exp,8.0,0.005,NOT_MATERIALIZED_MATRIX_ONLY,NOT_EXECUTED
31,andrews_afb_1983_microburst,I08-andrews_afb_1983_microburst-S20260805,Andrews基地微下击暴流,downburst,美国马里兰,C,46.9,66.6,METADATA_ONLY_NOT_CONSUMED_BY_WIND_GENERATION,0.22,"1983-08-01, 149 mph 阵风(总统专机降落前后)",Fujita 微暴流经典个例; U10=66.6/1.42 名义,Fujita (1985) 微暴流研究 (文献常识级),57.259508879460085,U_deck=U10*ln(60/0.003)/ln(10/0.003),reference_only,NOT_PRESENT_IN_GITHUB_SPECTRAL_SWEEP,20260805,20260816,20260834,600.0,0.05,12000,0.0016666666666666668,GitHub_N_GRID_min_5e-4_Hz_raised_to_1_over_600_for_periodic_600s_record,5.0,Kaimal,120.0,60.0,0.5,sigma_u=Iu*U10_not_Iu*U_deck,Davenport_exp,8.0,0.005,NOT_MATERIALIZED_MATRIX_ONLY,NOT_EXECUTED
32,midwest_derecho_2020,I08-midwest_derecho_2020-S20260805,2020美国中西部derecho,derecho,美国爱荷华,C,44.1,62.6,METADATA_ONLY_NOT_CONSUMED_BY_WIND_GENERATION,0.2,"2020-08-10, Cedar Rapids 一带 NWS 估计阵风达 140 mph","62.6/1.42; 大范围直线风暴, 平稳谱方法部分适用",NOAA/NWS 事件报告 (文献常识级),53.84103073740277,U_deck=U10*ln(60/0.003)/ln(10/0.003),reference_only,NOT_PRESENT_IN_GITHUB_SPECTRAL_SWEEP,20260805,20260816,20260834,600.0,0.05,12000,0.0016666666666666668,GitHub_N_GRID_min_5e-4_Hz_raised_to_1_over_600_for_periodic_600s_record,5.0,Kaimal,120.0,60.0,0.5,sigma_u=Iu*U10_not_Iu*U_deck,Davenport_exp,8.0,0.005,NOT_MATERIALIZED_MATRIX_ONLY,NOT_EXECUTED
33,great_storm_1987,I08-great_storm_1987-S20260805,1987英吉利大风暴,extratropical_storm,英国/法国,C,35.2,50.0,METADATA_ONLY_NOT_CONSUMED_BY_WIND_GENERATION,0.15,"1987-10-16, 英南沿岸阵风约50 m/s",50/1.42; 温带气旋炸弹,UK Met Office 事件回顾 (文献常识级),42.975153785863434,U_deck=U10*ln(60/0.003)/ln(10/0.003),stationary_ok,NOT_PRESENT_IN_GITHUB_SPECTRAL_SWEEP,20260805,20260816,20260834,600.0,0.05,12000,0.0016666666666666668,GitHub_N_GRID_min_5e-4_Hz_raised_to_1_over_600_for_periodic_600s_record,5.0,Kaimal,120.0,60.0,0.5,sigma_u=Iu*U10_not_Iu*U_deck,Davenport_exp,8.0,0.005,NOT_MATERIALIZED_MATRIX_ONLY,NOT_EXECUTED
34,lothar_1999,I08-lothar_1999-S20260805,1999洛塔尔风暴,extratropical_storm,法国/德国/瑞士,C,33.0,58.9,METADATA_ONLY_NOT_CONSUMED_BY_WIND_GENERATION,0.16,"1999-12-26, 巴黎阵风169 km/h, Feldberg 212 km/h",山站212 km/h为高地值; 平原U10约33,Meteo-France/DWD (文献常识级),40.28920667424697,U_deck=U10*ln(60/0.003)/ln(10/0.003),stationary_ok,NOT_PRESENT_IN_GITHUB_SPECTRAL_SWEEP,20260805,20260816,20260834,600.0,0.05,12000,0.0016666666666666668,GitHub_N_GRID_min_5e-4_Hz_raised_to_1_over_600_for_periodic_600s_record,5.0,Kaimal,120.0,60.0,0.5,sigma_u=Iu*U10_not_Iu*U_deck,Davenport_exp,8.0,0.005,NOT_MATERIALIZED_MATRIX_ONLY,NOT_EXECUTED
35,bora_adriatic,I08-bora_adriatic-S20260805,亚得里亚海布拉风,foehn_bora,克罗地亚,C,48.6,69.0,METADATA_ONLY_NOT_CONSUMED_BY_WIND_GENERATION,0.18,Maslenica 桥区阵风纪录约248 km/h (2003),下坡风; 69/1.42; 桥梁运营限风的著名案例,克罗地亚气象水文局纪录 (文献常识级),59.335013465709174,U_deck=U10*ln(60/0.003)/ln(10/0.003),stationary_ok,NOT_PRESENT_IN_GITHUB_SPECTRAL_SWEEP,20260805,20260816,20260834,600.0,0.05,12000,0.0016666666666666668,GitHub_N_GRID_min_5e-4_Hz_raised_to_1_over_600_for_periodic_600s_record,5.0,Kaimal,120.0,60.0,0.5,sigma_u=Iu*U10_not_Iu*U_deck,Davenport_exp,8.0,0.005,NOT_MATERIALIZED_MATRIX_ONLY,NOT_EXECUTED
36,mistral_strong,I08-mistral_strong-S20260805,密史脱拉强事件,foehn_bora,法国罗讷河谷,C,28.0,40.0,METADATA_ONLY_NOT_CONSUMED_BY_WIND_GENERATION,0.16,强密史脱拉日,气候型强事件典型量级,Meteo-France 气候资料 (气候级),34.18478142057319,U_deck=U10*ln(60/0.003)/ln(10/0.003),stationary_ok,NOT_PRESENT_IN_GITHUB_SPECTRAL_SWEEP,20260805,20260816,20260834,600.0,0.05,12000,0.0016666666666666668,GitHub_N_GRID_min_5e-4_Hz_raised_to_1_over_600_for_periodic_600s_record,5.0,Kaimal,120.0,60.0,0.5,sigma_u=Iu*U10_not_Iu*U_deck,Davenport_exp,8.0,0.005,NOT_MATERIALIZED_MATRIX_ONLY,NOT_EXECUTED
37,patagonia_westerlies,I08-patagonia_westerlies-S20260805,巴塔哥尼亚西风带强事件,extratropical_storm,阿根廷/智利,C,28.0,42.0,METADATA_ONLY_NOT_CONSUMED_BY_WIND_GENERATION,0.15,西风带强事件典型量级,气候型; 常年6-8级,SMN 阿根廷气候资料 (气候级),34.18478142057319,U_deck=U10*ln(60/0.003)/ln(10/0.003),stationary_ok,NOT_PRESENT_IN_GITHUB_SPECTRAL_SWEEP,20260805,20260816,20260834,600.0,0.05,12000,0.0016666666666666668,GitHub_N_GRID_min_5e-4_Hz_raised_to_1_over_600_for_periodic_600s_record,5.0,Kaimal,120.0,60.0,0.5,sigma_u=Iu*U10_not_Iu*U_deck,Davenport_exp,8.0,0.005,NOT_MATERIALIZED_MATRIX_ONLY,NOT_EXECUTED
38,xinjiang_baili_fengqu,I08-xinjiang_baili_fengqu-S20260805,新疆百里风区(十三间房),local_record,中国新疆兰新线,A,30.0,60.0,METADATA_ONLY_NOT_CONSUMED_BY_WIND_GENERATION,0.16,实测最大瞬时>=60 m/s; 十三间房站历史极大50.8; 2001-04 测风仪51-56 m/s打到极限; 2007-02-28 13级(37-41.4)吹翻11节车厢,年均8级以上大风100-140天; U10取强事件持续风名义30,气象杂志2012《新疆百里风区地形与大风的关系》; 中新社2007; 澎湃/新疆气象,36.626551522042696,U_deck=U10*ln(60/0.003)/ln(10/0.003),stationary_ok,NOT_PRESENT_IN_GITHUB_SPECTRAL_SWEEP,20260805,20260816,20260834,600.0,0.05,12000,0.0016666666666666668,GitHub_N_GRID_min_5e-4_Hz_raised_to_1_over_600_for_periodic_600s_record,5.0,Kaimal,120.0,60.0,0.5,sigma_u=Iu*U10_not_Iu*U_deck,Davenport_exp,8.0,0.005,NOT_MATERIALIZED_MATRIX_ONLY,NOT_EXECUTED
39,cape_denison_katabatic,I08-cape_denison_katabatic-S20260805,南极联邦湾下降风,katabatic,南极Cape Denison,C,19.4,90.0,METADATA_ONLY_NOT_CONSUMED_BY_WIND_GENERATION,0.15,"地球年均风速最大地点(年均19.4 m/s), 强下降风阵风可达~90 m/s量级",年均值为常年持续风; 阵风为探险与站史文献量级,Mawson 站史/BAS 气候资料 (文献常识级),23.685169984254276,U_deck=U10*ln(60/0.003)/ln(10/0.003),stationary_ok,NOT_PRESENT_IN_GITHUB_SPECTRAL_SWEEP,20260805,20260816,20260834,600.0,0.05,12000,0.0016666666666666668,GitHub_N_GRID_min_5e-4_Hz_raised_to_1_over_600_for_periodic_600s_record,5.0,Kaimal,120.0,60.0,0.5,sigma_u=Iu*U10_not_Iu*U_deck,Davenport_exp,8.0,0.005,NOT_MATERIALIZED_MATRIX_ONLY,NOT_EXECUTED
40,thule_1972_gust,I08-thule_1972_gust-S20260805,图勒基地1972阵风,katabatic,格陵兰,C,65.1,92.5,METADATA_ONLY_NOT_CONSUMED_BY_WIND_GENERATION,0.15,1972-03-06 Thule AFB 阵风207 mph,非山地非热带气旋的地面最大阵风之一; U10=92.5/1.42名义,USAF 站纪录 (wunderground Category 6 对照表),79.47961680283265,U_deck=U10*ln(60/0.003)/ln(10/0.003),stationary_ok,NOT_PRESENT_IN_GITHUB_SPECTRAL_SWEEP,20260805,20260816,20260834,600.0,0.05,12000,0.0016666666666666668,GitHub_N_GRID_min_5e-4_Hz_raised_to_1_over_600_for_periodic_600s_record,5.0,Kaimal,120.0,60.0,0.5,sigma_u=Iu*U10_not_Iu*U_deck,Davenport_exp,8.0,0.005,NOT_MATERIALIZED_MATRIX_ONLY,NOT_EXECUTED
41,piteraq_tasiilaq,I08-piteraq_tasiilaq-S20260805,格陵兰皮特拉克风暴,katabatic,格陵兰东岸,C,45.0,80.0,METADATA_ONLY_NOT_CONSUMED_BY_WIND_GENERATION,0.16,"Tasiilaq 1970 强皮特拉克, 阵风估计70-90 m/s","文献级估计, 不作定量下结论",DMI 事件回顾 (文献常识级),54.93982728306405,U_deck=U10*ln(60/0.003)/ln(10/0.003),stationary_ok,NOT_PRESENT_IN_GITHUB_SPECTRAL_SWEEP,20260805,20260816,20260834,600.0,0.05,12000,0.0016666666666666668,GitHub_N_GRID_min_5e-4_Hz_raised_to_1_over_600_for_periodic_600s_record,5.0,Kaimal,120.0,60.0,0.5,sigma_u=Iu*U10_not_Iu*U_deck,Davenport_exp,8.0,0.005,NOT_MATERIALIZED_MATRIX_ONLY,NOT_EXECUTED
42,barrow_olivia_1996,I08-barrow_olivia_1996-S20260805,巴罗岛奥利维亚(世界阵风纪录),local_record,澳大利亚西北,A,48.9,113.2,METADATA_ONLY_NOT_CONSUMED_BY_WIND_GENERATION,0.12,"1996-04-10 TC Olivia, 3秒阵风113.2 m/s (WMO认证), 事件内5分钟平均峰值176 km/h",阵风因子2.27-2.75异常(眼壁中尺度涡); U10取5分钟平均峰值48.9,WMO World Weather Extremes Archive; Courtney et al. 2012 AMOJ doi:10.1071/es12001,59.701278980929594,U_deck=U10*ln(60/0.003)/ln(10/0.003),stationary_ok,NOT_PRESENT_IN_GITHUB_SPECTRAL_SWEEP,20260805,20260816,20260834,600.0,0.05,12000,0.0016666666666666668,GitHub_N_GRID_min_5e-4_Hz_raised_to_1_over_600_for_periodic_600s_record,5.0,Kaimal,120.0,60.0,0.5,sigma_u=Iu*U10_not_Iu*U_deck,Davenport_exp,8.0,0.005,NOT_MATERIALIZED_MATRIX_ONLY,NOT_EXECUTED
43,mt_washington_1934,I08-mt_washington_1934-S20260805,华盛顿山1934阵风,local_record,美国新罕布什尔(1917 m山顶),A,72.7,103.3,METADATA_ONLY_NOT_CONSUMED_BY_WIND_GENERATION,0.15,"1934-04-12 阵风231 mph, 有人值守台站纪录","山顶站, 不代表10 m平地; U10=103.3/1.42名义",Mount Washington Observatory; WMO archive,88.75834318841682,U_deck=U10*ln(60/0.003)/ln(10/0.003),stationary_ok,NOT_PRESENT_IN_GITHUB_SPECTRAL_SWEEP,20260805,20260816,20260834,600.0,0.05,12000,0.0016666666666666668,GitHub_N_GRID_min_5e-4_Hz_raised_to_1_over_600_for_periodic_600s_record,5.0,Kaimal,120.0,60.0,0.5,sigma_u=Iu*U10_not_Iu*U_deck,Davenport_exp,8.0,0.005,NOT_MATERIALIZED_MATRIX_ONLY,NOT_EXECUTED
