passage_index,passage_id,span,gate_index,gate_name_cw1,gate_name_cw2,mct_property3_element,mct_bottom_node,mct_gate_node,mct_bottom_x_mm,mct_bottom_y_mm,mct_bottom_z_mm,mct_gate_x_mm,mct_gate_y_mm,mct_gate_z_mm,ansys_passage_center_x_mm,ansys_bottom_station_y_mm,ansys_gate_top_station_y_mm,ansys_gate_centerline_y_mm,ansys_passage_top_chord_reference_z_mm,ansys_gate_top_rope_z_mm,bottom_left_segment_slope_degree,bottom_right_segment_slope_degree,bottom_central_chord_slope_degree,gate_top_bottom_station_mismatch_mm,old_proportional_global_y_mm,authority_bottom_minus_old_y_mm,authority_gate_center_minus_old_y_mm,bottom_mct_combined_weight_kn_per_catwalk,gate_mct_combined_weight_kn_per_catwalk,dedicated_total_weight_kn_per_catwalk,dedicated_total_mass_tonne_per_catwalk,dedicated_total_weight_kn_two_catwalks,dedicated_total_mass_tonne_two_catwalks,cross_passage_half_weight_kn_per_catwalk,cross_passage_full_weight_kn_two_catwalks,cross_passage_full_mass_tonne_two_catwalks,cross_passage_tri_gate_weight_kn_per_catwalk,gate_bottom_beam_weight_kn_per_catwalk,guide_roller_weight_kn_per_catwalk,main_cable_restrainer_weight_kn_per_catwalk,pws_roller_weight_kn_per_catwalk,large_crossbeam_weight_kn_per_catwalk,bottom_component_ids,gate_component_ids,bottom_ansys_nodes_cw1,bottom_ansys_nodes_cw2,gate_ansys_nodes_cw1,gate_ansys_nodes_cw2,bottom_mass21_elements_cw1,bottom_mass21_elements_cw2,gate_mass21_elements_cw1,gate_mass21_elements_cw2,recommended_finite_model_station_rule
1,H01,north_side,3,CW1_GATE_03,CW2_GATE_03,1397,42,1018,1035000.0,0.0,112301.044092026,1035009.3,0.0,121414.541763406,0.0,203909.0,203918.30000000005,203913.65000000002,112301.044092026,121414.541763406,20.140057687006248,20.582348488222664,20.36151986850172,9.300000000046566,204933.07272727272,-1024.0727272727236,-1019.4227272727003,70.12,21.556,91.676,9.348970018356109,183.352,18.697940036712218,49.69,99.38,10.134611462369978,12.36,3.18,9.196,14.72,1.21,1.32,cross_passage_half;main_cable_restrainer;gate_bottom_beam;pws_roller;large_crossbeam,cross_passage_tri_gate;guide_roller,42;770;1498;2226;2954;3682;4410;5138;5866;6594;7322;8050;8778;9506;10234;10962,14060;14788;15516;16244;16972;17700;18428;19156;19884;20612;21340;22068;22796;23524;24252;24980,11666;12061;12456;12851;13246;13641,25684;26079;26474;26869;27264;27659,500034;500727;501420;502113;502806;503499;504192;504885;505578;506271;506964;507657;508350;509043;509736;510429,511548;512241;512934;513627;514320;515013;515706;516399;517092;517785;518478;519171;519864;520557;521250;521943,511090;511161;511232;511303;511374;511445,522604;522675;522746;522817;522888;522959,门架中心线保留gate_centerline_y；底梁/顶梁分别用刚臂连接bottom/gate原索节点；横通道顶弦参考点连接bottom站，不再使用old比例Y。
2,H02,north_side,6,CW1_GATE_06,CW2_GATE_06,1400,81,1033,1206000.0,0.0,181248.47221642,1206009.3,0.0,190318.383196477,0.0,374909.0,374918.30000000005,374913.6499999999,181248.47221642,190318.383196477,23.342551924537922,23.717644497498895,23.53036552574458,9.300000000046566,372853.0,2056.0,2060.649999999907,68.8,21.556,90.356,9.21435855598613,180.712,18.42871711197226,49.69,99.38,10.134611462369978,12.36,3.18,9.196,14.72,1.21,0.0,cross_passage_half;main_cable_restrainer;gate_bottom_beam;pws_roller,cross_passage_tri_gate;guide_roller,81;809;1537;2265;2993;3721;4449;5177;5905;6633;7361;8089;8817;9545;10273;11001,14099;14827;15555;16283;17011;17739;18467;19195;19923;20651;21379;22107;22835;23563;24291;25019,11681;12076;12471;12866;13261;13656,25699;26094;26489;26884;27279;27674,500073;500766;501459;502152;502845;503538;504231;504924;505617;506310;507003;507696;508389;509082;509775;510468,511587;512280;512973;513666;514359;515052;515745;516438;517131;517824;518517;519210;519903;520596;521289;521982,511093;511164;511235;511306;511377;511448,522607;522678;522749;522820;522891;522962,门架中心线保留gate_centerline_y；底梁/顶梁分别用刚臂连接bottom/gate原索节点；横通道顶弦参考点连接bottom站，不再使用old比例Y。
3,H03,north_side,9,CW1_GATE_09,CW2_GATE_09,1403,120,1048,1377000.0,0.0,261294.046462196,1377009.3,0.0,269621.777313957,0.0,545909.0,545918.3,545913.6499999999,261294.046462196,269621.777313957,26.40575637408183,26.811932615760096,26.609205114619282,9.300000000046566,540772.9272727272,5136.072727272753,5140.7227272726595,70.12,21.556,91.676,9.348970018356109,183.352,18.697940036712218,49.69,99.38,10.134611462369978,12.36,3.18,9.196,14.72,1.21,1.32,cross_passage_half;main_cable_restrainer;gate_bottom_beam;pws_roller;large_crossbeam,cross_passage_tri_gate;guide_roller,120;848;1576;2304;3032;3760;4488;5216;5944;6672;7400;8128;8856;9584;10312;11040,14138;14866;15594;16322;17050;17778;18506;19234;19962;20690;21418;22146;22874;23602;24330;25058,11696;12091;12486;12881;13276;13671,25714;26109;26504;26899;27294;27689,500112;500805;501498;502191;502884;503577;504270;504963;505656;506349;507042;507735;508428;509121;509814;510507,511626;512319;513012;513705;514398;515091;515784;516477;517170;517863;518556;519249;519942;520635;521328;522021,511096;511167;511238;511309;511380;511451,522610;522681;522752;522823;522894;522965,门架中心线保留gate_centerline_y；底梁/顶梁分别用刚臂连接bottom/gate原索节点；横通道顶弦参考点连接bottom站，不再使用old比例Y。
4,H04,main_span,14,CW1_GATE_14,CW2_GATE_14,1408,180,1083,1714000.0,-3.31579519234633e-14,276040.031984883,1714009.3,0.0,285027.591256459,0.0,882909.0,882918.3,882913.6499999999,276040.031984883,285027.591256459,-18.81265319964414,-18.329202876769344,-18.571270671730552,9.300000000046566,875063.7826086957,7845.2173913043225,7849.867391304229,70.12,21.556,91.676,9.348970018356109,183.352,18.697940036712218,49.69,99.38,10.134611462369978,12.36,3.18,9.196,14.72,1.21,1.32,cross_passage_half;main_cable_restrainer;gate_bottom_beam;pws_roller;large_crossbeam,cross_passage_tri_gate;guide_roller,180;908;1636;2364;3092;3820;4548;5276;6004;6732;7460;8188;8916;9644;10372;11100,14198;14926;15654;16382;17110;17838;18566;19294;20022;20750;21478;22206;22934;23662;24390;25118,11731;12126;12521;12916;13311;13706,25749;26144;26539;26934;27329;27724,500164;500857;501550;502243;502936;503629;504322;505015;505708;506401;507094;507787;508480;509173;509866;510559,511678;512371;513064;513757;514450;515143;515836;516529;517222;517915;518608;519301;519994;520687;521380;522073,511101;511172;511243;511314;511385;511456,522615;522686;522757;522828;522899;522970,门架中心线保留gate_centerline_y；底梁/顶梁分别用刚臂连接bottom/gate原索节点；横通道顶弦参考点连接bottom站，不再使用old比例Y。
5,H05,main_span,17,CW1_GATE_17,CW2_GATE_17,1411,201,1098,1885000.0,-4.44466890400919e-13,223724.186533411,1885009.3,0.0,232666.153448418,0.0,1053909.0,1053918.3,1053913.65,223724.186533411,232666.153448418,-15.679356525602916,-15.181669106364268,-15.430811130940763,9.300000000046566,1046212.4782608696,7696.521739130374,7701.171739130281,70.12,21.556,91.676,9.348970018356109,183.352,18.697940036712218,49.69,99.38,10.134611462369978,12.36,3.18,9.196,14.72,1.21,1.32,cross_passage_half;main_cable_restrainer;gate_bottom_beam;pws_roller;large_crossbeam,cross_passage_tri_gate;guide_roller,201;929;1657;2385;3113;3841;4569;5297;6025;6753;7481;8209;8937;9665;10393;11121,14219;14947;15675;16403;17131;17859;18587;19315;20043;20771;21499;22227;22955;23683;24411;25139,11746;12141;12536;12931;13326;13721,25764;26159;26554;26949;27344;27739,500185;500878;501571;502264;502957;503650;504343;505036;505729;506422;507115;507808;508501;509194;509887;510580,511699;512392;513085;513778;514471;515164;515857;516550;517243;517936;518629;519322;520015;520708;521401;522094,511104;511175;511246;511317;511388;511459,522618;522689;522760;522831;522902;522973,门架中心线保留gate_centerline_y；底梁/顶梁分别用刚臂连接bottom/gate原索节点；横通道顶弦参考点连接bottom站，不再使用old比例Y。
6,H06,main_span,20,CW1_GATE_20,CW2_GATE_20,1414,222,1113,2056000.0,-8.55760607061329e-13,181596.562478559,2056009.3,0.0,190358.488463189,0.0,1224909.0,1224918.3,1224913.65,181596.562478559,190358.488463189,-12.486742459488283,-11.977040699939018,-12.232137330732876,9.300000000046566,1217361.1739130435,7547.826086956542,7552.476086956449,70.12,21.556,91.676,9.348970018356109,183.352,18.697940036712218,49.69,99.38,10.134611462369978,12.36,3.18,9.196,14.72,1.21,1.32,cross_passage_half;main_cable_restrainer;gate_bottom_beam;pws_roller;large_crossbeam,cross_passage_tri_gate;guide_roller,222;950;1678;2406;3134;3862;4590;5318;6046;6774;7502;8230;8958;9686;10414;11142,14240;14968;15696;16424;17152;17880;18608;19336;20064;20792;21520;22248;22976;23704;24432;25160,11761;12156;12551;12946;13341;13736,25779;26174;26569;26964;27359;27754,500206;500899;501592;502285;502978;503671;504364;505057;505750;506443;507136;507829;508522;509215;509908;510601,511720;512413;513106;513799;514492;515185;515878;516571;517264;517957;518650;519343;520036;520729;521422;522115,511107;511178;511249;511320;511391;511462,522621;522692;522763;522834;522905;522976,门架中心线保留gate_centerline_y；底梁/顶梁分别用刚臂连接bottom/gate原索节点；横通道顶弦参考点连接bottom站，不再使用old比例Y。
7,H07,main_span,23,CW1_GATE_23,CW2_GATE_23,1417,243,1128,2227000.0,-1.26719722136206e-12,149546.421815958,2227009.3,0.0,158011.763592546,0.0,1395909.0,1395918.2999999998,1395913.65,149546.421815958,158011.763592546,-9.245504402216023,-8.726312005664166,-8.986094198671868,9.299999999813735,1388509.8695652173,7399.13043478271,7403.780434782617,70.12,21.556,91.676,9.348970018356109,183.352,18.697940036712218,49.69,99.38,10.134611462369978,12.36,3.18,9.196,14.72,1.21,1.32,cross_passage_half;main_cable_restrainer;gate_bottom_beam;pws_roller;large_crossbeam,cross_passage_tri_gate;guide_roller,243;971;1699;2427;3155;3883;4611;5339;6067;6795;7523;8251;8979;9707;10435;11163,14261;14989;15717;16445;17173;17901;18629;19357;20085;20813;21541;22269;22997;23725;24453;25181,11776;12171;12566;12961;13356;13751,25794;26189;26584;26979;27374;27769,500227;500920;501613;502306;502999;503692;504385;505078;505771;506464;507157;507850;508543;509236;509929;510622,511741;512434;513127;513820;514513;515206;515899;516592;517285;517978;518671;519364;520057;520750;521443;522136,511110;511181;511252;511323;511394;511465,522624;522695;522766;522837;522908;522979,门架中心线保留gate_centerline_y；底梁/顶梁分别用刚臂连接bottom/gate原索节点；横通道顶弦参考点连接bottom站，不再使用old比例Y。
8,H08,main_span,26,CW1_GATE_26,CW2_GATE_26,1420,262,1143,2378009.3,-1.63074824629408e-12,129617.42236002,2378009.3,0.0,137824.398326362,0.0,1546918.2999999998,1546918.2999999998,1546918.2999999998,129617.42236002,137824.398326362,-6.286224711300442,-5.843455605561064,-6.188352139479248,0.0,1541642.9130434783,5275.386956521543,5275.386956521543,67.59,21.556,89.146,9.090964715480318,178.292,18.181929430960636,49.69,99.38,10.134611462369978,12.36,3.18,9.196,14.72,0.0,0.0,cross_passage_half;main_cable_restrainer;gate_bottom_beam,cross_passage_tri_gate;guide_roller,262;990;1718;2446;3174;3902;4630;5358;6086;6814;7542;8270;8998;9726;10454;11182,14280;15008;15736;16464;17192;17920;18648;19376;20104;20832;21560;22288;23016;23744;24472;25200,11791;12186;12581;12976;13371;13766,25809;26204;26599;26994;27389;27784,500246;500939;501632;502325;503018;503711;504404;505097;505790;506483;507176;507869;508562;509255;509948;510641,511760;512453;513146;513839;514532;515225;515918;516611;517304;517997;518690;519383;520076;520769;521462;522155,511113;511184;511255;511326;511397;511468,522627;522698;522769;522840;522911;522982,门架中心线保留gate_centerline_y；底梁/顶梁分别用刚臂连接bottom/gate原索节点；横通道顶弦参考点连接bottom站，不再使用old比例Y。
9,H09,main_span,29,CW1_GATE_29,CW2_GATE_29,1423,283,1158,2535008.5,-2.00894787248261e-12,117230.263832353,2535008.5,0.0,125298.265166754,0.0,1703917.5,1703917.5,1703917.5,117230.263832353,125298.265166754,-3.1762510013169307,-2.7304945623192447,-2.830003130701277,0.0,1694775.9565217393,9141.543478260748,9141.543478260748,67.59,21.556,89.146,9.090964715480318,178.292,18.181929430960636,49.69,99.38,10.134611462369978,12.36,3.18,9.196,14.72,0.0,0.0,cross_passage_half;main_cable_restrainer;gate_bottom_beam,cross_passage_tri_gate;guide_roller,283;1011;1739;2467;3195;3923;4651;5379;6107;6835;7563;8291;9019;9747;10475;11203,14301;15029;15757;16485;17213;17941;18669;19397;20125;20853;21581;22309;23037;23765;24493;25221,11806;12201;12596;12991;13386;13781,25824;26219;26614;27009;27404;27799,500267;500960;501653;502346;503039;503732;504425;505118;505811;506504;507197;507890;508583;509276;509969;510662,511781;512474;513167;513860;514553;515246;515939;516632;517325;518018;518711;519404;520097;520790;521483;522176,511116;511187;511258;511329;511400;511471,522630;522701;522772;522843;522914;522985,门架中心线保留gate_centerline_y；底梁/顶梁分别用刚臂连接bottom/gate原索节点；横通道顶弦参考点连接bottom站，不再使用old比例Y。
10,H10,main_span,32,CW1_GATE_32,CW2_GATE_32,1426,302,1173,2686000.0,-2.37289764547357e-12,113300.0,2686008.5,0.0,121300.00000001,0.0,1854909.0,1854917.5,1854913.25,113300.0,121300.00000001,-0.27404125548535774,0.2686982348870916,-0.0026715702286720737,8.5,1847909.0,7000.0,7004.25,70.12,21.556,91.676,9.348970018356109,183.352,18.697940036712218,49.69,99.38,10.134611462369978,12.36,3.18,9.196,14.72,1.21,1.32,cross_passage_half;main_cable_restrainer;gate_bottom_beam;pws_roller;large_crossbeam,cross_passage_tri_gate;guide_roller,302;1030;1758;2486;3214;3942;4670;5398;6126;6854;7582;8310;9038;9766;10494;11222,14320;15048;15776;16504;17232;17960;18688;19416;20144;20872;21600;22328;23056;23784;24512;25240,11821;12216;12611;13006;13401;13796,25839;26234;26629;27024;27419;27814,500286;500979;501672;502365;503058;503751;504444;505137;505830;506523;507216;507909;508602;509295;509988;510681,511800;512493;513186;513879;514572;515265;515958;516651;517344;518037;518730;519423;520116;520809;521502;522195,511119;511190;511261;511332;511403;511474,522633;522704;522775;522846;522917;522988,门架中心线保留gate_centerline_y；底梁/顶梁分别用刚臂连接bottom/gate原索节点；横通道顶弦参考点连接bottom站，不再使用old比例Y。
11,H11,main_span,35,CW1_GATE_35,CW2_GATE_35,1429,321,1188,2837008.5,-1.55234313972624e-12,117215.765178323,2837008.5,0.0,125275.852353106,0.0,2005917.5,2005917.5,2005917.5,117215.765178323,125275.852353106,2.7252880118060836,3.1710489573216605,2.823955351101044,0.0,2001042.043478261,4875.456521739019,4875.456521739019,67.59,21.556,89.146,9.090964715480318,178.292,18.181929430960636,49.69,99.38,10.134611462369978,12.36,3.18,9.196,14.72,0.0,0.0,cross_passage_half;main_cable_restrainer;gate_bottom_beam,cross_passage_tri_gate;guide_roller,321;1049;1777;2505;3233;3961;4689;5417;6145;6873;7601;8329;9057;9785;10513;11241,14339;15067;15795;16523;17251;17979;18707;19435;20163;20891;21619;22347;23075;23803;24531;25259,11836;12231;12626;13021;13416;13811,25854;26249;26644;27039;27434;27829,500305;500998;501691;502384;503077;503770;504463;505156;505849;506542;507235;507928;508621;509314;510007;510700,511819;512512;513205;513898;514591;515284;515977;516670;517363;518056;518749;519442;520135;520828;521521;522214,511122;511193;511264;511335;511406;511477,522636;522707;522778;522849;522920;522991,门架中心线保留gate_centerline_y；底梁/顶梁分别用刚臂连接bottom/gate原索节点；横通道顶弦参考点连接bottom站，不再使用old比例Y。
12,H12,main_span,38,CW1_GATE_38,CW2_GATE_38,1432,342,1203,2994009.3,-1.5525224179435e-12,129591.682718469,2994009.3,0.0,137849.620262182,0.0,2162918.3,2162918.3,2162918.3,129591.682718469,137849.620262182,5.83828998211479,6.281067456447067,6.182278325594333,0.0,2154175.0869565215,8743.213043478318,8743.213043478318,67.59,21.556,89.146,9.090964715480318,178.292,18.181929430960636,49.69,99.38,10.134611462369978,12.36,3.18,9.196,14.72,0.0,0.0,cross_passage_half;main_cable_restrainer;gate_bottom_beam,cross_passage_tri_gate;guide_roller,342;1070;1798;2526;3254;3982;4710;5438;6166;6894;7622;8350;9078;9806;10534;11262,14360;15088;15816;16544;17272;18000;18728;19456;20184;20912;21640;22368;23096;23824;24552;25280,11851;12246;12641;13036;13431;13826,25869;26264;26659;27054;27449;27844,500326;501019;501712;502405;503098;503791;504484;505177;505870;506563;507256;507949;508642;509335;510028;510721,511840;512533;513226;513919;514612;515305;515998;516691;517384;518077;518770;519463;520156;520849;521542;522235,511125;511196;511267;511338;511409;511480,522639;522710;522781;522852;522923;522994,门架中心线保留gate_centerline_y；底梁/顶梁分别用刚臂连接bottom/gate原索节点；横通道顶弦参考点连接bottom站，不再使用old比例Y。
13,H13,main_span,41,CW1_GATE_41,CW2_GATE_41,1435,361,1218,3145000.0,-1.55269486341923e-12,149503.224113289,3145009.3,0.0,158014.687301232,0.0,2313909.0,2313918.3,2313913.65,149503.224113289,158014.687301232,8.721042064527323,9.240247581142375,8.980830716211893,9.299999999813735,2307308.1304347827,6600.86956521729,6605.519565217197,70.12,21.556,91.676,9.348970018356109,183.352,18.697940036712218,49.69,99.38,10.134611462369978,12.36,3.18,9.196,14.72,1.21,1.32,cross_passage_half;main_cable_restrainer;gate_bottom_beam;pws_roller;large_crossbeam,cross_passage_tri_gate;guide_roller,361;1089;1817;2545;3273;4001;4729;5457;6185;6913;7641;8369;9097;9825;10553;11281,14379;15107;15835;16563;17291;18019;18747;19475;20203;20931;21659;22387;23115;23843;24571;25299,11866;12261;12656;13051;13446;13841,25884;26279;26674;27069;27464;27859,500345;501038;501731;502424;503117;503810;504503;505196;505889;506582;507275;507968;508661;509354;510047;510740,511859;512552;513245;513938;514631;515324;516017;516710;517403;518096;518789;519482;520175;520868;521561;522254,511128;511199;511270;511341;511412;511483,522642;522713;522784;522855;522926;522997,门架中心线保留gate_centerline_y；底梁/顶梁分别用刚臂连接bottom/gate原索节点；横通道顶弦参考点连接bottom站，不再使用old比例Y。
14,H14,main_span,44,CW1_GATE_44,CW2_GATE_44,1438,382,1233,3316000.0,-1.55289021197106e-12,181537.186912644,3316009.3,0.0,190362.459247499,0.0,2484909.0,2484918.3,2484913.65,181537.186912644,190362.459247499,11.971835593266162,12.481554760576177,12.226940837079939,9.299999999813735,2478456.8260869565,6452.173913043458,6456.823913043365,70.12,21.556,91.676,9.348970018356109,183.352,18.697940036712218,49.69,99.38,10.134611462369978,12.36,3.18,9.196,14.72,1.21,1.32,cross_passage_half;main_cable_restrainer;gate_bottom_beam;pws_roller;large_crossbeam,cross_passage_tri_gate;guide_roller,382;1110;1838;2566;3294;4022;4750;5478;6206;6934;7662;8390;9118;9846;10574;11302,14400;15128;15856;16584;17312;18040;18768;19496;20224;20952;21680;22408;23136;23864;24592;25320,11881;12276;12671;13066;13461;13856,25899;26294;26689;27084;27479;27874,500366;501059;501752;502445;503138;503831;504524;505217;505910;506603;507296;507989;508682;509375;510068;510761,511880;512573;513266;513959;514652;515345;516038;516731;517424;518117;518810;519503;520196;520889;521582;522275,511131;511202;511273;511344;511415;511486,522645;522716;522787;522858;522929;523000,门架中心线保留gate_centerline_y；底梁/顶梁分别用刚臂连接bottom/gate原索节点；横通道顶弦参考点连接bottom站，不再使用old比例Y。
15,H15,main_span,47,CW1_GATE_47,CW2_GATE_47,1441,403,1248,3487000.0,-1.55308561551582e-12,223648.475809119,3487009.3,0.0,232671.179962876,0.0,2655909.0,2655918.3,2655913.65,223648.475809119,232671.179962876,15.17654740316482,15.67425605526134,15.425699965862602,9.299999999813735,2649605.5217391304,6303.478260869626,6308.128260869533,70.12,21.556,91.676,9.348970018356109,183.352,18.697940036712218,49.69,99.38,10.134611462369978,12.36,3.18,9.196,14.72,1.21,1.32,cross_passage_half;main_cable_restrainer;gate_bottom_beam;pws_roller;large_crossbeam,cross_passage_tri_gate;guide_roller,403;1131;1859;2587;3315;4043;4771;5499;6227;6955;7683;8411;9139;9867;10595;11323,14421;15149;15877;16605;17333;18061;18789;19517;20245;20973;21701;22429;23157;23885;24613;25341,11896;12291;12686;13081;13476;13871,25914;26309;26704;27099;27494;27889,500387;501080;501773;502466;503159;503852;504545;505238;505931;506624;507317;508010;508703;509396;510089;510782,511901;512594;513287;513980;514673;515366;516059;516752;517445;518138;518831;519524;520217;520910;521603;522296,511134;511205;511276;511347;511418;511489,522648;522719;522790;522861;522932;523003,门架中心线保留gate_centerline_y；底梁/顶梁分别用刚臂连接bottom/gate原索节点；横通道顶弦参考点连接bottom站，不再使用old比例Y。
16,H16,main_span,50,CW1_GATE_50,CW2_GATE_50,1444,424,1263,3658000.0,-1.55328106918536e-12,275947.786240305,3658009.3,0.0,285033.684432866,0.0,2826909.0,2826918.3,2826913.65,275947.786240305,285033.684432866,18.324181389002536,18.807656265143898,18.56626139616939,9.299999999813735,2820754.2173913047,6154.782608695328,6159.432608695235,70.12,21.556,91.676,9.348970018356109,183.352,18.697940036712218,49.69,99.38,10.134611462369978,12.36,3.18,9.196,14.72,1.21,1.32,cross_passage_half;main_cable_restrainer;gate_bottom_beam;pws_roller;large_crossbeam,cross_passage_tri_gate;guide_roller,424;1152;1880;2608;3336;4064;4792;5520;6248;6976;7704;8432;9160;9888;10616;11344,14442;15170;15898;16626;17354;18082;18810;19538;20266;20994;21722;22450;23178;23906;24634;25362,11911;12306;12701;13096;13491;13886,25929;26324;26719;27114;27509;27904,500408;501101;501794;502487;503180;503873;504566;505259;505952;506645;507338;508031;508724;509417;510110;510803,511922;512615;513308;514001;514694;515387;516080;516773;517466;518159;518852;519545;520238;520931;521624;522317,511137;511208;511279;511350;511421;511492,522651;522722;522793;522864;522935;523006,门架中心线保留gate_centerline_y；底梁/顶梁分别用刚臂连接bottom/gate原索节点；横通道顶弦参考点连接bottom站，不再使用old比例Y。
17,H17,south_side,55,CW1_GATE_55,CW2_GATE_55,1449,488,1300,4014500.0,-3.87269870150507e-16,272942.519985505,4014509.3,0.0,281675.671990902,0.0,3183409.0,3183418.3,3183413.65,272942.519985505,281675.671990902,-20.467769331300474,-20.026195495581565,-20.247296239846616,9.299999999813735,3188573.2259414224,-5164.225941422395,-5159.5759414224885,70.12,21.556,91.676,9.348970018356109,183.352,18.697940036712218,49.69,99.38,10.134611462369978,12.36,3.18,9.196,14.72,1.21,1.32,cross_passage_half;main_cable_restrainer;gate_bottom_beam;pws_roller;large_crossbeam,cross_passage_tri_gate;guide_roller,488;1216;1944;2672;3400;4128;4856;5584;6312;7040;7768;8496;9224;9952;10680;11408,14506;15234;15962;16690;17418;18146;18874;19602;20330;21058;21786;22514;23242;23970;24698;25426,11948;12343;12738;13133;13528;13923,25966;26361;26756;27151;27546;27941,500464;501157;501850;502543;503236;503929;504622;505315;506008;506701;507394;508087;508780;509473;510166;510859,511978;512671;513364;514057;514750;515443;516136;516829;517522;518215;518908;519601;520294;520987;521680;522373,511142;511213;511284;511355;511426;511497,522656;522727;522798;522869;522940;523011,门架中心线保留gate_centerline_y；底梁/顶梁分别用刚臂连接bottom/gate原索节点；横通道顶弦参考点连接bottom站，不再使用old比例Y。
18,H18,south_side,58,CW1_GATE_58,CW2_GATE_58,1452,528,1315,4194500.0,-4.13271916679804e-16,212497.108361869,4194509.3,0.0,221603.525991369,0.0,3363409.0,3363418.3,3363413.6500000004,212497.108361869,221603.525991369,-17.08078224092773,-16.623095950680696,-16.852215960394865,9.299999999813735,3361547.0,1862.0,1866.6500000003725,70.12,21.556,91.676,9.348970018356109,183.352,18.697940036712218,49.69,99.38,10.134611462369978,12.36,3.18,9.196,14.72,1.21,1.32,cross_passage_half;main_cable_restrainer;gate_bottom_beam;pws_roller;large_crossbeam,cross_passage_tri_gate;guide_roller,528;1256;1984;2712;3440;4168;4896;5624;6352;7080;7808;8536;9264;9992;10720;11448,14546;15274;16002;16730;17458;18186;18914;19642;20370;21098;21826;22554;23282;24010;24738;25466,11963;12358;12753;13148;13543;13938,25981;26376;26771;27166;27561;27956,500504;501197;501890;502583;503276;503969;504662;505355;506048;506741;507434;508127;508820;509513;510206;510899,512018;512711;513404;514097;514790;515483;516176;516869;517562;518255;518948;519641;520334;521027;521720;522413,511145;511216;511287;511358;511429;511500,522659;522730;522801;522872;522943;523014,门架中心线保留gate_centerline_y；底梁/顶梁分别用刚臂连接bottom/gate原索节点；横通道顶弦参考点连接bottom站，不再使用old比例Y。
19,H19,south_side,61,CW1_GATE_61,CW2_GATE_61,1455,568,1330,4374500.0,-3.10711742727232e-16,163836.628224247,4374509.3,0.0,172549.260273798,0.0,3543409.0,3543418.3,3543413.6500000004,163836.628224247,172549.260273798,-13.616474890412958,-13.145051449089092,-13.380993844692945,9.299999999813735,3534520.7740585776,8888.225941422395,8892.875941422768,70.12,21.556,91.676,9.348970018356109,183.352,18.697940036712218,49.69,99.38,10.134611462369978,12.36,3.18,9.196,14.72,1.21,1.32,cross_passage_half;main_cable_restrainer;gate_bottom_beam;pws_roller;large_crossbeam,cross_passage_tri_gate;guide_roller,568;1296;2024;2752;3480;4208;4936;5664;6392;7120;7848;8576;9304;10032;10760;11488,14586;15314;16042;16770;17498;18226;18954;19682;20410;21138;21866;22594;23322;24050;24778;25506,11978;12373;12768;13163;13558;13953,25996;26391;26786;27181;27576;27971,500544;501237;501930;502623;503316;504009;504702;505395;506088;506781;507474;508167;508860;509553;510246;510939,512058;512751;513444;514137;514830;515523;516216;516909;517602;518295;518988;519681;520374;521067;521760;522453,511148;511219;511290;511361;511432;511503,522662;522733;522804;522875;522946;523017,门架中心线保留gate_centerline_y；底梁/顶梁分别用刚臂连接bottom/gate原索节点；横通道顶弦参考点连接bottom站，不再使用old比例Y。
20,H20,south_aux,66,CW1_GATE_66,CW2_GATE_66,1460,646,1363,4719000.0,-6.63890711999242e-17,90402.4350296035,4719009.3,0.0,98874.2549728832,0.0,3887909.0,3887918.3,3887913.6500000004,90402.4350296035,98874.2549728832,-11.109707382570505,-10.630196358864154,-10.870144525260978,9.299999999813735,3888174.51888668,-265.51888667978346,-260.86888667941093,70.12,21.556,91.676,9.348970018356109,183.352,18.697940036712218,49.69,99.38,10.134611462369978,12.36,3.18,9.196,14.72,1.21,1.32,cross_passage_half;main_cable_restrainer;gate_bottom_beam;pws_roller;large_crossbeam,cross_passage_tri_gate;guide_roller,646;1374;2102;2830;3558;4286;5014;5742;6470;7198;7926;8654;9382;10110;10838;11566,14664;15392;16120;16848;17576;18304;19032;19760;20488;21216;21944;22672;23400;24128;24856;25584,12011;12406;12801;13196;13591;13986,26029;26424;26819;27214;27609;28004,500617;501310;502003;502696;503389;504082;504775;505468;506161;506854;507547;508240;508933;509626;510319;511012,512131;512824;513517;514210;514903;515596;516289;516982;517675;518368;519061;519754;520447;521140;521833;522526,511153;511224;511295;511366;511437;511508,522667;522738;522809;522880;522951;523022,门架中心线保留gate_centerline_y；底梁/顶梁分别用刚臂连接bottom/gate原索节点；横通道顶弦参考点连接bottom站，不再使用old比例Y。
21,H21,south_aux,69,CW1_GATE_69,CW2_GATE_69,1463,685,1378,4890000.0,-1.18548277575237e-16,62791.7276232776,4890009.3,0.0,71671.8794209623,0.0,4058909.0,4058918.3,4058913.6500000004,62791.7276232776,71671.8794209623,-7.678030262682998,-7.2444067378655825,-7.461325948438306,9.299999999813735,4057103.48111332,1805.5188866797835,1810.168886680156,68.8,21.556,90.356,9.21435855598613,180.712,18.42871711197226,49.69,99.38,10.134611462369978,12.36,3.18,9.196,14.72,1.21,0.0,cross_passage_half;main_cable_restrainer;gate_bottom_beam;pws_roller,cross_passage_tri_gate;guide_roller,685;1413;2141;2869;3597;4325;5053;5781;6509;7237;7965;8693;9421;10149;10877;11605,14703;15431;16159;16887;17615;18343;19071;19799;20527;21255;21983;22711;23439;24167;24895;25623,12026;12421;12816;13211;13606;14001,26044;26439;26834;27229;27624;28019,500656;501349;502042;502735;503428;504121;504814;505507;506200;506893;507586;508279;508972;509665;510358;511051,512170;512863;513556;514249;514942;515635;516328;517021;517714;518407;519100;519793;520486;521179;521872;522565,511156;511227;511298;511369;511440;511511,522670;522741;522812;522883;522954;523025,门架中心线保留gate_centerline_y；底梁/顶梁分别用刚臂连接bottom/gate原索节点；横通道顶弦参考点连接bottom站，不再使用old比例Y。
