      1.,  0.3682119593414085E-01,  0.0000000000000000E+00,  0.0000000000000000E+00,  0.0000000000000000E+00,  0.0000000000000000E+00,  0.0000000000000000E+00,  0.0000000000000000E+00,  0.0000000000000000E+00,  0.0000000000000000E+00,  0.0000000000000000E+00,  0.0000000000000000E+00,  0.0000000000000000E+00,  0.0000000000000000E+00,  0.0000000000000000E+00
      2.,  0.7153589097424329E-01,  0.0000000000000000E+00,  0.0000000000000000E+00,  0.0000000000000000E+00,  0.0000000000000000E+00,  0.0000000000000000E+00,  0.0000000000000000E+00,  0.0000000000000000E+00,  0.0000000000000000E+00,  0.0000000000000000E+00,  0.0000000000000000E+00,  0.0000000000000000E+00,  0.0000000000000000E+00,  0.0000000000000000E+00
      3.,  0.7335658939599751E-01,  0.0000000000000000E+00,  0.0000000000000000E+00,  0.0000000000000000E+00,  0.0000000000000000E+00,  0.0000000000000000E+00,  0.0000000000000000E+00,  0.0000000000000000E+00,  0.0000000000000000E+00,  0.0000000000000000E+00,  0.0000000000000000E+00,  0.0000000000000000E+00,  0.0000000000000000E+00,  0.0000000000000000E+00
      4.,  0.7378852229735794E-01,  0.0000000000000000E+00,  0.0000000000000000E+00,  0.0000000000000000E+00,  0.0000000000000000E+00,  0.0000000000000000E+00,  0.0000000000000000E+00,  0.0000000000000000E+00,  0.0000000000000000E+00,  0.0000000000000000E+00,  0.0000000000000000E+00,  0.0000000000000000E+00,  0.0000000000000000E+00,  0.0000000000000000E+00
      5.,  0.1012856826803289E+00,  0.0000000000000000E+00,  0.0000000000000000E+00,  0.0000000000000000E+00,  0.0000000000000000E+00,  0.0000000000000000E+00,  0.0000000000000000E+00,  0.0000000000000000E+00,  0.0000000000000000E+00,  0.0000000000000000E+00,  0.0000000000000000E+00,  0.0000000000000000E+00,  0.0000000000000000E+00,  0.0000000000000000E+00
      6.,  0.1033801414634735E+00,  0.0000000000000000E+00,  0.0000000000000000E+00,  0.0000000000000000E+00,  0.0000000000000000E+00,  0.0000000000000000E+00,  0.0000000000000000E+00,  0.0000000000000000E+00,  0.0000000000000000E+00,  0.0000000000000000E+00,  0.0000000000000000E+00,  0.0000000000000000E+00,  0.0000000000000000E+00,  0.0000000000000000E+00
      7.,  0.1102662828577342E+00,  0.0000000000000000E+00,  0.0000000000000000E+00,  0.0000000000000000E+00,  0.0000000000000000E+00,  0.0000000000000000E+00,  0.0000000000000000E+00,  0.0000000000000000E+00,  0.0000000000000000E+00,  0.0000000000000000E+00,  0.0000000000000000E+00,  0.0000000000000000E+00,  0.0000000000000000E+00,  0.0000000000000000E+00
      8.,  0.1162246851128233E+00,  0.0000000000000000E+00,  0.0000000000000000E+00,  0.0000000000000000E+00,  0.0000000000000000E+00,  0.0000000000000000E+00,  0.0000000000000000E+00,  0.0000000000000000E+00,  0.0000000000000000E+00,  0.0000000000000000E+00,  0.0000000000000000E+00,  0.0000000000000000E+00,  0.0000000000000000E+00,  0.0000000000000000E+00
      9.,  0.1248567292060132E+00,  0.0000000000000000E+00,  0.0000000000000000E+00,  0.0000000000000000E+00,  0.0000000000000000E+00,  0.0000000000000000E+00,  0.0000000000000000E+00,  0.0000000000000000E+00,  0.0000000000000000E+00,  0.0000000000000000E+00,  0.0000000000000000E+00,  0.0000000000000000E+00,  0.0000000000000000E+00,  0.0000000000000000E+00
     10.,  0.1354848648220330E+00,  0.0000000000000000E+00,  0.0000000000000000E+00,  0.0000000000000000E+00,  0.0000000000000000E+00,  0.0000000000000000E+00,  0.0000000000000000E+00,  0.0000000000000000E+00,  0.0000000000000000E+00,  0.0000000000000000E+00,  0.0000000000000000E+00,  0.0000000000000000E+00,  0.0000000000000000E+00,  0.0000000000000000E+00
     11.,  0.1378622675518619E+00,  0.0000000000000000E+00,  0.0000000000000000E+00,  0.0000000000000000E+00,  0.0000000000000000E+00,  0.0000000000000000E+00,  0.0000000000000000E+00,  0.0000000000000000E+00,  0.0000000000000000E+00,  0.0000000000000000E+00,  0.0000000000000000E+00,  0.0000000000000000E+00,  0.0000000000000000E+00,  0.0000000000000000E+00
     12.,  0.1454017447906793E+00,  0.0000000000000000E+00,  0.0000000000000000E+00,  0.0000000000000000E+00,  0.0000000000000000E+00,  0.0000000000000000E+00,  0.0000000000000000E+00,  0.0000000000000000E+00,  0.0000000000000000E+00,  0.0000000000000000E+00,  0.0000000000000000E+00,  0.0000000000000000E+00,  0.0000000000000000E+00,  0.0000000000000000E+00
     13.,  0.1464790681606116E+00,  0.0000000000000000E+00,  0.0000000000000000E+00,  0.0000000000000000E+00,  0.0000000000000000E+00,  0.0000000000000000E+00,  0.0000000000000000E+00,  0.0000000000000000E+00,  0.0000000000000000E+00,  0.0000000000000000E+00,  0.0000000000000000E+00,  0.0000000000000000E+00,  0.0000000000000000E+00,  0.0000000000000000E+00
     14.,  0.1466328669036713E+00,  0.0000000000000000E+00,  0.0000000000000000E+00,  0.0000000000000000E+00,  0.0000000000000000E+00,  0.0000000000000000E+00,  0.0000000000000000E+00,  0.0000000000000000E+00,  0.0000000000000000E+00,  0.0000000000000000E+00,  0.0000000000000000E+00,  0.0000000000000000E+00,  0.0000000000000000E+00,  0.0000000000000000E+00
     15.,  0.1466973982344164E+00,  0.0000000000000000E+00,  0.0000000000000000E+00,  0.0000000000000000E+00,  0.0000000000000000E+00,  0.0000000000000000E+00,  0.0000000000000000E+00,  0.0000000000000000E+00,  0.0000000000000000E+00,  0.0000000000000000E+00,  0.0000000000000000E+00,  0.0000000000000000E+00,  0.0000000000000000E+00,  0.0000000000000000E+00
     16.,  0.1496622095234522E+00,  0.0000000000000000E+00,  0.0000000000000000E+00,  0.0000000000000000E+00,  0.0000000000000000E+00,  0.0000000000000000E+00,  0.0000000000000000E+00,  0.0000000000000000E+00,  0.0000000000000000E+00,  0.0000000000000000E+00,  0.0000000000000000E+00,  0.0000000000000000E+00,  0.0000000000000000E+00,  0.0000000000000000E+00
     17.,  0.1658822916305146E+00,  0.0000000000000000E+00,  0.0000000000000000E+00,  0.0000000000000000E+00,  0.0000000000000000E+00,  0.0000000000000000E+00,  0.0000000000000000E+00,  0.0000000000000000E+00,  0.0000000000000000E+00,  0.0000000000000000E+00,  0.0000000000000000E+00,  0.0000000000000000E+00,  0.0000000000000000E+00,  0.0000000000000000E+00
     18.,  0.1674003212241560E+00,  0.0000000000000000E+00,  0.0000000000000000E+00,  0.0000000000000000E+00,  0.0000000000000000E+00,  0.0000000000000000E+00,  0.0000000000000000E+00,  0.0000000000000000E+00,  0.0000000000000000E+00,  0.0000000000000000E+00,  0.0000000000000000E+00,  0.0000000000000000E+00,  0.0000000000000000E+00,  0.0000000000000000E+00
     19.,  0.1679523129022438E+00,  0.0000000000000000E+00,  0.0000000000000000E+00,  0.0000000000000000E+00,  0.0000000000000000E+00,  0.0000000000000000E+00,  0.0000000000000000E+00,  0.0000000000000000E+00,  0.0000000000000000E+00,  0.0000000000000000E+00,  0.0000000000000000E+00,  0.0000000000000000E+00,  0.0000000000000000E+00,  0.0000000000000000E+00
     20.,  0.1833452949406467E+00,  0.0000000000000000E+00,  0.0000000000000000E+00,  0.0000000000000000E+00,  0.0000000000000000E+00,  0.0000000000000000E+00,  0.0000000000000000E+00,  0.0000000000000000E+00,  0.0000000000000000E+00,  0.0000000000000000E+00,  0.0000000000000000E+00,  0.0000000000000000E+00,  0.0000000000000000E+00,  0.0000000000000000E+00
     21.,  0.1875371989470002E+00,  0.0000000000000000E+00,  0.0000000000000000E+00,  0.0000000000000000E+00,  0.0000000000000000E+00,  0.0000000000000000E+00,  0.0000000000000000E+00,  0.0000000000000000E+00,  0.0000000000000000E+00,  0.0000000000000000E+00,  0.0000000000000000E+00,  0.0000000000000000E+00,  0.0000000000000000E+00,  0.0000000000000000E+00
     22.,  0.1908934512856173E+00,  0.0000000000000000E+00,  0.0000000000000000E+00,  0.0000000000000000E+00,  0.0000000000000000E+00,  0.0000000000000000E+00,  0.0000000000000000E+00,  0.0000000000000000E+00,  0.0000000000000000E+00,  0.0000000000000000E+00,  0.0000000000000000E+00,  0.0000000000000000E+00,  0.0000000000000000E+00,  0.0000000000000000E+00
     23.,  0.1975300650292856E+00,  0.0000000000000000E+00,  0.0000000000000000E+00,  0.0000000000000000E+00,  0.0000000000000000E+00,  0.0000000000000000E+00,  0.0000000000000000E+00,  0.0000000000000000E+00,  0.0000000000000000E+00,  0.0000000000000000E+00,  0.0000000000000000E+00,  0.0000000000000000E+00,  0.0000000000000000E+00,  0.0000000000000000E+00
     24.,  0.1999964065931415E+00,  0.0000000000000000E+00,  0.0000000000000000E+00,  0.0000000000000000E+00,  0.0000000000000000E+00,  0.0000000000000000E+00,  0.0000000000000000E+00,  0.0000000000000000E+00,  0.0000000000000000E+00,  0.0000000000000000E+00,  0.0000000000000000E+00,  0.0000000000000000E+00,  0.0000000000000000E+00,  0.0000000000000000E+00
     25.,  0.2202298446969265E+00,  0.0000000000000000E+00,  0.0000000000000000E+00,  0.0000000000000000E+00,  0.0000000000000000E+00,  0.0000000000000000E+00,  0.0000000000000000E+00,  0.0000000000000000E+00,  0.0000000000000000E+00,  0.0000000000000000E+00,  0.0000000000000000E+00,  0.0000000000000000E+00,  0.0000000000000000E+00,  0.0000000000000000E+00
     26.,  0.2211598801912035E+00,  0.0000000000000000E+00,  0.0000000000000000E+00,  0.0000000000000000E+00,  0.0000000000000000E+00,  0.0000000000000000E+00,  0.0000000000000000E+00,  0.0000000000000000E+00,  0.0000000000000000E+00,  0.0000000000000000E+00,  0.0000000000000000E+00,  0.0000000000000000E+00,  0.0000000000000000E+00,  0.0000000000000000E+00
     27.,  0.2234254933698426E+00,  0.0000000000000000E+00,  0.0000000000000000E+00,  0.0000000000000000E+00,  0.0000000000000000E+00,  0.0000000000000000E+00,  0.0000000000000000E+00,  0.0000000000000000E+00,  0.0000000000000000E+00,  0.0000000000000000E+00,  0.0000000000000000E+00,  0.0000000000000000E+00,  0.0000000000000000E+00,  0.0000000000000000E+00
     28.,  0.2252025215068145E+00,  0.0000000000000000E+00,  0.0000000000000000E+00,  0.0000000000000000E+00,  0.0000000000000000E+00,  0.0000000000000000E+00,  0.0000000000000000E+00,  0.0000000000000000E+00,  0.0000000000000000E+00,  0.0000000000000000E+00,  0.0000000000000000E+00,  0.0000000000000000E+00,  0.0000000000000000E+00,  0.0000000000000000E+00
     29.,  0.2253900794704564E+00,  0.0000000000000000E+00,  0.0000000000000000E+00,  0.0000000000000000E+00,  0.0000000000000000E+00,  0.0000000000000000E+00,  0.0000000000000000E+00,  0.0000000000000000E+00,  0.0000000000000000E+00,  0.0000000000000000E+00,  0.0000000000000000E+00,  0.0000000000000000E+00,  0.0000000000000000E+00,  0.0000000000000000E+00
     30.,  0.2312603233922648E+00,  0.0000000000000000E+00,  0.0000000000000000E+00,  0.0000000000000000E+00,  0.0000000000000000E+00,  0.0000000000000000E+00,  0.0000000000000000E+00,  0.0000000000000000E+00,  0.0000000000000000E+00,  0.0000000000000000E+00,  0.0000000000000000E+00,  0.0000000000000000E+00,  0.0000000000000000E+00,  0.0000000000000000E+00
     31.,  0.2314926587005482E+00,  0.0000000000000000E+00,  0.0000000000000000E+00,  0.0000000000000000E+00,  0.0000000000000000E+00,  0.0000000000000000E+00,  0.0000000000000000E+00,  0.0000000000000000E+00,  0.0000000000000000E+00,  0.0000000000000000E+00,  0.0000000000000000E+00,  0.0000000000000000E+00,  0.0000000000000000E+00,  0.0000000000000000E+00
     32.,  0.2316914524501002E+00,  0.0000000000000000E+00,  0.0000000000000000E+00,  0.0000000000000000E+00,  0.0000000000000000E+00,  0.0000000000000000E+00,  0.0000000000000000E+00,  0.0000000000000000E+00,  0.0000000000000000E+00,  0.0000000000000000E+00,  0.0000000000000000E+00,  0.0000000000000000E+00,  0.0000000000000000E+00,  0.0000000000000000E+00
     33.,  0.2356728062927907E+00,  0.0000000000000000E+00,  0.0000000000000000E+00,  0.0000000000000000E+00,  0.0000000000000000E+00,  0.0000000000000000E+00,  0.0000000000000000E+00,  0.0000000000000000E+00,  0.0000000000000000E+00,  0.0000000000000000E+00,  0.0000000000000000E+00,  0.0000000000000000E+00,  0.0000000000000000E+00,  0.0000000000000000E+00
     34.,  0.2408508818256832E+00,  0.0000000000000000E+00,  0.0000000000000000E+00,  0.0000000000000000E+00,  0.0000000000000000E+00,  0.0000000000000000E+00,  0.0000000000000000E+00,  0.0000000000000000E+00,  0.0000000000000000E+00,  0.0000000000000000E+00,  0.0000000000000000E+00,  0.0000000000000000E+00,  0.0000000000000000E+00,  0.0000000000000000E+00
     35.,  0.2483233404858785E+00,  0.0000000000000000E+00,  0.0000000000000000E+00,  0.0000000000000000E+00,  0.0000000000000000E+00,  0.0000000000000000E+00,  0.0000000000000000E+00,  0.0000000000000000E+00,  0.0000000000000000E+00,  0.0000000000000000E+00,  0.0000000000000000E+00,  0.0000000000000000E+00,  0.0000000000000000E+00,  0.0000000000000000E+00
     36.,  0.2483640011161783E+00,  0.0000000000000000E+00,  0.0000000000000000E+00,  0.0000000000000000E+00,  0.0000000000000000E+00,  0.0000000000000000E+00,  0.0000000000000000E+00,  0.0000000000000000E+00,  0.0000000000000000E+00,  0.0000000000000000E+00,  0.0000000000000000E+00,  0.0000000000000000E+00,  0.0000000000000000E+00,  0.0000000000000000E+00
     37.,  0.2516857738272721E+00,  0.0000000000000000E+00,  0.0000000000000000E+00,  0.0000000000000000E+00,  0.0000000000000000E+00,  0.0000000000000000E+00,  0.0000000000000000E+00,  0.0000000000000000E+00,  0.0000000000000000E+00,  0.0000000000000000E+00,  0.0000000000000000E+00,  0.0000000000000000E+00,  0.0000000000000000E+00,  0.0000000000000000E+00
     38.,  0.2532606000809569E+00,  0.0000000000000000E+00,  0.0000000000000000E+00,  0.0000000000000000E+00,  0.0000000000000000E+00,  0.0000000000000000E+00,  0.0000000000000000E+00,  0.0000000000000000E+00,  0.0000000000000000E+00,  0.0000000000000000E+00,  0.0000000000000000E+00,  0.0000000000000000E+00,  0.0000000000000000E+00,  0.0000000000000000E+00
     39.,  0.2550515435953257E+00,  0.0000000000000000E+00,  0.0000000000000000E+00,  0.0000000000000000E+00,  0.0000000000000000E+00,  0.0000000000000000E+00,  0.0000000000000000E+00,  0.0000000000000000E+00,  0.0000000000000000E+00,  0.0000000000000000E+00,  0.0000000000000000E+00,  0.0000000000000000E+00,  0.0000000000000000E+00,  0.0000000000000000E+00
     40.,  0.2562541683825301E+00,  0.0000000000000000E+00,  0.0000000000000000E+00,  0.0000000000000000E+00,  0.0000000000000000E+00,  0.0000000000000000E+00,  0.0000000000000000E+00,  0.0000000000000000E+00,  0.0000000000000000E+00,  0.0000000000000000E+00,  0.0000000000000000E+00,  0.0000000000000000E+00,  0.0000000000000000E+00,  0.0000000000000000E+00
     41.,  0.2574621290465467E+00,  0.0000000000000000E+00,  0.0000000000000000E+00,  0.0000000000000000E+00,  0.0000000000000000E+00,  0.0000000000000000E+00,  0.0000000000000000E+00,  0.0000000000000000E+00,  0.0000000000000000E+00,  0.0000000000000000E+00,  0.0000000000000000E+00,  0.0000000000000000E+00,  0.0000000000000000E+00,  0.0000000000000000E+00
     42.,  0.2581656640542731E+00,  0.0000000000000000E+00,  0.0000000000000000E+00,  0.0000000000000000E+00,  0.0000000000000000E+00,  0.0000000000000000E+00,  0.0000000000000000E+00,  0.0000000000000000E+00,  0.0000000000000000E+00,  0.0000000000000000E+00,  0.0000000000000000E+00,  0.0000000000000000E+00,  0.0000000000000000E+00,  0.0000000000000000E+00
     43.,  0.2586133125096435E+00,  0.0000000000000000E+00,  0.0000000000000000E+00,  0.0000000000000000E+00,  0.0000000000000000E+00,  0.0000000000000000E+00,  0.0000000000000000E+00,  0.0000000000000000E+00,  0.0000000000000000E+00,  0.0000000000000000E+00,  0.0000000000000000E+00,  0.0000000000000000E+00,  0.0000000000000000E+00,  0.0000000000000000E+00
     44.,  0.2637545322662262E+00,  0.0000000000000000E+00,  0.0000000000000000E+00,  0.0000000000000000E+00,  0.0000000000000000E+00,  0.0000000000000000E+00,  0.0000000000000000E+00,  0.0000000000000000E+00,  0.0000000000000000E+00,  0.0000000000000000E+00,  0.0000000000000000E+00,  0.0000000000000000E+00,  0.0000000000000000E+00,  0.0000000000000000E+00
     45.,  0.2658725233375067E+00,  0.0000000000000000E+00,  0.0000000000000000E+00,  0.0000000000000000E+00,  0.0000000000000000E+00,  0.0000000000000000E+00,  0.0000000000000000E+00,  0.0000000000000000E+00,  0.0000000000000000E+00,  0.0000000000000000E+00,  0.0000000000000000E+00,  0.0000000000000000E+00,  0.0000000000000000E+00,  0.0000000000000000E+00
     46.,  0.2676631913809970E+00,  0.0000000000000000E+00,  0.0000000000000000E+00,  0.0000000000000000E+00,  0.0000000000000000E+00,  0.0000000000000000E+00,  0.0000000000000000E+00,  0.0000000000000000E+00,  0.0000000000000000E+00,  0.0000000000000000E+00,  0.0000000000000000E+00,  0.0000000000000000E+00,  0.0000000000000000E+00,  0.0000000000000000E+00
     47.,  0.2736924878395889E+00,  0.0000000000000000E+00,  0.0000000000000000E+00,  0.0000000000000000E+00,  0.0000000000000000E+00,  0.0000000000000000E+00,  0.0000000000000000E+00,  0.0000000000000000E+00,  0.0000000000000000E+00,  0.0000000000000000E+00,  0.0000000000000000E+00,  0.0000000000000000E+00,  0.0000000000000000E+00,  0.0000000000000000E+00
     48.,  0.2867609698060393E+00,  0.0000000000000000E+00,  0.0000000000000000E+00,  0.0000000000000000E+00,  0.0000000000000000E+00,  0.0000000000000000E+00,  0.0000000000000000E+00,  0.0000000000000000E+00,  0.0000000000000000E+00,  0.0000000000000000E+00,  0.0000000000000000E+00,  0.0000000000000000E+00,  0.0000000000000000E+00,  0.0000000000000000E+00
     49.,  0.2873979960316629E+00,  0.0000000000000000E+00,  0.0000000000000000E+00,  0.0000000000000000E+00,  0.0000000000000000E+00,  0.0000000000000000E+00,  0.0000000000000000E+00,  0.0000000000000000E+00,  0.0000000000000000E+00,  0.0000000000000000E+00,  0.0000000000000000E+00,  0.0000000000000000E+00,  0.0000000000000000E+00,  0.0000000000000000E+00
     50.,  0.2926840109365270E+00,  0.0000000000000000E+00,  0.0000000000000000E+00,  0.0000000000000000E+00,  0.0000000000000000E+00,  0.0000000000000000E+00,  0.0000000000000000E+00,  0.0000000000000000E+00,  0.0000000000000000E+00,  0.0000000000000000E+00,  0.0000000000000000E+00,  0.0000000000000000E+00,  0.0000000000000000E+00,  0.0000000000000000E+00
     51.,  0.2943299532227395E+00,  0.0000000000000000E+00,  0.0000000000000000E+00,  0.0000000000000000E+00,  0.0000000000000000E+00,  0.0000000000000000E+00,  0.0000000000000000E+00,  0.0000000000000000E+00,  0.0000000000000000E+00,  0.0000000000000000E+00,  0.0000000000000000E+00,  0.0000000000000000E+00,  0.0000000000000000E+00,  0.0000000000000000E+00
