      1.,  0.5334705592676443E-06,  0.3805225229287151E-07,  0.3954056987092889E-06,  0.1578650077005124E-07,  0.6348969573080801E-09,  0.4394234277494337E-08,  0.7565566701767076E-09,  0.7132962003584634E-01,  0.7411949766302142E+00,  0.2959207494359794E-01,  0.1190125577275858E-02,  0.8237069883531721E-02,  0.1418178861107760E-02,  0.4550301396771908E-06,  0.8529620459315738E+00
      2.,  0.1128838191935686E-03,  0.1052045791240426E-05,  0.2264750723727039E-05,  0.4515374137032260E-05,  0.8634584164463451E-07,  0.3883643857828222E-06,  0.2598813129440875E-06,  0.9319721805624067E-02,  0.2006266921075318E-01,  0.4000018930338880E-01,  0.7649089325775922E-03,  0.3440390204346918E-02,  0.2302201633508283E-02,  0.8566762192371269E-05,  0.7589008109019883E-01
      3.,  0.4196855241039292E-03,  0.2796661118982472E-04,  0.4531621121249793E-05,  0.9796528857262420E-04,  0.1500838278414344E-04,  0.2080031052229439E-03,  0.2550494843890047E-05,  0.6663706414353045E-01,  0.1079765886832828E-01,  0.2334254648925286E+00,  0.3576102086481978E-01,  0.4956165825996773E+00,  0.6077157055477695E-02,  0.3560255037346761E-03,  0.8483149484243622E+00
      4.,  0.4113825230641501E-03,  0.2681029261336724E-04,  0.1880679432888278E-04,  0.9288343153210143E-04,  0.1411599177936610E-04,  0.1957171812071078E-03,  0.2436520459617937E-05,  0.6517119982072379E-01,  0.4571607512346870E-01,  0.2257836109328772E+00,  0.3431354271986144E-01,  0.4757547300486271E+00,  0.5922761233194127E-02,  0.3507702119204433E-03,  0.8526619198787522E+00
      5.,  0.2774866786482073E-01,  0.2039299198554064E-05,  0.5116850509502915E-05,  0.1896249129887659E-04,  0.2274176409004970E-06,  0.1534631508454351E-05,  0.1095771783991373E-05,  0.7349178737114987E-04,  0.1843998614430773E-03,  0.6833658246678177E-03,  0.8195623732583325E-05,  0.5530469123528377E-04,  0.3948916716757322E-04,  0.2897646194027979E-04,  0.1044246955617485E-02
      6.,  0.3059917987396318E-01,  0.3435584098672514E-04,  0.6939277226951765E-04,  0.1053826435992306E-03,  0.1495302003967115E-04,  0.2030920642156021E-03,  0.2825094537703323E-05,  0.1122769993451965E-02,  0.2267798436276520E-02,  0.3443969545370089E-02,  0.4886738828054234E-03,  0.6637173448835240E-02,  0.9232582537635900E-04,  0.4300014356484499E-03,  0.1405271113211560E-01
      7.,  0.1145395053666961E-03,  0.9762380277196990E-06,  0.1872164078519024E-04,  0.1215847541465389E-05,  0.6831172769870787E-07,  0.5686901934543744E-06,  0.6376164163641334E-07,  0.8523155609885790E-02,  0.1634513849632340E+00,  0.1061509334768713E-01,  0.5964032014981135E-03,  0.4965013526413647E-02,  0.5566781647282452E-03,  0.2161448991716482E-04,  0.1887077288134469E+00
      8.,  0.1043671079845403E-03,  0.2814936212214537E-05,  0.6142730778615909E-04,  0.3378596479862837E-05,  0.1527251844648882E-06,  0.1095147599082225E-05,  0.1429597969932609E-06,  0.2697148811128797E-01,  0.5885696075362957E+00,  0.3237223436682084E-01,  0.1463345946957839E-02,  0.1049322550208488E-01,  0.1369778273576741E-02,  0.6901167305877685E-04,  0.6612396797370241E+00
      9.,  0.1327538696864045E-03,  0.4347310024117726E-05,  0.8728277327218653E-04,  0.4650053571660703E-05,  0.1872064220491756E-06,  0.1275422984635941E-05,  0.1962963888247748E-06,  0.3274714352498412E-01,  0.6574781848421348E+00,  0.3502763107881684E-01,  0.1410176761637162E-02,  0.9607426040753366E-02,  0.1478649091649626E-02,  0.9793906266347484E-04,  0.7377492113399760E+00
     10.,  0.4852288455492251E-01,  0.4354504650783774E-06,  0.4972113112885655E-05,  0.5234071749521074E-04,  0.6360822621910220E-06,  0.4259152828784947E-05,  0.3026253682505281E-05,  0.8974125694969677E-05,  0.1024694462930738E-03,  0.1078681079562920E-02,  0.1310891279497301E-04,  0.8777616722196430E-04,  0.6236755523221003E-04,  0.6566976984665601E-04,  0.1353377286800110E-02
     11.,  0.5146565081097577E-01,  0.7362184347388650E-04,  0.8651581624224741E-04,  0.2440350410414169E-03,  0.3567643758557726E-04,  0.4897043442598191E-03,  0.6490202838775778E-05,  0.1430504468782227E-02,  0.1681039972854996E-02,  0.4741707084162103E-02,  0.6932087134506567E-03,  0.9515168593872766E-02,  0.1261074665627594E-03,  0.9360436854417229E-03,  0.1818773629968551E-01
     12.,  0.2915473596213006E+00,  0.1227000543749421E-05,  0.9675983736466678E-05,  0.7714755499331202E-04,  0.8304111690034952E-06,  0.6151788906176026E-05,  0.4490518502481191E-05,  0.4208580538486810E-05,  0.3318837717835996E-04,  0.2646141439713989E-03,  0.2848289108438988E-05,  0.2110047888674679E-04,  0.1540236381599908E-04,  0.9952325785118884E-04,  0.3413622334994305E-03
     13.,  0.3432125961381164E-03,  0.4312583624049474E-05,  0.1220554727700255E-04,  0.8058288123134730E-04,  0.9738675629281359E-06,  0.6572028561618796E-05,  0.4651629556621978E-05,  0.1256534192676889E-01,  0.3556264372095122E-01,  0.2347899877162986E+00,  0.2837505306874663E-02,  0.1914856457941324E-01,  0.1355320174423335E-01,  0.1092985378135682E-03,  0.3184572449945399E+00
     14.,  0.1051017284802716E-03,  0.3172508499681223E-05,  0.3768296272951721E-04,  0.6579829707429123E-05,  0.7552752617157498E-06,  0.9373588551911483E-05,  0.2465132035548386E-06,  0.3018512202943196E-01,  0.3585379924231273E+00,  0.6260439102734838E-01,  0.7186135495930693E-02,  0.8918586485160399E-01,  0.2345472402017736E-02,  0.5781067795380963E-04,  0.5500449782294601E+00
     15.,  0.2943249137734529E+00,  0.9069703099572368E-04,  0.6554892757421986E-03,  0.2228654989392589E-03,  0.3119994727480285E-04,  0.4298770034291043E-03,  0.5784840645244819E-05,  0.3081527480393141E-03,  0.2227094089108407E-02,  0.7572090859790497E-03,  0.1060051182035443E-03,  0.1460552550301563E-02,  0.1965460745772107E-04,  0.1435913597026333E-02,  0.4878668199089599E-02
     16.,  0.9707279729869829E-03,  0.6167997354952839E-04,  0.3389585164984815E-04,  0.1998498872864411E-03,  0.2864349106660819E-04,  0.3910518334420241E-03,  0.5396188527251062E-05,  0.6353991567764937E-01,  0.3491797145347400E-01,  0.2058763040190262E+00,  0.2950722742486817E-01,  0.4028438906924010E+00,  0.5558909063521365E-02,  0.7205172255217011E-03,  0.7422442183309401E+00
     17.,  0.2340059532167684E+00,  0.1383378220571623E-05,  0.1305018905955514E-04,  0.1184023783118725E-03,  0.1308267611719455E-05,  0.9588295482599804E-05,  0.6834644496453435E-05,  0.5911722336782382E-05,  0.5576861990116237E-04,  0.5059801970174322E-03,  0.5590744994882921E-05,  0.4097457928225361E-04,  0.2920713940180082E-04,  0.1505671531827719E-03,  0.6434330029343143E-03
     18.,  0.4971989942200636E-03,  0.1089261721050306E-04,  0.2526992741896728E-03,  0.1426044177237889E-04,  0.6219502609844832E-06,  0.4147788911176565E-05,  0.6210535518355392E-06,  0.2190796308345289E-01,  0.5082457469288973E+00,  0.2868155796402743E-01,  0.1250908123738488E-02,  0.8342311548081544E-02,  0.1249104602091485E-02,  0.2832431258965513E-03,  0.5696775922502892E+00
     19.,  0.2360714219085241E+00,  0.1211273731157541E-03,  0.2687720282440179E-03,  0.3674747045988441E-03,  0.5330612765652720E-04,  0.7347996289174003E-03,  0.9644965357980678E-05,  0.5130962999947110E-03,  0.1138519970232420E-02,  0.1556625116365156E-02,  0.2258050857048801E-03,  0.3112615762538719E-02,  0.4085613277543620E-04,  0.1555124827890524E-02,  0.6587518367611322E-02
     20.,  0.4677635736844148E-03,  0.4977484688557791E-05,  0.1070082517611772E-03,  0.7048120696737385E-05,  0.4299369240827293E-06,  0.3356244124265087E-05,  0.3936807598109709E-06,  0.1064102672500091E-01,  0.2287656794613346E+00,  0.1506769892580932E-01,  0.9191329728740144E-03,  0.7175086546028140E-02,  0.8416233797558908E-03,  0.1232137189546312E-03,  0.2634102480108028E+00
     21.,  0.5681930536340517E-01,  0.5986626800634414E-05,  0.2256260036259307E-04,  0.2174528337644127E-03,  0.2405240441241083E-05,  0.1759512331810347E-04,  0.1259509682126478E-04,  0.1053625482104211E-03,  0.3970939140893590E-03,  0.3827094195777771E-02,  0.4233139468808420E-04,  0.3096680469000546E-03,  0.2216693206773472E-03,  0.2785975215082496E-03,  0.4903219420343038E-02
     22.,  0.5327216125020989E-01,  0.7401914311571181E-04,  0.2021676144573249E-03,  0.2137204480122008E-03,  0.2910873880207065E-04,  0.3918166558378137E-03,  0.5847296158264159E-05,  0.1389452602984456E-02,  0.3794995542001374E-02,  0.4011859909501208E-02,  0.5464155783984823E-03,  0.7354998307606113E-02,  0.1097626982093039E-03,  0.9166798963833860E-03,  0.1720748463870094E-01
     23.,  0.2599332925490289E+00,  0.8182983704078206E-06,  0.2001013195641354E-04,  0.2557154505657707E-03,  0.2738836616333895E-05,  0.2048078392687190E-04,  0.1484180414497785E-04,  0.3148109125934580E-05,  0.7698179698408277E-04,  0.9837733676132979E-03,  0.1053669035418883E-04,  0.7879246142742101E-04,  0.5709851169672070E-04,  0.3146053055807757E-03,  0.1210330937201646E-02
     24.,  0.2580280379138176E+00,  0.8033681886616224E-04,  0.6040939213514702E-03,  0.1993876540006406E-03,  0.2765374897240047E-04,  0.3809901903240138E-03,  0.5257792040197148E-05,  0.3113491832736218E-03,  0.2341194880353429E-02,  0.7727363879240011E-03,  0.1071734265624146E-03,  0.1476545701794105E-02,  0.2037682448274583E-04,  0.1297720125554884E-02,  0.5029376404390317E-02
     25.,  0.2725002964744719E-03,  0.1073000865439088E-04,  0.2249389369717577E-03,  0.1579353577022475E-04,  0.1110353436994882E-05,  0.9967717374744184E-05,  0.8197306346723027E-06,  0.3937613570778657E-01,  0.8254630908000872E+00,  0.5795786637503458E-01,  0.4074687078730945E-02,  0.3657873955993281E-01,  0.3008182542469622E-02,  0.2633602828427846E-03,  0.9664587020640415E+00
     26.,  0.1012137728395925E-02,  0.1149315534508572E-04,  0.3966284520551472E-04,  0.4193255581574237E-03,  0.4765065248724080E-05,  0.3406942273712733E-04,  0.2427217642867328E-04,  0.1135532746447513E-01,  0.3918720159594678E-01,  0.4142969344913040E+00,  0.4707921772934935E-02,  0.3366085640451510E-01,  0.2398110034603766E-01,  0.5335882231225487E-03,  0.5271893420752135E+00
     27.,  0.1275554027673932E-02,  0.7212286577271125E-04,  0.5963179630515255E-04,  0.2175078052624816E-03,  0.2892329044310323E-04,  0.3856292015142549E-03,  0.6138063163837700E-05,  0.5654238409974110E-01,  0.4674972209048298E-01,  0.1705202606424467E+00,  0.2267508064385717E-01,  0.3023229068685381E+00,  0.4812076188596195E-02,  0.7699530224615413E-03,  0.6036224305336624E+00
     28.,  0.1310620457833247E-02,  0.2384040520984253E-05,  0.4040448946653517E-04,  0.4573103086011367E-03,  0.5148028355614093E-05,  0.3702072370240338E-04,  0.2637107036585943E-04,  0.1819016715888605E-02,  0.3082852035846667E-01,  0.3489265758579523E+00,  0.3927932243729013E-02,  0.2824671588264922E-01,  0.2012105808988881E-01,  0.5686386610125331E-03,  0.4338698191485747E+00
     29.,  0.9151729784485265E-03,  0.3651049925205701E-04,  0.7086569503338058E-03,  0.5528341220937882E-04,  0.4724570306771322E-05,  0.5281143981692525E-04,  0.2078536205386129E-05,  0.3989464299301372E-01,  0.7743420828870811E+00,  0.6040760983032915E-01,  0.5162488860609485E-02,  0.5770651129413302E-01,  0.2271194904497538E-02,  0.8600654081243243E-03,  0.9397845307696640E+00
     30.,  0.1841373679138626E-02,  0.8774044922279812E-04,  0.2609002170213710E-03,  0.2870682115741988E-03,  0.3692752055506788E-04,  0.4907074459697362E-03,  0.8123901557106181E-05,  0.4764945334932893E-01,  0.1416878170776381E+00,  0.1558989437214537E+00,  0.2005433279156144E-01,  0.2664898773828915E+00,  0.4411870143004571E-02,  0.1171467745900278E-02,  0.6361922944658783E+00
     31.,  0.1509529701257887E-02,  0.5624992818689472E-05,  0.6207884065345648E-04,  0.6427452147220272E-03,  0.7162728882223116E-05,  0.5201776781214688E-04,  0.3693470100912463E-04,  0.3726321392684212E-02,  0.4112462351799130E-01,  0.4257916980278224E+00,  0.4745006922523242E-02,  0.3445958550454530E-01,  0.2446768750449034E-01,  0.8065642458976677E-03,  0.5343149228700568E+00
     32.,  0.1329347384835446E-02,  0.5474558384223663E-04,  0.1080294596713154E-02,  0.7757900570123412E-04,  0.6187511801646582E-05,  0.6817506775928708E-04,  0.2972810292042839E-05,  0.4118230077912503E-01,  0.8126503343194063E+00,  0.5835871540142027E-01,  0.4654548444019022E-02,  0.5128461419264473E-01,  0.2236293030666946E-02,  0.1289954576109601E-02,  0.9703668061672822E+00
     33.,  0.2326309762585442E-02,  0.1309035025496103E-03,  0.3453747669533359E-03,  0.4124760958174080E-03,  0.5315128616304593E-04,  0.7100890855618706E-03,  0.1124582007519092E-04,  0.5627088217354392E-01,  0.1484646509712830E+00,  0.1773091883339669E+00,  0.2284789713643897E-01,  0.3052427054136950E+00,  0.4834188574565584E-02,  0.1663240557120462E-02,  0.7149695126034933E+00
     34.,  0.6555279731500166E-03,  0.1866283623818114E-04,  0.4317114364628288E-03,  0.2587051037000542E-04,  0.1504556232872660E-05,  0.1063780495963038E-04,  0.1463835363332921E-05,  0.2846993111293236E-01,  0.6585705784427788E+00,  0.3946515088546038E-01,  0.2295182348424884E-02,  0.1622784289206211E-01,  0.2233063154114897E-02,  0.4898509796268513E-03,  0.7472617488357735E+00
     35.,  0.1263165912379199E-01,  0.1510443671918554E-04,  0.6502175862999738E-04,  0.8202608795399515E-03,  0.8984089386949523E-05,  0.6645955109174195E-04,  0.4748469635529537E-04,  0.1195760317085823E-02,  0.5147523218666307E-02,  0.6493690745620052E-01,  0.7112358953724302E-03,  0.5261347732742725E-02,  0.3759181267475542E-02,  0.1023315411723121E-02,  0.8101195588754335E-01
     36.,  0.1205635688196545E-01,  0.8621928358622725E-04,  0.1868699773731906E-03,  0.2436476931169948E-03,  0.3094818515955201E-04,  0.4072781171816199E-03,  0.6995757753518119E-05,  0.7151354628129722E-02,  0.1549970519309368E-01,  0.2020906443815181E-01,  0.2566959941758690E-02,  0.3378119287351625E-01,  0.5802547006536237E-03,  0.9619590141711028E-03,  0.7978853177530379E-01
     37.,  0.9458472985565489E-03,  0.3486916959692976E-04,  0.8207286961393504E-03,  0.4689232512409098E-04,  0.2593656067177737E-05,  0.1767895349470248E-04,  0.2564931726788097E-05,  0.3686553807379199E-01,  0.8677179682088841E+00,  0.4957705667252318E-01,  0.2742150948822181E-02,  0.1869112860150070E-01,  0.2711782050551312E-02,  0.9253277321490395E-03,  0.9783056245560735E+00
     38.,  0.2738263796632074E-02,  0.2304848392715071E-04,  0.1389447816638608E-03,  0.1429007215780122E-02,  0.1591269919761767E-04,  0.1160560644830196E-03,  0.8267404225922554E-04,  0.8417189006953667E-02,  0.5074192699576859E-01,  0.5218661611557397E+00,  0.5811236746872046E-02,  0.4238308399130965E-01,  0.3019213939902738E-01,  0.1805643287310996E-02,  0.6594117372956709E+00
     39.,  0.8808054419100166E+00,  0.2869869991162749E-01,  0.6897919947061198E+00,  0.1182831339565317E+00,  0.1804062718992793E-02,  0.1293198237744741E-01,  0.7836437342867916E-02,  0.3258233719514116E-01,  0.7831377531118719E+00,  0.1342897401951061E+00,  0.2048196608641181E-02,  0.1468199645702070E-01,  0.8896899326455897E-02,  0.8593463110135872E+00,  0.9756369228942369E+00
     40.,  0.9777649557568899E+00,  0.3280181445652464E-01,  0.7627101457161111E+00,  0.1359919548103257E+00,  0.2040853438874537E-02,  0.1485567004783942E-01,  0.9004230101819550E-02,  0.3354775016571614E-01,  0.7800546964026702E+00,  0.1390845049309975E+00,  0.2087263842765471E-02,  0.1519349815144440E-01,  0.9208992456524847E-02,  0.9574046685714949E+00,  0.9791767059501185E+00
     41.,  0.9909673999521920E+00,  0.3342820908911665E-01,  0.7708464358171651E+00,  0.1388012334495541E+00,  0.2078821714212450E-02,  0.1512328631989941E-01,  0.9207085766426315E-02,  0.3373290492778002E-01,  0.7778726483377290E+00,  0.1400663971955590E+00,  0.2097770031902907E-02,  0.1526113403995834E-01,  0.9291007723231359E-02,  0.9694850721563741E+00,  0.9783218622561608E+00
     42.,  0.1880066855110863E-02,  0.8905450651073630E-04,  0.1220755249699729E-03,  0.2533163849739467E-03,  0.3106657282143181E-04,  0.4037408446281977E-03,  0.7516149350011579E-05,  0.4736773390193349E-01,  0.6493148083437406E-01,  0.1347379665171584E+00,  0.1652418515702193E-01,  0.2147481317117258E+00,  0.3997809614897110E-02,  0.9067699832542970E-03,  0.4823073077371108E+00
     43.,  0.9215729279409335E+00,  0.3052295927733110E-01,  0.7199960191380960E+00,  0.1231736996514456E+00,  0.1821729274300576E-02,  0.1298243733595306E-01,  0.8148732272530879E-02,  0.3312050338276366E-01,  0.7812686303044730E+00,  0.1336559440028822E+00,  0.1976760839069848E-02,  0.1408725988181930E-01,  0.8842200140077418E-02,  0.8966455769496572E+00,  0.9729512985510855E+00
     44.,  0.1145253240647100E+01,  0.3989210157598629E-01,  0.8815816570572717E+00,  0.1767334875254816E+00,  0.2592827477870333E-02,  0.1917520481413665E-01,  0.1180631023514764E-01,  0.3483255943763682E-01,  0.7697700611256543E+00,  0.1543182601479671E+00,  0.2263977420753958E-02,  0.1674320065953459E-01,  0.1030890794814669E-01,  0.1131781588685894E+01,  0.9882369667396934E+00
     45.,  0.2862337304992210E-02,  0.1010314058140798E-03,  0.2400158618577227E-02,  0.1351784050371190E-03,  0.6038886740540681E-05,  0.4412854616671390E-04,  0.5740950617662451E-05,  0.3529682041241984E-01,  0.8385310195241854E+00,  0.4722658115846584E-01,  0.2109774669116824E-02,  0.1541696224611585E-01,  0.2005686264735342E-02,  0.2692276812953343E-02,  0.9405868442750392E+00
     46.,  0.7826940525962741E-02,  0.2879505033455712E-04,  0.1599268146911038E-03,  0.2311253189969254E-02,  0.2515403577767216E-04,  0.1873884562125652E-03,  0.1337132603583569E-03,  0.3678966288173657E-02,  0.2043286443286628E-01,  0.2952945895401399E+00,  0.3213776276213384E-02,  0.2394146928687895E-01,  0.1708371999439841E-01,  0.2846230807343510E-02,  0.3636453858186706E+00
     47.,  0.4451362654853977E-02,  0.6647953317087235E-05,  0.2423594968631174E-03,  0.2395433074471151E-02,  0.2649324837992328E-04,  0.1933722854654026E-03,  0.1384457223404405E-03,  0.1493464773048314E-02,  0.5444613608348382E-01,  0.5381347825837235E+00,  0.5951716459460742E-02,  0.4344114386064238E-01,  0.3110187443152328E-01,  0.3002751780837122E-02,  0.6745691181918820E+00
     48.,  0.1109009419995439E-01,  0.3983124857042518E-03,  0.9543799209538826E-02,  0.5353687309944954E-03,  0.2232245084043960E-04,  0.1899537553080267E-03,  0.1716346322101769E-04,  0.3591605973066396E-01,  0.8605697154112609E+00,  0.4827449806483133E-01,  0.2012827883872384E-02,  0.1712823641379060E-01,  0.1547639083272014E-02,  0.1070692009560706E-01,  0.9654489765876914E+00
     49.,  0.9919397512863221E+00,  0.3543821206345037E-01,  0.8526106102327520E+00,  0.5102670038595429E-01,  0.1799598844536066E-02,  0.1668924019946113E-01,  0.1358740277312387E-02,  0.3572617391075920E-01,  0.8595387059819998E+00,  0.5144133030235372E-01,  0.1814221924469094E-02,  0.1682485269676808E-01,  0.1369781053285149E-02,  0.9589231020034662E+00,  0.9667150658696350E+00
     50.,  0.1045546679048834E+01,  0.3598589888662798E-01,  0.8140274040553155E+00,  0.1572455032988773E+00,  0.2317204370018477E-02,  0.1716219116686311E-01,  0.1044109208894839E-01,  0.3441826138204126E-01,  0.7785662949031228E+00,  0.1503954882645013E+00,  0.2216261039752437E-02,  0.1641456236318027E-01,  0.9986251497108641E-02,  0.1037179293866651E+01,  0.9919971194497068E+00
     51.,  0.9797340482600339E+00,  0.3253811051807556E-01,  0.7637376756340160E+00,  0.1435327204424909E+00,  0.2131856024544723E-02,  0.1547710667356761E-01,  0.9475508796976735E-02,  0.3321116641384655E-01,  0.7795357086858231E+00,  0.1465017171725316E+00,  0.2175953799228279E-02,  0.1579725304132718E-01,  0.9671511175716347E-02,  0.9668929780896715E+00,  0.9868933102884730E+00
     52.,  0.8566952610547165E+00,  0.3178621508322478E-01,  0.7410237667806366E+00,  0.4478836461855029E-01,  0.1570580366100818E-02,  0.1486667266353427E-01,  0.1183994895974712E-02,  0.3710329276724529E-01,  0.8649794162142657E+00,  0.5228039263741147E-01,  0.1833301101919492E-02,  0.1735351336627126E-01,  0.1382049078358437E-02,  0.8352195944080215E+00,  0.9749319651654716E+00
     53.,  0.3082533443724743E+00,  0.1134334776631274E-01,  0.2624002528487726E+00,  0.1610139080357593E-01,  0.5798877572031486E-03,  0.5550863567429502E-02,  0.4272365797815640E-03,  0.3679878247356868E-01,  0.8512486811228375E+00,  0.5223427773785968E-01,  0.1881205079489577E-02,  0.1800747232355144E-01,  0.1385991709680586E-02,  0.2964029793230755E+00,  0.9615564104469874E+00
     54.,  0.3700104689898933E-02,  0.1083627098560264E-03,  0.1395333521975978E-02,  0.3291355990893211E-03,  0.3011994183677296E-04,  0.3747705679918445E-03,  0.1064969351999290E-04,  0.2928639023426828E-01,  0.3771064980364354E+00,  0.8895305043336794E-01,  0.8140294494639197E-02,  0.1012864768434650E+00,  0.2878214108121300E-02,  0.2248372034269935E-02,  0.6076509241502971E+00
     55.,  0.1100926240467232E+01,  0.4064090265640972E-01,  0.9425702509646129E+00,  0.5743113048462339E-01,  0.2022781316254069E-02,  0.1898578797958234E-01,  0.1528354460718497E-02,  0.3691519119315548E-01,  0.8561611271656014E+00,  0.5216619276896307E-01,  0.1837344993607931E-02,  0.1724528608885260E-01,  0.1388244193425588E-02,  0.1063179207862201E+01,  0.9657133864036060E+00
     56.,  0.1053675901086889E+01,  0.3835709459493721E-01,  0.9052426039706143E+00,  0.5487068085216862E-01,  0.1822246180189779E-02,  0.1738766879710163E-01,  0.1474684220518441E-02,  0.3640312410616115E-01,  0.8591281275739885E+00,  0.5207548240931423E-01,  0.1729418105045483E-02,  0.1650191370910721E-01,  0.1399561496089331E-02,  0.1019154978615530E+01,  0.9672376273997058E+00
     57.,  0.8439700348473696E-02,  0.2779403923904398E-03,  0.6636263613947066E-02,  0.3490427158325314E-03,  0.1639130151743660E-04,  0.1313636776411881E-03,  0.1271676601243314E-04,  0.3293249533921009E-01,  0.7863150751729262E+00,  0.4135724035458856E-01,  0.1942166290347138E-02,  0.1556496939668539E-01,  0.1506779327151460E-02,  0.7423718467341095E-02,  0.8796187258809088E+00
     58.,  0.2877934237855858E-01,  0.7736455464014276E-05,  0.2281372042843529E-03,  0.2663803223473527E-02,  0.2904419121241373E-04,  0.2160313641444738E-03,  0.1535129283202008E-03,  0.2688197444628948E-03,  0.7927116654837868E-02,  0.9255955846503762E-01,  0.1009202740992875E-02,  0.7506473264845111E-02,  0.5334136072357661E-02,  0.3298265366898983E-02,  0.1146053069425340E+00
     59.,  0.1067627811305585E+01,  0.3706434195209776E-01,  0.8263995233580210E+00,  0.1645586241898418E+00,  0.2425786387183299E-02,  0.1795524313698816E-01,  0.1098722154444287E-01,  0.3471653844121234E-01,  0.7740520756455659E+00,  0.1541348234349624E+00,  0.2272127385120140E-02,  0.1681788629600326E-01,  0.1029124703205958E-01,  0.1059390740568575E+01,  0.9922846982349237E+00
     60.,  0.2825738334097282E-01,  0.1871924252727788E-03,  0.2220048424002458E-02,  0.5085129015158230E-03,  0.4827749142299886E-04,  0.5954119276073318E-03,  0.1527347300081180E-04,  0.6624549166990715E-02,  0.7856525132613457E-01,  0.1799575337106625E-01,  0.1708491223000014E-02,  0.2107102134768412E-01,  0.5405126446603949E-03,  0.3574716642822202E-02,  0.1265055790795361E+00
     61.,  0.8030530258022928E+00,  0.2639767929510352E-01,  0.6342243221003988E+00,  0.1132875274220346E+00,  0.1713866741353107E-02,  0.1238905135521714E-01,  0.7488990501101869E-02,  0.3287165161818652E-01,  0.7897664310109223E+00,  0.1410710423621831E+00,  0.2134188760002321E-02,  0.1542743873337606E-01,  0.9325648818295614E-02,  0.7955014374152091E+00,  0.9905964013029659E+00
     62.,  0.9549030427067907E-02,  0.3603433826893220E-03,  0.8345858219273588E-02,  0.5166427402477345E-03,  0.1985154675185515E-04,  0.1676412714881099E-03,  0.1720569535453584E-04,  0.3773612257720785E-01,  0.8740005891714641E+00,  0.5410420923817007E-01,  0.2078907057996536E-02,  0.1755584221544734E-01,  0.1801826424781742E-02,  0.9427542855805144E-02,  0.9872774966850675E+00
     63.,  0.6442943839546813E-02,  0.4170843286296523E-04,  0.2318049753167565E-03,  0.3737909180072801E-02,  0.4140730272397418E-04,  0.3037079635326984E-03,  0.2161146037923204E-03,  0.6473505574727924E-02,  0.3597811514263662E-01,  0.5801554806561406E+00,  0.6426767601141577E-02,  0.4713807400718563E-01,  0.3354283525890886E-01,  0.4572652458301516E-02,  0.7097147782407411E+00
     64.,  0.1018670975049585E+01,  0.3514120516829786E-01,  0.7926114837282919E+00,  0.1564569600104677E+00,  0.2309557592499289E-02,  0.1707207106346140E-01,  0.1041444961471660E-01,  0.3449711047925688E-01,  0.7780838986697453E+00,  0.1535892980585335E+00,  0.2267226267428370E-02,  0.1675916118315867E-01,  0.1022356567507940E-01,  0.1014005727177735E+01,  0.9954202603332023E+00
     65.,  0.9448876952717594E-02,  0.3087902218416297E-03,  0.7536516346155021E-02,  0.3542826290803269E-03,  0.1783783534381467E-04,  0.1369343558028473E-03,  0.1453975732750024E-04,  0.3268009768640479E-01,  0.7976097459907594E+00,  0.3749468120424953E-01,  0.1887825974777280E-02,  0.1449213028046296E-01,  0.1538781529303168E-02,  0.8368901145551140E-02,  0.8857032626659572E+00
     66.,  0.3457847704564693E-01,  0.1680057038805925E-04,  0.3614780859199944E-03,  0.4022455787844433E-02,  0.4392121757917922E-04,  0.3263395219813836E-03,  0.2309343125723728E-03,  0.4858678525916821E-03,  0.1045384634617680E-01,  0.1163283097325080E+00,  0.1270189474255878E-02,  0.9437648788018742E-02,  0.6678556498237827E-02,  0.5001929496285423E-02,  0.1446544186917889E+00
     67.,  0.1106494921524736E+01,  0.4058825618293651E-01,  0.9534335872127626E+00,  0.6143100765757423E-01,  0.2146691513019369E-02,  0.2012931644836853E-01,  0.1648143846985327E-02,  0.3668182780902998E-01,  0.8616700977704834E+00,  0.5551856268162812E-01,  0.1940082571785558E-02,  0.1819196460534188E-01,  0.1489517769059623E-02,  0.1079377002861646E+01,  0.9754920532073283E+00
     68.,  0.1168958429028298E+01,  0.4451394846173771E-01,  0.1011666533681276E+01,  0.6597589932328685E-01,  0.2274827935389911E-02,  0.2184141743813075E-01,  0.1753866473620663E-02,  0.3808000982442133E-01,  0.8654426954448915E+00,  0.5643990212562958E-01,  0.1946029797895270E-02,  0.1868451169498519E-01,  0.1500366848014067E-02,  0.1148026493313442E+01,  0.9820935157358369E+00
     69.,  0.6684143043573946E+00,  0.2560872885788816E-01,  0.5778850037543440E+00,  0.3798272169994932E-01,  0.1321640756066500E-02,  0.1267072507032223E-01,  0.1014756739480670E-02,  0.3831265831826876E-01,  0.8645610962947834E+00,  0.5682511797299947E-01,  0.1977277786323124E-02,  0.1895639424189718E-01,  0.1518155331005737E-02,  0.6564835768780508E+00,  0.9821506999452775E+00
     70.,  0.4989402582854254E+00,  0.1907459758265140E-01,  0.4317854122874988E+00,  0.2842706955933760E-01,  0.9935385204815350E-03,  0.9599643318355167E-02,  0.7593382740510579E-03,  0.3823022349048356E-01,  0.8654050362087442E+00,  0.5697489646761580E-01,  0.1991297563150673E-02,  0.1924006563700370E-01,  0.1521902194584323E-02,  0.4906395995423756E+00,  0.9833634215615823E+00
     71.,  0.3333644064394738E-01,  0.1982208175928891E-03,  0.1150515250794171E-02,  0.6349086307695373E-03,  0.6991926918442637E-04,  0.8900317620859632E-03,  0.1871620442767119E-04,  0.5946070239171690E-02,  0.3451224031630565E-01,  0.1904548351609374E-01,  0.2097382558960176E-02,  0.2669846404995726E-01,  0.5614337963543007E-03,  0.2962311934854659E-02,  0.8886107447684283E-01
     72.,  0.8743983047834037E+00,  0.2922430597000775E-01,  0.6926668448017856E+00,  0.1197747791852770E+00,  0.1811669998632637E-02,  0.1306080235403134E-01,  0.7991989650961706E-02,  0.3342218964759643E-01,  0.7921639840934566E+00,  0.1369796562162209E+00,  0.2071904747209458E-02,  0.1493690264789182E-01,  0.9139987586025104E-02,  0.8645303919606959E+00,  0.9887146249384001E+00
     73.,  0.8567472465062212E+00,  0.3106459966905618E-01,  0.7450709608274237E+00,  0.4702092171677136E-01,  0.1625041818434120E-02,  0.1526539072150764E-01,  0.1255288309644637E-02,  0.3625876802725225E-01,  0.8696508379405844E+00,  0.5488307305161548E-01,  0.1896757561884174E-02,  0.1781784625951148E-01,  0.1465179275175554E-02,  0.8413022030628378E+00,  0.9819724621160235E+00
     74.,  0.1301383542705179E+01,  0.5111265454168314E-01,  0.1117054605076671E+01,  0.7803682648566654E-01,  0.2676696570046100E-02,  0.2595710637621686E-01,  0.2082543222022254E-02,  0.3927562694963512E-01,  0.8583592526109985E+00,  0.5996451001943042E-01,  0.2056808375248135E-02,  0.1994577733959965E-01,  0.1600253233334489E-02,  0.1276920432272305E+01,  0.9812022285282462E+00
     75.,  0.9849161445256231E+00,  0.3395052842717665E-01,  0.7690951951301145E+00,  0.1496540572002871E+00,  0.2220993543105454E-02,  0.1634641639762432E-01,  0.9953351377770758E-02,  0.3447047610690619E-01,  0.7808737824076819E+00,  0.1519459885312031E+00,  0.2255007754162845E-02,  0.1659675951956036E-01,  0.1010578558702041E-01,  0.9812205420760788E+00,  0.9962477999065349E+00
     76.,  0.8701329132175938E-02,  0.3261459773479685E-03,  0.7630762815250708E-02,  0.4659312621313732E-03,  0.1914859686049340E-04,  0.1467415240854446E-03,  0.1778488999440268E-04,  0.3748231705682065E-01,  0.8769651968494711E+00,  0.5354713688606995E-01,  0.2200651942895180E-02,  0.1686426543076287E-01,  0.2043927970571460E-02,  0.8606515065670390E-02,  0.9891034961365911E+00
     77.,  0.9799033534738351E-02,  0.4487645076226860E-04,  0.3382161410293384E-03,  0.5903635280817522E-02,  0.6391246987981336E-04,  0.4790694447220509E-03,  0.3413269008104278E-03,  0.4579681312772124E-02,  0.3451525498206893E-01,  0.6024711783961822E+00,  0.6522323824409681E-02,  0.4888945864137639E-01,  0.3483271075666767E-01,  0.7171036688021421E-02,  0.7318106079134771E+00
     78.,  0.1178621101502512E+01,  0.4571990011142095E-01,  0.1021753362060833E+01,  0.7073243504536059E-01,  0.2403058408619430E-02,  0.2326736493508225E-01,  0.1897791389422476E-02,  0.3879100760468059E-01,  0.8669057093567192E+00,  0.6001287008623088E-01,  0.2038872717920966E-02,  0.1974117458564156E-01,  0.1610179375715540E-02,  0.1165773911950739E+01,  0.9890998137269089E+00
     79.,  0.9233657044478454E+00,  0.3404444504639963E-01,  0.8057004740199347E+00,  0.4953164838355040E-01,  0.1668153153250529E-02,  0.1591873733935234E-01,  0.1322023420618379E-02,  0.3686994750011593E-01,  0.8725691999809846E+00,  0.5364250388005189E-01,  0.1806600727333762E-02,  0.1723990534050800E-01,  0.1431744122886742E-02,  0.9081854813631060E+00,  0.9835599015518809E+00
     80.,  0.6736119687754213E-02,  0.2265425244047093E-03,  0.2566793543499092E-02,  0.5153741382609588E-03,  0.4239931860754779E-04,  0.5073765788941167E-03,  0.1588723313519466E-04,  0.3363101234922346E-01,  0.3810492779938782E+00,  0.7650905300834726E-01,  0.6294323820377886E-02,  0.7532178797483234E-01,  0.2358514081048251E-02,  0.3874373336801619E-02,  0.5751639692277075E+00
