id,source,relation,target,properties_json
edge:0001,project:C3-43KG,BINDS_MODEL,model:C3,{}
edge:0002,model:C3,EVIDENCED_BY,artifact:C3-deck,{}
edge:0003,model:C3,SOLVED_BY,artifact:C3-solver,{}
edge:0004,model:C3,HAS_MODAL_RUN,run:C3-FT14,{}
edge:0005,legacy:I08-double-mct,PROVENANCE_ONLY_FOR,project:C3-43KG,"{""numerical_value_transfer"": false}"
edge:0006,project:C3-43KG,USES_AGENT,agent:AuthorityAgent,{}
edge:0007,project:C3-43KG,USES_AGENT,agent:SolverEvidenceAgent,{}
edge:0008,project:C3-43KG,USES_AGENT,agent:PhysicsBoundaryAgent,{}
edge:0009,project:C3-43KG,USES_AGENT,agent:WarningPolicyAgent,{}
edge:0010,project:C3-43KG,HAS_WIND_GROUP,group:G0_site,{}
edge:0011,project:C3-43KG,HAS_WIND_GROUP,group:G1_typhoon,{}
edge:0012,project:C3-43KG,HAS_WIND_GROUP,group:G2_hurricane,{}
edge:0013,project:C3-43KG,HAS_WIND_GROUP,group:G3_bob,{}
edge:0014,project:C3-43KG,HAS_WIND_GROUP,group:G4_tornado,{}
edge:0015,project:C3-43KG,HAS_WIND_GROUP,group:G5_downburst,{}
edge:0016,project:C3-43KG,HAS_WIND_GROUP,group:G6_temperate,{}
edge:0017,project:C3-43KG,HAS_WIND_GROUP,group:G7_polar,{}
edge:0018,project:C3-43KG,HAS_WIND_GROUP,group:G8_record,{}
edge:0019,run:C3-FT14,HAS_MODE,mode:C3-M01,{}
edge:0020,run:C3-FT14,HAS_MODE,mode:C3-M02,{}
edge:0021,run:C3-FT14,HAS_MODE,mode:C3-M03,{}
edge:0022,run:C3-FT14,HAS_MODE,mode:C3-M04,{}
edge:0023,run:C3-FT14,HAS_MODE,mode:C3-M05,{}
edge:0024,run:C3-FT14,HAS_MODE,mode:C3-M06,{}
edge:0025,run:C3-FT14,HAS_MODE,mode:C3-M07,{}
edge:0026,run:C3-FT14,HAS_MODE,mode:C3-M08,{}
edge:0027,run:C3-FT14,HAS_MODE,mode:C3-M09,{}
edge:0028,run:C3-FT14,HAS_MODE,mode:C3-M10,{}
edge:0029,run:C3-FT14,HAS_MODE,mode:C3-M11,{}
edge:0030,run:C3-FT14,HAS_MODE,mode:C3-M12,{}
edge:0031,run:C3-FT14,HAS_MODE,mode:C3-M13,{}
edge:0032,run:C3-FT14,HAS_MODE,mode:C3-M14,{}
edge:0033,project:C3-43KG,HAS_CASE,case:C3-site_sutong_100yr_obs-S20260830,{}
edge:0034,case:C3-site_sutong_100yr_obs-S20260830,IN_GROUP,group:G0_site,{}
edge:0035,case:C3-site_sutong_100yr_obs-S20260830,EVALUATED_ON,model:C3,{}
edge:0036,case:C3-site_sutong_100yr_obs-S20260830,HAS_RESPONSE_STATE,response:C3-site_sutong_100yr_obs-S20260830,{}
edge:0037,case:C3-site_sutong_100yr_obs-S20260830,HAS_AGENT_TRACE,trace:C3-site_sutong_100yr_obs-S20260830,{}
edge:0038,legacy-result:site_sutong_100yr_obs,PROVENANCE_ONLY,case:C3-site_sutong_100yr_obs-S20260830,"{""numerical_value_transfer"": false}"
edge:0039,trace:C3-site_sutong_100yr_obs-S20260830,HAS_STEP,decision:C3-site_sutong_100yr_obs-S20260830:1,"{""step"": 1}"
edge:0040,decision:C3-site_sutong_100yr_obs-S20260830:1,EXECUTED_BY,agent:AuthorityAgent,{}
edge:0041,trace:C3-site_sutong_100yr_obs-S20260830,HAS_STEP,decision:C3-site_sutong_100yr_obs-S20260830:2,"{""step"": 2}"
edge:0042,decision:C3-site_sutong_100yr_obs-S20260830:2,EXECUTED_BY,agent:SolverEvidenceAgent,{}
edge:0043,decision:C3-site_sutong_100yr_obs-S20260830:1,NEXT_STEP,decision:C3-site_sutong_100yr_obs-S20260830:2,{}
edge:0044,trace:C3-site_sutong_100yr_obs-S20260830,HAS_STEP,decision:C3-site_sutong_100yr_obs-S20260830:3,"{""step"": 3}"
edge:0045,decision:C3-site_sutong_100yr_obs-S20260830:3,EXECUTED_BY,agent:PhysicsBoundaryAgent,{}
edge:0046,decision:C3-site_sutong_100yr_obs-S20260830:2,NEXT_STEP,decision:C3-site_sutong_100yr_obs-S20260830:3,{}
edge:0047,trace:C3-site_sutong_100yr_obs-S20260830,HAS_STEP,decision:C3-site_sutong_100yr_obs-S20260830:4,"{""step"": 4}"
edge:0048,decision:C3-site_sutong_100yr_obs-S20260830:4,EXECUTED_BY,agent:WarningPolicyAgent,{}
edge:0049,decision:C3-site_sutong_100yr_obs-S20260830:3,NEXT_STEP,decision:C3-site_sutong_100yr_obs-S20260830:4,{}
edge:0050,project:C3-43KG,HAS_CASE,case:C3-site_gb50009_50yr-S20260830,{}
edge:0051,case:C3-site_gb50009_50yr-S20260830,IN_GROUP,group:G0_site,{}
edge:0052,case:C3-site_gb50009_50yr-S20260830,EVALUATED_ON,model:C3,{}
edge:0053,case:C3-site_gb50009_50yr-S20260830,HAS_RESPONSE_STATE,response:C3-site_gb50009_50yr-S20260830,{}
edge:0054,case:C3-site_gb50009_50yr-S20260830,HAS_AGENT_TRACE,trace:C3-site_gb50009_50yr-S20260830,{}
edge:0055,legacy-result:site_gb50009_50yr,PROVENANCE_ONLY,case:C3-site_gb50009_50yr-S20260830,"{""numerical_value_transfer"": false}"
edge:0056,trace:C3-site_gb50009_50yr-S20260830,HAS_STEP,decision:C3-site_gb50009_50yr-S20260830:1,"{""step"": 1}"
edge:0057,decision:C3-site_gb50009_50yr-S20260830:1,EXECUTED_BY,agent:AuthorityAgent,{}
edge:0058,trace:C3-site_gb50009_50yr-S20260830,HAS_STEP,decision:C3-site_gb50009_50yr-S20260830:2,"{""step"": 2}"
edge:0059,decision:C3-site_gb50009_50yr-S20260830:2,EXECUTED_BY,agent:SolverEvidenceAgent,{}
edge:0060,decision:C3-site_gb50009_50yr-S20260830:1,NEXT_STEP,decision:C3-site_gb50009_50yr-S20260830:2,{}
edge:0061,trace:C3-site_gb50009_50yr-S20260830,HAS_STEP,decision:C3-site_gb50009_50yr-S20260830:3,"{""step"": 3}"
edge:0062,decision:C3-site_gb50009_50yr-S20260830:3,EXECUTED_BY,agent:PhysicsBoundaryAgent,{}
edge:0063,decision:C3-site_gb50009_50yr-S20260830:2,NEXT_STEP,decision:C3-site_gb50009_50yr-S20260830:3,{}
edge:0064,trace:C3-site_gb50009_50yr-S20260830,HAS_STEP,decision:C3-site_gb50009_50yr-S20260830:4,"{""step"": 4}"
edge:0065,decision:C3-site_gb50009_50yr-S20260830:4,EXECUTED_BY,agent:WarningPolicyAgent,{}
edge:0066,decision:C3-site_gb50009_50yr-S20260830:3,NEXT_STEP,decision:C3-site_gb50009_50yr-S20260830:4,{}
edge:0067,project:C3-43KG,HAS_CASE,case:C3-site_gb50009_100yr-S20260830,{}
edge:0068,case:C3-site_gb50009_100yr-S20260830,IN_GROUP,group:G0_site,{}
edge:0069,case:C3-site_gb50009_100yr-S20260830,EVALUATED_ON,model:C3,{}
edge:0070,case:C3-site_gb50009_100yr-S20260830,HAS_RESPONSE_STATE,response:C3-site_gb50009_100yr-S20260830,{}
edge:0071,case:C3-site_gb50009_100yr-S20260830,HAS_AGENT_TRACE,trace:C3-site_gb50009_100yr-S20260830,{}
edge:0072,legacy-result:site_gb50009_100yr,PROVENANCE_ONLY,case:C3-site_gb50009_100yr-S20260830,"{""numerical_value_transfer"": false}"
edge:0073,trace:C3-site_gb50009_100yr-S20260830,HAS_STEP,decision:C3-site_gb50009_100yr-S20260830:1,"{""step"": 1}"
edge:0074,decision:C3-site_gb50009_100yr-S20260830:1,EXECUTED_BY,agent:AuthorityAgent,{}
edge:0075,trace:C3-site_gb50009_100yr-S20260830,HAS_STEP,decision:C3-site_gb50009_100yr-S20260830:2,"{""step"": 2}"
edge:0076,decision:C3-site_gb50009_100yr-S20260830:2,EXECUTED_BY,agent:SolverEvidenceAgent,{}
edge:0077,decision:C3-site_gb50009_100yr-S20260830:1,NEXT_STEP,decision:C3-site_gb50009_100yr-S20260830:2,{}
edge:0078,trace:C3-site_gb50009_100yr-S20260830,HAS_STEP,decision:C3-site_gb50009_100yr-S20260830:3,"{""step"": 3}"
edge:0079,decision:C3-site_gb50009_100yr-S20260830:3,EXECUTED_BY,agent:PhysicsBoundaryAgent,{}
edge:0080,decision:C3-site_gb50009_100yr-S20260830:2,NEXT_STEP,decision:C3-site_gb50009_100yr-S20260830:3,{}
edge:0081,trace:C3-site_gb50009_100yr-S20260830,HAS_STEP,decision:C3-site_gb50009_100yr-S20260830:4,"{""step"": 4}"
edge:0082,decision:C3-site_gb50009_100yr-S20260830:4,EXECUTED_BY,agent:WarningPolicyAgent,{}
edge:0083,decision:C3-site_gb50009_100yr-S20260830:3,NEXT_STEP,decision:C3-site_gb50009_100yr-S20260830:4,{}
edge:0084,project:C3-43KG,HAS_CASE,case:C3-hko_t10-S20260830,{}
edge:0085,case:C3-hko_t10-S20260830,IN_GROUP,group:G0_site,{}
edge:0086,case:C3-hko_t10-S20260830,EVALUATED_ON,model:C3,{}
edge:0087,case:C3-hko_t10-S20260830,HAS_RESPONSE_STATE,response:C3-hko_t10-S20260830,{}
edge:0088,case:C3-hko_t10-S20260830,HAS_AGENT_TRACE,trace:C3-hko_t10-S20260830,{}
edge:0089,legacy-result:hko_t10,PROVENANCE_ONLY,case:C3-hko_t10-S20260830,"{""numerical_value_transfer"": false}"
edge:0090,trace:C3-hko_t10-S20260830,HAS_STEP,decision:C3-hko_t10-S20260830:1,"{""step"": 1}"
edge:0091,decision:C3-hko_t10-S20260830:1,EXECUTED_BY,agent:AuthorityAgent,{}
edge:0092,trace:C3-hko_t10-S20260830,HAS_STEP,decision:C3-hko_t10-S20260830:2,"{""step"": 2}"
edge:0093,decision:C3-hko_t10-S20260830:2,EXECUTED_BY,agent:SolverEvidenceAgent,{}
edge:0094,decision:C3-hko_t10-S20260830:1,NEXT_STEP,decision:C3-hko_t10-S20260830:2,{}
edge:0095,trace:C3-hko_t10-S20260830,HAS_STEP,decision:C3-hko_t10-S20260830:3,"{""step"": 3}"
edge:0096,decision:C3-hko_t10-S20260830:3,EXECUTED_BY,agent:PhysicsBoundaryAgent,{}
edge:0097,decision:C3-hko_t10-S20260830:2,NEXT_STEP,decision:C3-hko_t10-S20260830:3,{}
edge:0098,trace:C3-hko_t10-S20260830,HAS_STEP,decision:C3-hko_t10-S20260830:4,"{""step"": 4}"
edge:0099,decision:C3-hko_t10-S20260830:4,EXECUTED_BY,agent:WarningPolicyAgent,{}
edge:0100,decision:C3-hko_t10-S20260830:3,NEXT_STEP,decision:C3-hko_t10-S20260830:4,{}
edge:0101,project:C3-43KG,HAS_CASE,case:C3-asce7_risk4_fl-S20260830,{}
edge:0102,case:C3-asce7_risk4_fl-S20260830,IN_GROUP,group:G0_site,{}
edge:0103,case:C3-asce7_risk4_fl-S20260830,EVALUATED_ON,model:C3,{}
edge:0104,case:C3-asce7_risk4_fl-S20260830,HAS_RESPONSE_STATE,response:C3-asce7_risk4_fl-S20260830,{}
edge:0105,case:C3-asce7_risk4_fl-S20260830,HAS_AGENT_TRACE,trace:C3-asce7_risk4_fl-S20260830,{}
edge:0106,legacy-result:asce7_risk4_fl,PROVENANCE_ONLY,case:C3-asce7_risk4_fl-S20260830,"{""numerical_value_transfer"": false}"
edge:0107,trace:C3-asce7_risk4_fl-S20260830,HAS_STEP,decision:C3-asce7_risk4_fl-S20260830:1,"{""step"": 1}"
edge:0108,decision:C3-asce7_risk4_fl-S20260830:1,EXECUTED_BY,agent:AuthorityAgent,{}
edge:0109,trace:C3-asce7_risk4_fl-S20260830,HAS_STEP,decision:C3-asce7_risk4_fl-S20260830:2,"{""step"": 2}"
edge:0110,decision:C3-asce7_risk4_fl-S20260830:2,EXECUTED_BY,agent:SolverEvidenceAgent,{}
edge:0111,decision:C3-asce7_risk4_fl-S20260830:1,NEXT_STEP,decision:C3-asce7_risk4_fl-S20260830:2,{}
edge:0112,trace:C3-asce7_risk4_fl-S20260830,HAS_STEP,decision:C3-asce7_risk4_fl-S20260830:3,"{""step"": 3}"
edge:0113,decision:C3-asce7_risk4_fl-S20260830:3,EXECUTED_BY,agent:PhysicsBoundaryAgent,{}
edge:0114,decision:C3-asce7_risk4_fl-S20260830:2,NEXT_STEP,decision:C3-asce7_risk4_fl-S20260830:3,{}
edge:0115,trace:C3-asce7_risk4_fl-S20260830,HAS_STEP,decision:C3-asce7_risk4_fl-S20260830:4,"{""step"": 4}"
edge:0116,decision:C3-asce7_risk4_fl-S20260830:4,EXECUTED_BY,agent:WarningPolicyAgent,{}
edge:0117,decision:C3-asce7_risk4_fl-S20260830:3,NEXT_STEP,decision:C3-asce7_risk4_fl-S20260830:4,{}
edge:0118,project:C3-43KG,HAS_CASE,case:C3-infa_2021_zhoushan-S20260830,{}
edge:0119,case:C3-infa_2021_zhoushan-S20260830,IN_GROUP,group:G1_typhoon,{}
edge:0120,case:C3-infa_2021_zhoushan-S20260830,EVALUATED_ON,model:C3,{}
edge:0121,case:C3-infa_2021_zhoushan-S20260830,HAS_RESPONSE_STATE,response:C3-infa_2021_zhoushan-S20260830,{}
edge:0122,case:C3-infa_2021_zhoushan-S20260830,HAS_AGENT_TRACE,trace:C3-infa_2021_zhoushan-S20260830,{}
edge:0123,legacy-result:infa_2021_zhoushan,PROVENANCE_ONLY,case:C3-infa_2021_zhoushan-S20260830,"{""numerical_value_transfer"": false}"
edge:0124,trace:C3-infa_2021_zhoushan-S20260830,HAS_STEP,decision:C3-infa_2021_zhoushan-S20260830:1,"{""step"": 1}"
edge:0125,decision:C3-infa_2021_zhoushan-S20260830:1,EXECUTED_BY,agent:AuthorityAgent,{}
edge:0126,trace:C3-infa_2021_zhoushan-S20260830,HAS_STEP,decision:C3-infa_2021_zhoushan-S20260830:2,"{""step"": 2}"
edge:0127,decision:C3-infa_2021_zhoushan-S20260830:2,EXECUTED_BY,agent:SolverEvidenceAgent,{}
edge:0128,decision:C3-infa_2021_zhoushan-S20260830:1,NEXT_STEP,decision:C3-infa_2021_zhoushan-S20260830:2,{}
edge:0129,trace:C3-infa_2021_zhoushan-S20260830,HAS_STEP,decision:C3-infa_2021_zhoushan-S20260830:3,"{""step"": 3}"
edge:0130,decision:C3-infa_2021_zhoushan-S20260830:3,EXECUTED_BY,agent:PhysicsBoundaryAgent,{}
edge:0131,decision:C3-infa_2021_zhoushan-S20260830:2,NEXT_STEP,decision:C3-infa_2021_zhoushan-S20260830:3,{}
edge:0132,trace:C3-infa_2021_zhoushan-S20260830,HAS_STEP,decision:C3-infa_2021_zhoushan-S20260830:4,"{""step"": 4}"
edge:0133,decision:C3-infa_2021_zhoushan-S20260830:4,EXECUTED_BY,agent:WarningPolicyAgent,{}
edge:0134,decision:C3-infa_2021_zhoushan-S20260830:3,NEXT_STEP,decision:C3-infa_2021_zhoushan-S20260830:4,{}
edge:0135,project:C3-43KG,HAS_CASE,case:C3-doksuri_2023_jinjiang-S20260830,{}
edge:0136,case:C3-doksuri_2023_jinjiang-S20260830,IN_GROUP,group:G1_typhoon,{}
edge:0137,case:C3-doksuri_2023_jinjiang-S20260830,EVALUATED_ON,model:C3,{}
edge:0138,case:C3-doksuri_2023_jinjiang-S20260830,HAS_RESPONSE_STATE,response:C3-doksuri_2023_jinjiang-S20260830,{}
edge:0139,case:C3-doksuri_2023_jinjiang-S20260830,HAS_AGENT_TRACE,trace:C3-doksuri_2023_jinjiang-S20260830,{}
edge:0140,legacy-result:doksuri_2023_jinjiang,PROVENANCE_ONLY,case:C3-doksuri_2023_jinjiang-S20260830,"{""numerical_value_transfer"": false}"
edge:0141,trace:C3-doksuri_2023_jinjiang-S20260830,HAS_STEP,decision:C3-doksuri_2023_jinjiang-S20260830:1,"{""step"": 1}"
edge:0142,decision:C3-doksuri_2023_jinjiang-S20260830:1,EXECUTED_BY,agent:AuthorityAgent,{}
edge:0143,trace:C3-doksuri_2023_jinjiang-S20260830,HAS_STEP,decision:C3-doksuri_2023_jinjiang-S20260830:2,"{""step"": 2}"
edge:0144,decision:C3-doksuri_2023_jinjiang-S20260830:2,EXECUTED_BY,agent:SolverEvidenceAgent,{}
edge:0145,decision:C3-doksuri_2023_jinjiang-S20260830:1,NEXT_STEP,decision:C3-doksuri_2023_jinjiang-S20260830:2,{}
edge:0146,trace:C3-doksuri_2023_jinjiang-S20260830,HAS_STEP,decision:C3-doksuri_2023_jinjiang-S20260830:3,"{""step"": 3}"
edge:0147,decision:C3-doksuri_2023_jinjiang-S20260830:3,EXECUTED_BY,agent:PhysicsBoundaryAgent,{}
edge:0148,decision:C3-doksuri_2023_jinjiang-S20260830:2,NEXT_STEP,decision:C3-doksuri_2023_jinjiang-S20260830:3,{}
edge:0149,trace:C3-doksuri_2023_jinjiang-S20260830,HAS_STEP,decision:C3-doksuri_2023_jinjiang-S20260830:4,"{""step"": 4}"
edge:0150,decision:C3-doksuri_2023_jinjiang-S20260830:4,EXECUTED_BY,agent:WarningPolicyAgent,{}
edge:0151,decision:C3-doksuri_2023_jinjiang-S20260830:3,NEXT_STEP,decision:C3-doksuri_2023_jinjiang-S20260830:4,{}
edge:0152,project:C3-43KG,HAS_CASE,case:C3-meranti_2016_peak-S20260830,{}
edge:0153,case:C3-meranti_2016_peak-S20260830,IN_GROUP,group:G1_typhoon,{}
edge:0154,case:C3-meranti_2016_peak-S20260830,EVALUATED_ON,model:C3,{}
edge:0155,case:C3-meranti_2016_peak-S20260830,HAS_RESPONSE_STATE,response:C3-meranti_2016_peak-S20260830,{}
edge:0156,case:C3-meranti_2016_peak-S20260830,HAS_AGENT_TRACE,trace:C3-meranti_2016_peak-S20260830,{}
edge:0157,legacy-result:meranti_2016_peak,PROVENANCE_ONLY,case:C3-meranti_2016_peak-S20260830,"{""numerical_value_transfer"": false}"
edge:0158,trace:C3-meranti_2016_peak-S20260830,HAS_STEP,decision:C3-meranti_2016_peak-S20260830:1,"{""step"": 1}"
edge:0159,decision:C3-meranti_2016_peak-S20260830:1,EXECUTED_BY,agent:AuthorityAgent,{}
edge:0160,trace:C3-meranti_2016_peak-S20260830,HAS_STEP,decision:C3-meranti_2016_peak-S20260830:2,"{""step"": 2}"
edge:0161,decision:C3-meranti_2016_peak-S20260830:2,EXECUTED_BY,agent:SolverEvidenceAgent,{}
edge:0162,decision:C3-meranti_2016_peak-S20260830:1,NEXT_STEP,decision:C3-meranti_2016_peak-S20260830:2,{}
edge:0163,trace:C3-meranti_2016_peak-S20260830,HAS_STEP,decision:C3-meranti_2016_peak-S20260830:3,"{""step"": 3}"
edge:0164,decision:C3-meranti_2016_peak-S20260830:3,EXECUTED_BY,agent:PhysicsBoundaryAgent,{}
edge:0165,decision:C3-meranti_2016_peak-S20260830:2,NEXT_STEP,decision:C3-meranti_2016_peak-S20260830:3,{}
edge:0166,trace:C3-meranti_2016_peak-S20260830,HAS_STEP,decision:C3-meranti_2016_peak-S20260830:4,"{""step"": 4}"
edge:0167,decision:C3-meranti_2016_peak-S20260830:4,EXECUTED_BY,agent:WarningPolicyAgent,{}
edge:0168,decision:C3-meranti_2016_peak-S20260830:3,NEXT_STEP,decision:C3-meranti_2016_peak-S20260830:4,{}
edge:0169,project:C3-43KG,HAS_CASE,case:C3-haiyan_2013_peak-S20260830,{}
edge:0170,case:C3-haiyan_2013_peak-S20260830,IN_GROUP,group:G1_typhoon,{}
edge:0171,case:C3-haiyan_2013_peak-S20260830,EVALUATED_ON,model:C3,{}
edge:0172,case:C3-haiyan_2013_peak-S20260830,HAS_RESPONSE_STATE,response:C3-haiyan_2013_peak-S20260830,{}
edge:0173,case:C3-haiyan_2013_peak-S20260830,HAS_AGENT_TRACE,trace:C3-haiyan_2013_peak-S20260830,{}
edge:0174,legacy-result:haiyan_2013_peak,PROVENANCE_ONLY,case:C3-haiyan_2013_peak-S20260830,"{""numerical_value_transfer"": false}"
edge:0175,trace:C3-haiyan_2013_peak-S20260830,HAS_STEP,decision:C3-haiyan_2013_peak-S20260830:1,"{""step"": 1}"
edge:0176,decision:C3-haiyan_2013_peak-S20260830:1,EXECUTED_BY,agent:AuthorityAgent,{}
edge:0177,trace:C3-haiyan_2013_peak-S20260830,HAS_STEP,decision:C3-haiyan_2013_peak-S20260830:2,"{""step"": 2}"
edge:0178,decision:C3-haiyan_2013_peak-S20260830:2,EXECUTED_BY,agent:SolverEvidenceAgent,{}
edge:0179,decision:C3-haiyan_2013_peak-S20260830:1,NEXT_STEP,decision:C3-haiyan_2013_peak-S20260830:2,{}
edge:0180,trace:C3-haiyan_2013_peak-S20260830,HAS_STEP,decision:C3-haiyan_2013_peak-S20260830:3,"{""step"": 3}"
edge:0181,decision:C3-haiyan_2013_peak-S20260830:3,EXECUTED_BY,agent:PhysicsBoundaryAgent,{}
edge:0182,decision:C3-haiyan_2013_peak-S20260830:2,NEXT_STEP,decision:C3-haiyan_2013_peak-S20260830:3,{}
edge:0183,trace:C3-haiyan_2013_peak-S20260830,HAS_STEP,decision:C3-haiyan_2013_peak-S20260830:4,"{""step"": 4}"
edge:0184,decision:C3-haiyan_2013_peak-S20260830:4,EXECUTED_BY,agent:WarningPolicyAgent,{}
edge:0185,decision:C3-haiyan_2013_peak-S20260830:3,NEXT_STEP,decision:C3-haiyan_2013_peak-S20260830:4,{}
edge:0186,project:C3-43KG,HAS_CASE,case:C3-mangkhut_2018_peak-S20260830,{}
edge:0187,case:C3-mangkhut_2018_peak-S20260830,IN_GROUP,group:G1_typhoon,{}
edge:0188,case:C3-mangkhut_2018_peak-S20260830,EVALUATED_ON,model:C3,{}
edge:0189,case:C3-mangkhut_2018_peak-S20260830,HAS_RESPONSE_STATE,response:C3-mangkhut_2018_peak-S20260830,{}
edge:0190,case:C3-mangkhut_2018_peak-S20260830,HAS_AGENT_TRACE,trace:C3-mangkhut_2018_peak-S20260830,{}
edge:0191,legacy-result:mangkhut_2018_peak,PROVENANCE_ONLY,case:C3-mangkhut_2018_peak-S20260830,"{""numerical_value_transfer"": false}"
edge:0192,trace:C3-mangkhut_2018_peak-S20260830,HAS_STEP,decision:C3-mangkhut_2018_peak-S20260830:1,"{""step"": 1}"
edge:0193,decision:C3-mangkhut_2018_peak-S20260830:1,EXECUTED_BY,agent:AuthorityAgent,{}
edge:0194,trace:C3-mangkhut_2018_peak-S20260830,HAS_STEP,decision:C3-mangkhut_2018_peak-S20260830:2,"{""step"": 2}"
edge:0195,decision:C3-mangkhut_2018_peak-S20260830:2,EXECUTED_BY,agent:SolverEvidenceAgent,{}
edge:0196,decision:C3-mangkhut_2018_peak-S20260830:1,NEXT_STEP,decision:C3-mangkhut_2018_peak-S20260830:2,{}
edge:0197,trace:C3-mangkhut_2018_peak-S20260830,HAS_STEP,decision:C3-mangkhut_2018_peak-S20260830:3,"{""step"": 3}"
edge:0198,decision:C3-mangkhut_2018_peak-S20260830:3,EXECUTED_BY,agent:PhysicsBoundaryAgent,{}
edge:0199,decision:C3-mangkhut_2018_peak-S20260830:2,NEXT_STEP,decision:C3-mangkhut_2018_peak-S20260830:3,{}
edge:0200,trace:C3-mangkhut_2018_peak-S20260830,HAS_STEP,decision:C3-mangkhut_2018_peak-S20260830:4,"{""step"": 4}"
edge:0201,decision:C3-mangkhut_2018_peak-S20260830:4,EXECUTED_BY,agent:WarningPolicyAgent,{}
edge:0202,decision:C3-mangkhut_2018_peak-S20260830:3,NEXT_STEP,decision:C3-mangkhut_2018_peak-S20260830:4,{}
edge:0203,project:C3-43KG,HAS_CASE,case:C3-tip_1979_peak-S20260830,{}
edge:0204,case:C3-tip_1979_peak-S20260830,IN_GROUP,group:G1_typhoon,{}
edge:0205,case:C3-tip_1979_peak-S20260830,EVALUATED_ON,model:C3,{}
edge:0206,case:C3-tip_1979_peak-S20260830,HAS_RESPONSE_STATE,response:C3-tip_1979_peak-S20260830,{}
edge:0207,case:C3-tip_1979_peak-S20260830,HAS_AGENT_TRACE,trace:C3-tip_1979_peak-S20260830,{}
edge:0208,legacy-result:tip_1979_peak,PROVENANCE_ONLY,case:C3-tip_1979_peak-S20260830,"{""numerical_value_transfer"": false}"
edge:0209,trace:C3-tip_1979_peak-S20260830,HAS_STEP,decision:C3-tip_1979_peak-S20260830:1,"{""step"": 1}"
edge:0210,decision:C3-tip_1979_peak-S20260830:1,EXECUTED_BY,agent:AuthorityAgent,{}
edge:0211,trace:C3-tip_1979_peak-S20260830,HAS_STEP,decision:C3-tip_1979_peak-S20260830:2,"{""step"": 2}"
edge:0212,decision:C3-tip_1979_peak-S20260830:2,EXECUTED_BY,agent:SolverEvidenceAgent,{}
edge:0213,decision:C3-tip_1979_peak-S20260830:1,NEXT_STEP,decision:C3-tip_1979_peak-S20260830:2,{}
edge:0214,trace:C3-tip_1979_peak-S20260830,HAS_STEP,decision:C3-tip_1979_peak-S20260830:3,"{""step"": 3}"
edge:0215,decision:C3-tip_1979_peak-S20260830:3,EXECUTED_BY,agent:PhysicsBoundaryAgent,{}
edge:0216,decision:C3-tip_1979_peak-S20260830:2,NEXT_STEP,decision:C3-tip_1979_peak-S20260830:3,{}
edge:0217,trace:C3-tip_1979_peak-S20260830,HAS_STEP,decision:C3-tip_1979_peak-S20260830:4,"{""step"": 4}"
edge:0218,decision:C3-tip_1979_peak-S20260830:4,EXECUTED_BY,agent:WarningPolicyAgent,{}
edge:0219,decision:C3-tip_1979_peak-S20260830:3,NEXT_STEP,decision:C3-tip_1979_peak-S20260830:4,{}
edge:0220,project:C3-43KG,HAS_CASE,case:C3-goni_2020_landfall-S20260830,{}
edge:0221,case:C3-goni_2020_landfall-S20260830,IN_GROUP,group:G1_typhoon,{}
edge:0222,case:C3-goni_2020_landfall-S20260830,EVALUATED_ON,model:C3,{}
edge:0223,case:C3-goni_2020_landfall-S20260830,HAS_RESPONSE_STATE,response:C3-goni_2020_landfall-S20260830,{}
edge:0224,case:C3-goni_2020_landfall-S20260830,HAS_AGENT_TRACE,trace:C3-goni_2020_landfall-S20260830,{}
edge:0225,legacy-result:goni_2020_landfall,PROVENANCE_ONLY,case:C3-goni_2020_landfall-S20260830,"{""numerical_value_transfer"": false}"
edge:0226,trace:C3-goni_2020_landfall-S20260830,HAS_STEP,decision:C3-goni_2020_landfall-S20260830:1,"{""step"": 1}"
edge:0227,decision:C3-goni_2020_landfall-S20260830:1,EXECUTED_BY,agent:AuthorityAgent,{}
edge:0228,trace:C3-goni_2020_landfall-S20260830,HAS_STEP,decision:C3-goni_2020_landfall-S20260830:2,"{""step"": 2}"
edge:0229,decision:C3-goni_2020_landfall-S20260830:2,EXECUTED_BY,agent:SolverEvidenceAgent,{}
edge:0230,decision:C3-goni_2020_landfall-S20260830:1,NEXT_STEP,decision:C3-goni_2020_landfall-S20260830:2,{}
edge:0231,trace:C3-goni_2020_landfall-S20260830,HAS_STEP,decision:C3-goni_2020_landfall-S20260830:3,"{""step"": 3}"
edge:0232,decision:C3-goni_2020_landfall-S20260830:3,EXECUTED_BY,agent:PhysicsBoundaryAgent,{}
edge:0233,decision:C3-goni_2020_landfall-S20260830:2,NEXT_STEP,decision:C3-goni_2020_landfall-S20260830:3,{}
edge:0234,trace:C3-goni_2020_landfall-S20260830,HAS_STEP,decision:C3-goni_2020_landfall-S20260830:4,"{""step"": 4}"
edge:0235,decision:C3-goni_2020_landfall-S20260830:4,EXECUTED_BY,agent:WarningPolicyAgent,{}
edge:0236,decision:C3-goni_2020_landfall-S20260830:3,NEXT_STEP,decision:C3-goni_2020_landfall-S20260830:4,{}
edge:0237,project:C3-43KG,HAS_CASE,case:C3-lanyu_ryan_1995_gust-S20260830,{}
edge:0238,case:C3-lanyu_ryan_1995_gust-S20260830,IN_GROUP,group:G1_typhoon,{}
edge:0239,case:C3-lanyu_ryan_1995_gust-S20260830,EVALUATED_ON,model:C3,{}
edge:0240,case:C3-lanyu_ryan_1995_gust-S20260830,HAS_RESPONSE_STATE,response:C3-lanyu_ryan_1995_gust-S20260830,{}
edge:0241,case:C3-lanyu_ryan_1995_gust-S20260830,HAS_AGENT_TRACE,trace:C3-lanyu_ryan_1995_gust-S20260830,{}
edge:0242,legacy-result:lanyu_ryan_1995_gust,PROVENANCE_ONLY,case:C3-lanyu_ryan_1995_gust-S20260830,"{""numerical_value_transfer"": false}"
edge:0243,trace:C3-lanyu_ryan_1995_gust-S20260830,HAS_STEP,decision:C3-lanyu_ryan_1995_gust-S20260830:1,"{""step"": 1}"
edge:0244,decision:C3-lanyu_ryan_1995_gust-S20260830:1,EXECUTED_BY,agent:AuthorityAgent,{}
edge:0245,trace:C3-lanyu_ryan_1995_gust-S20260830,HAS_STEP,decision:C3-lanyu_ryan_1995_gust-S20260830:2,"{""step"": 2}"
edge:0246,decision:C3-lanyu_ryan_1995_gust-S20260830:2,EXECUTED_BY,agent:SolverEvidenceAgent,{}
edge:0247,decision:C3-lanyu_ryan_1995_gust-S20260830:1,NEXT_STEP,decision:C3-lanyu_ryan_1995_gust-S20260830:2,{}
edge:0248,trace:C3-lanyu_ryan_1995_gust-S20260830,HAS_STEP,decision:C3-lanyu_ryan_1995_gust-S20260830:3,"{""step"": 3}"
edge:0249,decision:C3-lanyu_ryan_1995_gust-S20260830:3,EXECUTED_BY,agent:PhysicsBoundaryAgent,{}
edge:0250,decision:C3-lanyu_ryan_1995_gust-S20260830:2,NEXT_STEP,decision:C3-lanyu_ryan_1995_gust-S20260830:3,{}
edge:0251,trace:C3-lanyu_ryan_1995_gust-S20260830,HAS_STEP,decision:C3-lanyu_ryan_1995_gust-S20260830:4,"{""step"": 4}"
edge:0252,decision:C3-lanyu_ryan_1995_gust-S20260830:4,EXECUTED_BY,agent:WarningPolicyAgent,{}
edge:0253,decision:C3-lanyu_ryan_1995_gust-S20260830:3,NEXT_STEP,decision:C3-lanyu_ryan_1995_gust-S20260830:4,{}
edge:0254,project:C3-43KG,HAS_CASE,case:C3-ss_cat1-S20260830,{}
edge:0255,case:C3-ss_cat1-S20260830,IN_GROUP,group:G2_hurricane,{}
edge:0256,case:C3-ss_cat1-S20260830,EVALUATED_ON,model:C3,{}
edge:0257,case:C3-ss_cat1-S20260830,HAS_RESPONSE_STATE,response:C3-ss_cat1-S20260830,{}
edge:0258,case:C3-ss_cat1-S20260830,HAS_AGENT_TRACE,trace:C3-ss_cat1-S20260830,{}
edge:0259,legacy-result:ss_cat1,PROVENANCE_ONLY,case:C3-ss_cat1-S20260830,"{""numerical_value_transfer"": false}"
edge:0260,trace:C3-ss_cat1-S20260830,HAS_STEP,decision:C3-ss_cat1-S20260830:1,"{""step"": 1}"
edge:0261,decision:C3-ss_cat1-S20260830:1,EXECUTED_BY,agent:AuthorityAgent,{}
edge:0262,trace:C3-ss_cat1-S20260830,HAS_STEP,decision:C3-ss_cat1-S20260830:2,"{""step"": 2}"
edge:0263,decision:C3-ss_cat1-S20260830:2,EXECUTED_BY,agent:SolverEvidenceAgent,{}
edge:0264,decision:C3-ss_cat1-S20260830:1,NEXT_STEP,decision:C3-ss_cat1-S20260830:2,{}
edge:0265,trace:C3-ss_cat1-S20260830,HAS_STEP,decision:C3-ss_cat1-S20260830:3,"{""step"": 3}"
edge:0266,decision:C3-ss_cat1-S20260830:3,EXECUTED_BY,agent:PhysicsBoundaryAgent,{}
edge:0267,decision:C3-ss_cat1-S20260830:2,NEXT_STEP,decision:C3-ss_cat1-S20260830:3,{}
edge:0268,trace:C3-ss_cat1-S20260830,HAS_STEP,decision:C3-ss_cat1-S20260830:4,"{""step"": 4}"
edge:0269,decision:C3-ss_cat1-S20260830:4,EXECUTED_BY,agent:WarningPolicyAgent,{}
edge:0270,decision:C3-ss_cat1-S20260830:3,NEXT_STEP,decision:C3-ss_cat1-S20260830:4,{}
edge:0271,project:C3-43KG,HAS_CASE,case:C3-ss_cat2-S20260830,{}
edge:0272,case:C3-ss_cat2-S20260830,IN_GROUP,group:G2_hurricane,{}
edge:0273,case:C3-ss_cat2-S20260830,EVALUATED_ON,model:C3,{}
edge:0274,case:C3-ss_cat2-S20260830,HAS_RESPONSE_STATE,response:C3-ss_cat2-S20260830,{}
edge:0275,case:C3-ss_cat2-S20260830,HAS_AGENT_TRACE,trace:C3-ss_cat2-S20260830,{}
edge:0276,legacy-result:ss_cat2,PROVENANCE_ONLY,case:C3-ss_cat2-S20260830,"{""numerical_value_transfer"": false}"
edge:0277,trace:C3-ss_cat2-S20260830,HAS_STEP,decision:C3-ss_cat2-S20260830:1,"{""step"": 1}"
edge:0278,decision:C3-ss_cat2-S20260830:1,EXECUTED_BY,agent:AuthorityAgent,{}
edge:0279,trace:C3-ss_cat2-S20260830,HAS_STEP,decision:C3-ss_cat2-S20260830:2,"{""step"": 2}"
edge:0280,decision:C3-ss_cat2-S20260830:2,EXECUTED_BY,agent:SolverEvidenceAgent,{}
edge:0281,decision:C3-ss_cat2-S20260830:1,NEXT_STEP,decision:C3-ss_cat2-S20260830:2,{}
edge:0282,trace:C3-ss_cat2-S20260830,HAS_STEP,decision:C3-ss_cat2-S20260830:3,"{""step"": 3}"
edge:0283,decision:C3-ss_cat2-S20260830:3,EXECUTED_BY,agent:PhysicsBoundaryAgent,{}
edge:0284,decision:C3-ss_cat2-S20260830:2,NEXT_STEP,decision:C3-ss_cat2-S20260830:3,{}
edge:0285,trace:C3-ss_cat2-S20260830,HAS_STEP,decision:C3-ss_cat2-S20260830:4,"{""step"": 4}"
edge:0286,decision:C3-ss_cat2-S20260830:4,EXECUTED_BY,agent:WarningPolicyAgent,{}
edge:0287,decision:C3-ss_cat2-S20260830:3,NEXT_STEP,decision:C3-ss_cat2-S20260830:4,{}
edge:0288,project:C3-43KG,HAS_CASE,case:C3-ss_cat3-S20260830,{}
edge:0289,case:C3-ss_cat3-S20260830,IN_GROUP,group:G2_hurricane,{}
edge:0290,case:C3-ss_cat3-S20260830,EVALUATED_ON,model:C3,{}
edge:0291,case:C3-ss_cat3-S20260830,HAS_RESPONSE_STATE,response:C3-ss_cat3-S20260830,{}
edge:0292,case:C3-ss_cat3-S20260830,HAS_AGENT_TRACE,trace:C3-ss_cat3-S20260830,{}
edge:0293,legacy-result:ss_cat3,PROVENANCE_ONLY,case:C3-ss_cat3-S20260830,"{""numerical_value_transfer"": false}"
edge:0294,trace:C3-ss_cat3-S20260830,HAS_STEP,decision:C3-ss_cat3-S20260830:1,"{""step"": 1}"
edge:0295,decision:C3-ss_cat3-S20260830:1,EXECUTED_BY,agent:AuthorityAgent,{}
edge:0296,trace:C3-ss_cat3-S20260830,HAS_STEP,decision:C3-ss_cat3-S20260830:2,"{""step"": 2}"
edge:0297,decision:C3-ss_cat3-S20260830:2,EXECUTED_BY,agent:SolverEvidenceAgent,{}
edge:0298,decision:C3-ss_cat3-S20260830:1,NEXT_STEP,decision:C3-ss_cat3-S20260830:2,{}
edge:0299,trace:C3-ss_cat3-S20260830,HAS_STEP,decision:C3-ss_cat3-S20260830:3,"{""step"": 3}"
edge:0300,decision:C3-ss_cat3-S20260830:3,EXECUTED_BY,agent:PhysicsBoundaryAgent,{}
edge:0301,decision:C3-ss_cat3-S20260830:2,NEXT_STEP,decision:C3-ss_cat3-S20260830:3,{}
edge:0302,trace:C3-ss_cat3-S20260830,HAS_STEP,decision:C3-ss_cat3-S20260830:4,"{""step"": 4}"
edge:0303,decision:C3-ss_cat3-S20260830:4,EXECUTED_BY,agent:WarningPolicyAgent,{}
edge:0304,decision:C3-ss_cat3-S20260830:3,NEXT_STEP,decision:C3-ss_cat3-S20260830:4,{}
edge:0305,project:C3-43KG,HAS_CASE,case:C3-ss_cat4-S20260830,{}
edge:0306,case:C3-ss_cat4-S20260830,IN_GROUP,group:G2_hurricane,{}
edge:0307,case:C3-ss_cat4-S20260830,EVALUATED_ON,model:C3,{}
edge:0308,case:C3-ss_cat4-S20260830,HAS_RESPONSE_STATE,response:C3-ss_cat4-S20260830,{}
edge:0309,case:C3-ss_cat4-S20260830,HAS_AGENT_TRACE,trace:C3-ss_cat4-S20260830,{}
edge:0310,legacy-result:ss_cat4,PROVENANCE_ONLY,case:C3-ss_cat4-S20260830,"{""numerical_value_transfer"": false}"
edge:0311,trace:C3-ss_cat4-S20260830,HAS_STEP,decision:C3-ss_cat4-S20260830:1,"{""step"": 1}"
edge:0312,decision:C3-ss_cat4-S20260830:1,EXECUTED_BY,agent:AuthorityAgent,{}
edge:0313,trace:C3-ss_cat4-S20260830,HAS_STEP,decision:C3-ss_cat4-S20260830:2,"{""step"": 2}"
edge:0314,decision:C3-ss_cat4-S20260830:2,EXECUTED_BY,agent:SolverEvidenceAgent,{}
edge:0315,decision:C3-ss_cat4-S20260830:1,NEXT_STEP,decision:C3-ss_cat4-S20260830:2,{}
edge:0316,trace:C3-ss_cat4-S20260830,HAS_STEP,decision:C3-ss_cat4-S20260830:3,"{""step"": 3}"
edge:0317,decision:C3-ss_cat4-S20260830:3,EXECUTED_BY,agent:PhysicsBoundaryAgent,{}
edge:0318,decision:C3-ss_cat4-S20260830:2,NEXT_STEP,decision:C3-ss_cat4-S20260830:3,{}
edge:0319,trace:C3-ss_cat4-S20260830,HAS_STEP,decision:C3-ss_cat4-S20260830:4,"{""step"": 4}"
edge:0320,decision:C3-ss_cat4-S20260830:4,EXECUTED_BY,agent:WarningPolicyAgent,{}
edge:0321,decision:C3-ss_cat4-S20260830:3,NEXT_STEP,decision:C3-ss_cat4-S20260830:4,{}
edge:0322,project:C3-43KG,HAS_CASE,case:C3-ss_cat5-S20260830,{}
edge:0323,case:C3-ss_cat5-S20260830,IN_GROUP,group:G2_hurricane,{}
edge:0324,case:C3-ss_cat5-S20260830,EVALUATED_ON,model:C3,{}
edge:0325,case:C3-ss_cat5-S20260830,HAS_RESPONSE_STATE,response:C3-ss_cat5-S20260830,{}
edge:0326,case:C3-ss_cat5-S20260830,HAS_AGENT_TRACE,trace:C3-ss_cat5-S20260830,{}
edge:0327,legacy-result:ss_cat5,PROVENANCE_ONLY,case:C3-ss_cat5-S20260830,"{""numerical_value_transfer"": false}"
edge:0328,trace:C3-ss_cat5-S20260830,HAS_STEP,decision:C3-ss_cat5-S20260830:1,"{""step"": 1}"
edge:0329,decision:C3-ss_cat5-S20260830:1,EXECUTED_BY,agent:AuthorityAgent,{}
edge:0330,trace:C3-ss_cat5-S20260830,HAS_STEP,decision:C3-ss_cat5-S20260830:2,"{""step"": 2}"
edge:0331,decision:C3-ss_cat5-S20260830:2,EXECUTED_BY,agent:SolverEvidenceAgent,{}
edge:0332,decision:C3-ss_cat5-S20260830:1,NEXT_STEP,decision:C3-ss_cat5-S20260830:2,{}
edge:0333,trace:C3-ss_cat5-S20260830,HAS_STEP,decision:C3-ss_cat5-S20260830:3,"{""step"": 3}"
edge:0334,decision:C3-ss_cat5-S20260830:3,EXECUTED_BY,agent:PhysicsBoundaryAgent,{}
edge:0335,decision:C3-ss_cat5-S20260830:2,NEXT_STEP,decision:C3-ss_cat5-S20260830:3,{}
edge:0336,trace:C3-ss_cat5-S20260830,HAS_STEP,decision:C3-ss_cat5-S20260830:4,"{""step"": 4}"
edge:0337,decision:C3-ss_cat5-S20260830:4,EXECUTED_BY,agent:WarningPolicyAgent,{}
edge:0338,decision:C3-ss_cat5-S20260830:3,NEXT_STEP,decision:C3-ss_cat5-S20260830:4,{}
edge:0339,project:C3-43KG,HAS_CASE,case:C3-dorian_2019_landfall-S20260830,{}
edge:0340,case:C3-dorian_2019_landfall-S20260830,IN_GROUP,group:G2_hurricane,{}
edge:0341,case:C3-dorian_2019_landfall-S20260830,EVALUATED_ON,model:C3,{}
edge:0342,case:C3-dorian_2019_landfall-S20260830,HAS_RESPONSE_STATE,response:C3-dorian_2019_landfall-S20260830,{}
edge:0343,case:C3-dorian_2019_landfall-S20260830,HAS_AGENT_TRACE,trace:C3-dorian_2019_landfall-S20260830,{}
edge:0344,legacy-result:dorian_2019_landfall,PROVENANCE_ONLY,case:C3-dorian_2019_landfall-S20260830,"{""numerical_value_transfer"": false}"
edge:0345,trace:C3-dorian_2019_landfall-S20260830,HAS_STEP,decision:C3-dorian_2019_landfall-S20260830:1,"{""step"": 1}"
edge:0346,decision:C3-dorian_2019_landfall-S20260830:1,EXECUTED_BY,agent:AuthorityAgent,{}
edge:0347,trace:C3-dorian_2019_landfall-S20260830,HAS_STEP,decision:C3-dorian_2019_landfall-S20260830:2,"{""step"": 2}"
edge:0348,decision:C3-dorian_2019_landfall-S20260830:2,EXECUTED_BY,agent:SolverEvidenceAgent,{}
edge:0349,decision:C3-dorian_2019_landfall-S20260830:1,NEXT_STEP,decision:C3-dorian_2019_landfall-S20260830:2,{}
edge:0350,trace:C3-dorian_2019_landfall-S20260830,HAS_STEP,decision:C3-dorian_2019_landfall-S20260830:3,"{""step"": 3}"
edge:0351,decision:C3-dorian_2019_landfall-S20260830:3,EXECUTED_BY,agent:PhysicsBoundaryAgent,{}
edge:0352,decision:C3-dorian_2019_landfall-S20260830:2,NEXT_STEP,decision:C3-dorian_2019_landfall-S20260830:3,{}
edge:0353,trace:C3-dorian_2019_landfall-S20260830,HAS_STEP,decision:C3-dorian_2019_landfall-S20260830:4,"{""step"": 4}"
edge:0354,decision:C3-dorian_2019_landfall-S20260830:4,EXECUTED_BY,agent:WarningPolicyAgent,{}
edge:0355,decision:C3-dorian_2019_landfall-S20260830:3,NEXT_STEP,decision:C3-dorian_2019_landfall-S20260830:4,{}
edge:0356,project:C3-43KG,HAS_CASE,case:C3-patricia_2015_peak-S20260830,{}
edge:0357,case:C3-patricia_2015_peak-S20260830,IN_GROUP,group:G2_hurricane,{}
edge:0358,case:C3-patricia_2015_peak-S20260830,EVALUATED_ON,model:C3,{}
edge:0359,case:C3-patricia_2015_peak-S20260830,HAS_RESPONSE_STATE,response:C3-patricia_2015_peak-S20260830,{}
edge:0360,case:C3-patricia_2015_peak-S20260830,HAS_AGENT_TRACE,trace:C3-patricia_2015_peak-S20260830,{}
edge:0361,legacy-result:patricia_2015_peak,PROVENANCE_ONLY,case:C3-patricia_2015_peak-S20260830,"{""numerical_value_transfer"": false}"
edge:0362,trace:C3-patricia_2015_peak-S20260830,HAS_STEP,decision:C3-patricia_2015_peak-S20260830:1,"{""step"": 1}"
edge:0363,decision:C3-patricia_2015_peak-S20260830:1,EXECUTED_BY,agent:AuthorityAgent,{}
edge:0364,trace:C3-patricia_2015_peak-S20260830,HAS_STEP,decision:C3-patricia_2015_peak-S20260830:2,"{""step"": 2}"
edge:0365,decision:C3-patricia_2015_peak-S20260830:2,EXECUTED_BY,agent:SolverEvidenceAgent,{}
edge:0366,decision:C3-patricia_2015_peak-S20260830:1,NEXT_STEP,decision:C3-patricia_2015_peak-S20260830:2,{}
edge:0367,trace:C3-patricia_2015_peak-S20260830,HAS_STEP,decision:C3-patricia_2015_peak-S20260830:3,"{""step"": 3}"
edge:0368,decision:C3-patricia_2015_peak-S20260830:3,EXECUTED_BY,agent:PhysicsBoundaryAgent,{}
edge:0369,decision:C3-patricia_2015_peak-S20260830:2,NEXT_STEP,decision:C3-patricia_2015_peak-S20260830:3,{}
edge:0370,trace:C3-patricia_2015_peak-S20260830,HAS_STEP,decision:C3-patricia_2015_peak-S20260830:4,"{""step"": 4}"
edge:0371,decision:C3-patricia_2015_peak-S20260830:4,EXECUTED_BY,agent:WarningPolicyAgent,{}
edge:0372,decision:C3-patricia_2015_peak-S20260830:3,NEXT_STEP,decision:C3-patricia_2015_peak-S20260830:4,{}
edge:0373,project:C3-43KG,HAS_CASE,case:C3-gustav_2008_cuba_gust-S20260830,{}
edge:0374,case:C3-gustav_2008_cuba_gust-S20260830,IN_GROUP,group:G2_hurricane,{}
edge:0375,case:C3-gustav_2008_cuba_gust-S20260830,EVALUATED_ON,model:C3,{}
edge:0376,case:C3-gustav_2008_cuba_gust-S20260830,HAS_RESPONSE_STATE,response:C3-gustav_2008_cuba_gust-S20260830,{}
edge:0377,case:C3-gustav_2008_cuba_gust-S20260830,HAS_AGENT_TRACE,trace:C3-gustav_2008_cuba_gust-S20260830,{}
edge:0378,legacy-result:gustav_2008_cuba_gust,PROVENANCE_ONLY,case:C3-gustav_2008_cuba_gust-S20260830,"{""numerical_value_transfer"": false}"
edge:0379,trace:C3-gustav_2008_cuba_gust-S20260830,HAS_STEP,decision:C3-gustav_2008_cuba_gust-S20260830:1,"{""step"": 1}"
edge:0380,decision:C3-gustav_2008_cuba_gust-S20260830:1,EXECUTED_BY,agent:AuthorityAgent,{}
edge:0381,trace:C3-gustav_2008_cuba_gust-S20260830,HAS_STEP,decision:C3-gustav_2008_cuba_gust-S20260830:2,"{""step"": 2}"
edge:0382,decision:C3-gustav_2008_cuba_gust-S20260830:2,EXECUTED_BY,agent:SolverEvidenceAgent,{}
edge:0383,decision:C3-gustav_2008_cuba_gust-S20260830:1,NEXT_STEP,decision:C3-gustav_2008_cuba_gust-S20260830:2,{}
edge:0384,trace:C3-gustav_2008_cuba_gust-S20260830,HAS_STEP,decision:C3-gustav_2008_cuba_gust-S20260830:3,"{""step"": 3}"
edge:0385,decision:C3-gustav_2008_cuba_gust-S20260830:3,EXECUTED_BY,agent:PhysicsBoundaryAgent,{}
edge:0386,decision:C3-gustav_2008_cuba_gust-S20260830:2,NEXT_STEP,decision:C3-gustav_2008_cuba_gust-S20260830:3,{}
edge:0387,trace:C3-gustav_2008_cuba_gust-S20260830,HAS_STEP,decision:C3-gustav_2008_cuba_gust-S20260830:4,"{""step"": 4}"
edge:0388,decision:C3-gustav_2008_cuba_gust-S20260830:4,EXECUTED_BY,agent:WarningPolicyAgent,{}
edge:0389,decision:C3-gustav_2008_cuba_gust-S20260830:3,NEXT_STEP,decision:C3-gustav_2008_cuba_gust-S20260830:4,{}
edge:0390,project:C3-43KG,HAS_CASE,case:C3-bhola_1970_peak-S20260830,{}
edge:0391,case:C3-bhola_1970_peak-S20260830,IN_GROUP,group:G3_bob,{}
edge:0392,case:C3-bhola_1970_peak-S20260830,EVALUATED_ON,model:C3,{}
edge:0393,case:C3-bhola_1970_peak-S20260830,HAS_RESPONSE_STATE,response:C3-bhola_1970_peak-S20260830,{}
edge:0394,case:C3-bhola_1970_peak-S20260830,HAS_AGENT_TRACE,trace:C3-bhola_1970_peak-S20260830,{}
edge:0395,legacy-result:bhola_1970_peak,PROVENANCE_ONLY,case:C3-bhola_1970_peak-S20260830,"{""numerical_value_transfer"": false}"
edge:0396,trace:C3-bhola_1970_peak-S20260830,HAS_STEP,decision:C3-bhola_1970_peak-S20260830:1,"{""step"": 1}"
edge:0397,decision:C3-bhola_1970_peak-S20260830:1,EXECUTED_BY,agent:AuthorityAgent,{}
edge:0398,trace:C3-bhola_1970_peak-S20260830,HAS_STEP,decision:C3-bhola_1970_peak-S20260830:2,"{""step"": 2}"
edge:0399,decision:C3-bhola_1970_peak-S20260830:2,EXECUTED_BY,agent:SolverEvidenceAgent,{}
edge:0400,decision:C3-bhola_1970_peak-S20260830:1,NEXT_STEP,decision:C3-bhola_1970_peak-S20260830:2,{}
edge:0401,trace:C3-bhola_1970_peak-S20260830,HAS_STEP,decision:C3-bhola_1970_peak-S20260830:3,"{""step"": 3}"
edge:0402,decision:C3-bhola_1970_peak-S20260830:3,EXECUTED_BY,agent:PhysicsBoundaryAgent,{}
edge:0403,decision:C3-bhola_1970_peak-S20260830:2,NEXT_STEP,decision:C3-bhola_1970_peak-S20260830:3,{}
edge:0404,trace:C3-bhola_1970_peak-S20260830,HAS_STEP,decision:C3-bhola_1970_peak-S20260830:4,"{""step"": 4}"
edge:0405,decision:C3-bhola_1970_peak-S20260830:4,EXECUTED_BY,agent:WarningPolicyAgent,{}
edge:0406,decision:C3-bhola_1970_peak-S20260830:3,NEXT_STEP,decision:C3-bhola_1970_peak-S20260830:4,{}
edge:0407,project:C3-43KG,HAS_CASE,case:C3-nargis_2008_peak-S20260830,{}
edge:0408,case:C3-nargis_2008_peak-S20260830,IN_GROUP,group:G3_bob,{}
edge:0409,case:C3-nargis_2008_peak-S20260830,EVALUATED_ON,model:C3,{}
edge:0410,case:C3-nargis_2008_peak-S20260830,HAS_RESPONSE_STATE,response:C3-nargis_2008_peak-S20260830,{}
edge:0411,case:C3-nargis_2008_peak-S20260830,HAS_AGENT_TRACE,trace:C3-nargis_2008_peak-S20260830,{}
edge:0412,legacy-result:nargis_2008_peak,PROVENANCE_ONLY,case:C3-nargis_2008_peak-S20260830,"{""numerical_value_transfer"": false}"
edge:0413,trace:C3-nargis_2008_peak-S20260830,HAS_STEP,decision:C3-nargis_2008_peak-S20260830:1,"{""step"": 1}"
edge:0414,decision:C3-nargis_2008_peak-S20260830:1,EXECUTED_BY,agent:AuthorityAgent,{}
edge:0415,trace:C3-nargis_2008_peak-S20260830,HAS_STEP,decision:C3-nargis_2008_peak-S20260830:2,"{""step"": 2}"
edge:0416,decision:C3-nargis_2008_peak-S20260830:2,EXECUTED_BY,agent:SolverEvidenceAgent,{}
edge:0417,decision:C3-nargis_2008_peak-S20260830:1,NEXT_STEP,decision:C3-nargis_2008_peak-S20260830:2,{}
edge:0418,trace:C3-nargis_2008_peak-S20260830,HAS_STEP,decision:C3-nargis_2008_peak-S20260830:3,"{""step"": 3}"
edge:0419,decision:C3-nargis_2008_peak-S20260830:3,EXECUTED_BY,agent:PhysicsBoundaryAgent,{}
edge:0420,decision:C3-nargis_2008_peak-S20260830:2,NEXT_STEP,decision:C3-nargis_2008_peak-S20260830:3,{}
edge:0421,trace:C3-nargis_2008_peak-S20260830,HAS_STEP,decision:C3-nargis_2008_peak-S20260830:4,"{""step"": 4}"
edge:0422,decision:C3-nargis_2008_peak-S20260830:4,EXECUTED_BY,agent:WarningPolicyAgent,{}
edge:0423,decision:C3-nargis_2008_peak-S20260830:3,NEXT_STEP,decision:C3-nargis_2008_peak-S20260830:4,{}
edge:0424,project:C3-43KG,HAS_CASE,case:C3-amphan_2020_peak-S20260830,{}
edge:0425,case:C3-amphan_2020_peak-S20260830,IN_GROUP,group:G3_bob,{}
edge:0426,case:C3-amphan_2020_peak-S20260830,EVALUATED_ON,model:C3,{}
edge:0427,case:C3-amphan_2020_peak-S20260830,HAS_RESPONSE_STATE,response:C3-amphan_2020_peak-S20260830,{}
edge:0428,case:C3-amphan_2020_peak-S20260830,HAS_AGENT_TRACE,trace:C3-amphan_2020_peak-S20260830,{}
edge:0429,legacy-result:amphan_2020_peak,PROVENANCE_ONLY,case:C3-amphan_2020_peak-S20260830,"{""numerical_value_transfer"": false}"
edge:0430,trace:C3-amphan_2020_peak-S20260830,HAS_STEP,decision:C3-amphan_2020_peak-S20260830:1,"{""step"": 1}"
edge:0431,decision:C3-amphan_2020_peak-S20260830:1,EXECUTED_BY,agent:AuthorityAgent,{}
edge:0432,trace:C3-amphan_2020_peak-S20260830,HAS_STEP,decision:C3-amphan_2020_peak-S20260830:2,"{""step"": 2}"
edge:0433,decision:C3-amphan_2020_peak-S20260830:2,EXECUTED_BY,agent:SolverEvidenceAgent,{}
edge:0434,decision:C3-amphan_2020_peak-S20260830:1,NEXT_STEP,decision:C3-amphan_2020_peak-S20260830:2,{}
edge:0435,trace:C3-amphan_2020_peak-S20260830,HAS_STEP,decision:C3-amphan_2020_peak-S20260830:3,"{""step"": 3}"
edge:0436,decision:C3-amphan_2020_peak-S20260830:3,EXECUTED_BY,agent:PhysicsBoundaryAgent,{}
edge:0437,decision:C3-amphan_2020_peak-S20260830:2,NEXT_STEP,decision:C3-amphan_2020_peak-S20260830:3,{}
edge:0438,trace:C3-amphan_2020_peak-S20260830,HAS_STEP,decision:C3-amphan_2020_peak-S20260830:4,"{""step"": 4}"
edge:0439,decision:C3-amphan_2020_peak-S20260830:4,EXECUTED_BY,agent:WarningPolicyAgent,{}
edge:0440,decision:C3-amphan_2020_peak-S20260830:3,NEXT_STEP,decision:C3-amphan_2020_peak-S20260830:4,{}
edge:0441,project:C3-43KG,HAS_CASE,case:C3-ef3_anchor-S20260830,{}
edge:0442,case:C3-ef3_anchor-S20260830,IN_GROUP,group:G4_tornado,{}
edge:0443,case:C3-ef3_anchor-S20260830,EVALUATED_ON,model:C3,{}
edge:0444,case:C3-ef3_anchor-S20260830,HAS_RESPONSE_STATE,response:C3-ef3_anchor-S20260830,{}
edge:0445,case:C3-ef3_anchor-S20260830,HAS_AGENT_TRACE,trace:C3-ef3_anchor-S20260830,{}
edge:0446,legacy-result:ef3_anchor,PROVENANCE_ONLY,case:C3-ef3_anchor-S20260830,"{""numerical_value_transfer"": false}"
edge:0447,trace:C3-ef3_anchor-S20260830,HAS_STEP,decision:C3-ef3_anchor-S20260830:1,"{""step"": 1}"
edge:0448,decision:C3-ef3_anchor-S20260830:1,EXECUTED_BY,agent:AuthorityAgent,{}
edge:0449,trace:C3-ef3_anchor-S20260830,HAS_STEP,decision:C3-ef3_anchor-S20260830:2,"{""step"": 2}"
edge:0450,decision:C3-ef3_anchor-S20260830:2,EXECUTED_BY,agent:SolverEvidenceAgent,{}
edge:0451,decision:C3-ef3_anchor-S20260830:1,NEXT_STEP,decision:C3-ef3_anchor-S20260830:2,{}
edge:0452,trace:C3-ef3_anchor-S20260830,HAS_STEP,decision:C3-ef3_anchor-S20260830:3,"{""step"": 3}"
edge:0453,decision:C3-ef3_anchor-S20260830:3,EXECUTED_BY,agent:PhysicsBoundaryAgent,{}
edge:0454,decision:C3-ef3_anchor-S20260830:2,NEXT_STEP,decision:C3-ef3_anchor-S20260830:3,{}
edge:0455,trace:C3-ef3_anchor-S20260830,HAS_STEP,decision:C3-ef3_anchor-S20260830:4,"{""step"": 4}"
edge:0456,decision:C3-ef3_anchor-S20260830:4,EXECUTED_BY,agent:WarningPolicyAgent,{}
edge:0457,decision:C3-ef3_anchor-S20260830:3,NEXT_STEP,decision:C3-ef3_anchor-S20260830:4,{}
edge:0458,project:C3-43KG,HAS_CASE,case:C3-ef4_anchor-S20260830,{}
edge:0459,case:C3-ef4_anchor-S20260830,IN_GROUP,group:G4_tornado,{}
edge:0460,case:C3-ef4_anchor-S20260830,EVALUATED_ON,model:C3,{}
edge:0461,case:C3-ef4_anchor-S20260830,HAS_RESPONSE_STATE,response:C3-ef4_anchor-S20260830,{}
edge:0462,case:C3-ef4_anchor-S20260830,HAS_AGENT_TRACE,trace:C3-ef4_anchor-S20260830,{}
edge:0463,legacy-result:ef4_anchor,PROVENANCE_ONLY,case:C3-ef4_anchor-S20260830,"{""numerical_value_transfer"": false}"
edge:0464,trace:C3-ef4_anchor-S20260830,HAS_STEP,decision:C3-ef4_anchor-S20260830:1,"{""step"": 1}"
edge:0465,decision:C3-ef4_anchor-S20260830:1,EXECUTED_BY,agent:AuthorityAgent,{}
edge:0466,trace:C3-ef4_anchor-S20260830,HAS_STEP,decision:C3-ef4_anchor-S20260830:2,"{""step"": 2}"
edge:0467,decision:C3-ef4_anchor-S20260830:2,EXECUTED_BY,agent:SolverEvidenceAgent,{}
edge:0468,decision:C3-ef4_anchor-S20260830:1,NEXT_STEP,decision:C3-ef4_anchor-S20260830:2,{}
edge:0469,trace:C3-ef4_anchor-S20260830,HAS_STEP,decision:C3-ef4_anchor-S20260830:3,"{""step"": 3}"
edge:0470,decision:C3-ef4_anchor-S20260830:3,EXECUTED_BY,agent:PhysicsBoundaryAgent,{}
edge:0471,decision:C3-ef4_anchor-S20260830:2,NEXT_STEP,decision:C3-ef4_anchor-S20260830:3,{}
edge:0472,trace:C3-ef4_anchor-S20260830,HAS_STEP,decision:C3-ef4_anchor-S20260830:4,"{""step"": 4}"
edge:0473,decision:C3-ef4_anchor-S20260830:4,EXECUTED_BY,agent:WarningPolicyAgent,{}
edge:0474,decision:C3-ef4_anchor-S20260830:3,NEXT_STEP,decision:C3-ef4_anchor-S20260830:4,{}
edge:0475,project:C3-43KG,HAS_CASE,case:C3-ef5_anchor-S20260830,{}
edge:0476,case:C3-ef5_anchor-S20260830,IN_GROUP,group:G4_tornado,{}
edge:0477,case:C3-ef5_anchor-S20260830,EVALUATED_ON,model:C3,{}
edge:0478,case:C3-ef5_anchor-S20260830,HAS_RESPONSE_STATE,response:C3-ef5_anchor-S20260830,{}
edge:0479,case:C3-ef5_anchor-S20260830,HAS_AGENT_TRACE,trace:C3-ef5_anchor-S20260830,{}
edge:0480,legacy-result:ef5_anchor,PROVENANCE_ONLY,case:C3-ef5_anchor-S20260830,"{""numerical_value_transfer"": false}"
edge:0481,trace:C3-ef5_anchor-S20260830,HAS_STEP,decision:C3-ef5_anchor-S20260830:1,"{""step"": 1}"
edge:0482,decision:C3-ef5_anchor-S20260830:1,EXECUTED_BY,agent:AuthorityAgent,{}
edge:0483,trace:C3-ef5_anchor-S20260830,HAS_STEP,decision:C3-ef5_anchor-S20260830:2,"{""step"": 2}"
edge:0484,decision:C3-ef5_anchor-S20260830:2,EXECUTED_BY,agent:SolverEvidenceAgent,{}
edge:0485,decision:C3-ef5_anchor-S20260830:1,NEXT_STEP,decision:C3-ef5_anchor-S20260830:2,{}
edge:0486,trace:C3-ef5_anchor-S20260830,HAS_STEP,decision:C3-ef5_anchor-S20260830:3,"{""step"": 3}"
edge:0487,decision:C3-ef5_anchor-S20260830:3,EXECUTED_BY,agent:PhysicsBoundaryAgent,{}
edge:0488,decision:C3-ef5_anchor-S20260830:2,NEXT_STEP,decision:C3-ef5_anchor-S20260830:3,{}
edge:0489,trace:C3-ef5_anchor-S20260830,HAS_STEP,decision:C3-ef5_anchor-S20260830:4,"{""step"": 4}"
edge:0490,decision:C3-ef5_anchor-S20260830:4,EXECUTED_BY,agent:WarningPolicyAgent,{}
edge:0491,decision:C3-ef5_anchor-S20260830:3,NEXT_STEP,decision:C3-ef5_anchor-S20260830:4,{}
edge:0492,project:C3-43KG,HAS_CASE,case:C3-funing_2016_ef4-S20260830,{}
edge:0493,case:C3-funing_2016_ef4-S20260830,IN_GROUP,group:G4_tornado,{}
edge:0494,case:C3-funing_2016_ef4-S20260830,EVALUATED_ON,model:C3,{}
edge:0495,case:C3-funing_2016_ef4-S20260830,HAS_RESPONSE_STATE,response:C3-funing_2016_ef4-S20260830,{}
edge:0496,case:C3-funing_2016_ef4-S20260830,HAS_AGENT_TRACE,trace:C3-funing_2016_ef4-S20260830,{}
edge:0497,legacy-result:funing_2016_ef4,PROVENANCE_ONLY,case:C3-funing_2016_ef4-S20260830,"{""numerical_value_transfer"": false}"
edge:0498,trace:C3-funing_2016_ef4-S20260830,HAS_STEP,decision:C3-funing_2016_ef4-S20260830:1,"{""step"": 1}"
edge:0499,decision:C3-funing_2016_ef4-S20260830:1,EXECUTED_BY,agent:AuthorityAgent,{}
edge:0500,trace:C3-funing_2016_ef4-S20260830,HAS_STEP,decision:C3-funing_2016_ef4-S20260830:2,"{""step"": 2}"
edge:0501,decision:C3-funing_2016_ef4-S20260830:2,EXECUTED_BY,agent:SolverEvidenceAgent,{}
edge:0502,decision:C3-funing_2016_ef4-S20260830:1,NEXT_STEP,decision:C3-funing_2016_ef4-S20260830:2,{}
edge:0503,trace:C3-funing_2016_ef4-S20260830,HAS_STEP,decision:C3-funing_2016_ef4-S20260830:3,"{""step"": 3}"
edge:0504,decision:C3-funing_2016_ef4-S20260830:3,EXECUTED_BY,agent:PhysicsBoundaryAgent,{}
edge:0505,decision:C3-funing_2016_ef4-S20260830:2,NEXT_STEP,decision:C3-funing_2016_ef4-S20260830:3,{}
edge:0506,trace:C3-funing_2016_ef4-S20260830,HAS_STEP,decision:C3-funing_2016_ef4-S20260830:4,"{""step"": 4}"
edge:0507,decision:C3-funing_2016_ef4-S20260830:4,EXECUTED_BY,agent:WarningPolicyAgent,{}
edge:0508,decision:C3-funing_2016_ef4-S20260830:3,NEXT_STEP,decision:C3-funing_2016_ef4-S20260830:4,{}
edge:0509,project:C3-43KG,HAS_CASE,case:C3-bridge_creek_1999_ref-S20260830,{}
edge:0510,case:C3-bridge_creek_1999_ref-S20260830,IN_GROUP,group:G4_tornado,{}
edge:0511,case:C3-bridge_creek_1999_ref-S20260830,EVALUATED_ON,model:C3,{}
edge:0512,case:C3-bridge_creek_1999_ref-S20260830,HAS_RESPONSE_STATE,response:C3-bridge_creek_1999_ref-S20260830,{}
edge:0513,case:C3-bridge_creek_1999_ref-S20260830,HAS_AGENT_TRACE,trace:C3-bridge_creek_1999_ref-S20260830,{}
edge:0514,legacy-result:bridge_creek_1999_ref,PROVENANCE_ONLY,case:C3-bridge_creek_1999_ref-S20260830,"{""numerical_value_transfer"": false}"
edge:0515,trace:C3-bridge_creek_1999_ref-S20260830,HAS_STEP,decision:C3-bridge_creek_1999_ref-S20260830:1,"{""step"": 1}"
edge:0516,decision:C3-bridge_creek_1999_ref-S20260830:1,EXECUTED_BY,agent:AuthorityAgent,{}
edge:0517,trace:C3-bridge_creek_1999_ref-S20260830,HAS_STEP,decision:C3-bridge_creek_1999_ref-S20260830:2,"{""step"": 2}"
edge:0518,decision:C3-bridge_creek_1999_ref-S20260830:2,EXECUTED_BY,agent:SolverEvidenceAgent,{}
edge:0519,decision:C3-bridge_creek_1999_ref-S20260830:1,NEXT_STEP,decision:C3-bridge_creek_1999_ref-S20260830:2,{}
edge:0520,trace:C3-bridge_creek_1999_ref-S20260830,HAS_STEP,decision:C3-bridge_creek_1999_ref-S20260830:3,"{""step"": 3}"
edge:0521,decision:C3-bridge_creek_1999_ref-S20260830:3,EXECUTED_BY,agent:PhysicsBoundaryAgent,{}
edge:0522,decision:C3-bridge_creek_1999_ref-S20260830:2,NEXT_STEP,decision:C3-bridge_creek_1999_ref-S20260830:3,{}
edge:0523,trace:C3-bridge_creek_1999_ref-S20260830,HAS_STEP,decision:C3-bridge_creek_1999_ref-S20260830:4,"{""step"": 4}"
edge:0524,decision:C3-bridge_creek_1999_ref-S20260830:4,EXECUTED_BY,agent:WarningPolicyAgent,{}
edge:0525,decision:C3-bridge_creek_1999_ref-S20260830:3,NEXT_STEP,decision:C3-bridge_creek_1999_ref-S20260830:4,{}
edge:0526,project:C3-43KG,HAS_CASE,case:C3-dongfangzhixing_2015_downburst-S20260830,{}
edge:0527,case:C3-dongfangzhixing_2015_downburst-S20260830,IN_GROUP,group:G5_downburst,{}
edge:0528,case:C3-dongfangzhixing_2015_downburst-S20260830,EVALUATED_ON,model:C3,{}
edge:0529,case:C3-dongfangzhixing_2015_downburst-S20260830,HAS_RESPONSE_STATE,response:C3-dongfangzhixing_2015_downburst-S20260830,{}
edge:0530,case:C3-dongfangzhixing_2015_downburst-S20260830,HAS_AGENT_TRACE,trace:C3-dongfangzhixing_2015_downburst-S20260830,{}
edge:0531,legacy-result:dongfangzhixing_2015_downburst,PROVENANCE_ONLY,case:C3-dongfangzhixing_2015_downburst-S20260830,"{""numerical_value_transfer"": false}"
edge:0532,trace:C3-dongfangzhixing_2015_downburst-S20260830,HAS_STEP,decision:C3-dongfangzhixing_2015_downburst-S20260830:1,"{""step"": 1}"
edge:0533,decision:C3-dongfangzhixing_2015_downburst-S20260830:1,EXECUTED_BY,agent:AuthorityAgent,{}
edge:0534,trace:C3-dongfangzhixing_2015_downburst-S20260830,HAS_STEP,decision:C3-dongfangzhixing_2015_downburst-S20260830:2,"{""step"": 2}"
edge:0535,decision:C3-dongfangzhixing_2015_downburst-S20260830:2,EXECUTED_BY,agent:SolverEvidenceAgent,{}
edge:0536,decision:C3-dongfangzhixing_2015_downburst-S20260830:1,NEXT_STEP,decision:C3-dongfangzhixing_2015_downburst-S20260830:2,{}
edge:0537,trace:C3-dongfangzhixing_2015_downburst-S20260830,HAS_STEP,decision:C3-dongfangzhixing_2015_downburst-S20260830:3,"{""step"": 3}"
edge:0538,decision:C3-dongfangzhixing_2015_downburst-S20260830:3,EXECUTED_BY,agent:PhysicsBoundaryAgent,{}
edge:0539,decision:C3-dongfangzhixing_2015_downburst-S20260830:2,NEXT_STEP,decision:C3-dongfangzhixing_2015_downburst-S20260830:3,{}
edge:0540,trace:C3-dongfangzhixing_2015_downburst-S20260830,HAS_STEP,decision:C3-dongfangzhixing_2015_downburst-S20260830:4,"{""step"": 4}"
edge:0541,decision:C3-dongfangzhixing_2015_downburst-S20260830:4,EXECUTED_BY,agent:WarningPolicyAgent,{}
edge:0542,decision:C3-dongfangzhixing_2015_downburst-S20260830:3,NEXT_STEP,decision:C3-dongfangzhixing_2015_downburst-S20260830:4,{}
edge:0543,project:C3-43KG,HAS_CASE,case:C3-andrews_afb_1983_microburst-S20260830,{}
edge:0544,case:C3-andrews_afb_1983_microburst-S20260830,IN_GROUP,group:G5_downburst,{}
edge:0545,case:C3-andrews_afb_1983_microburst-S20260830,EVALUATED_ON,model:C3,{}
edge:0546,case:C3-andrews_afb_1983_microburst-S20260830,HAS_RESPONSE_STATE,response:C3-andrews_afb_1983_microburst-S20260830,{}
edge:0547,case:C3-andrews_afb_1983_microburst-S20260830,HAS_AGENT_TRACE,trace:C3-andrews_afb_1983_microburst-S20260830,{}
edge:0548,legacy-result:andrews_afb_1983_microburst,PROVENANCE_ONLY,case:C3-andrews_afb_1983_microburst-S20260830,"{""numerical_value_transfer"": false}"
edge:0549,trace:C3-andrews_afb_1983_microburst-S20260830,HAS_STEP,decision:C3-andrews_afb_1983_microburst-S20260830:1,"{""step"": 1}"
edge:0550,decision:C3-andrews_afb_1983_microburst-S20260830:1,EXECUTED_BY,agent:AuthorityAgent,{}
edge:0551,trace:C3-andrews_afb_1983_microburst-S20260830,HAS_STEP,decision:C3-andrews_afb_1983_microburst-S20260830:2,"{""step"": 2}"
edge:0552,decision:C3-andrews_afb_1983_microburst-S20260830:2,EXECUTED_BY,agent:SolverEvidenceAgent,{}
edge:0553,decision:C3-andrews_afb_1983_microburst-S20260830:1,NEXT_STEP,decision:C3-andrews_afb_1983_microburst-S20260830:2,{}
edge:0554,trace:C3-andrews_afb_1983_microburst-S20260830,HAS_STEP,decision:C3-andrews_afb_1983_microburst-S20260830:3,"{""step"": 3}"
edge:0555,decision:C3-andrews_afb_1983_microburst-S20260830:3,EXECUTED_BY,agent:PhysicsBoundaryAgent,{}
edge:0556,decision:C3-andrews_afb_1983_microburst-S20260830:2,NEXT_STEP,decision:C3-andrews_afb_1983_microburst-S20260830:3,{}
edge:0557,trace:C3-andrews_afb_1983_microburst-S20260830,HAS_STEP,decision:C3-andrews_afb_1983_microburst-S20260830:4,"{""step"": 4}"
edge:0558,decision:C3-andrews_afb_1983_microburst-S20260830:4,EXECUTED_BY,agent:WarningPolicyAgent,{}
edge:0559,decision:C3-andrews_afb_1983_microburst-S20260830:3,NEXT_STEP,decision:C3-andrews_afb_1983_microburst-S20260830:4,{}
edge:0560,project:C3-43KG,HAS_CASE,case:C3-midwest_derecho_2020-S20260830,{}
edge:0561,case:C3-midwest_derecho_2020-S20260830,IN_GROUP,group:G5_downburst,{}
edge:0562,case:C3-midwest_derecho_2020-S20260830,EVALUATED_ON,model:C3,{}
edge:0563,case:C3-midwest_derecho_2020-S20260830,HAS_RESPONSE_STATE,response:C3-midwest_derecho_2020-S20260830,{}
edge:0564,case:C3-midwest_derecho_2020-S20260830,HAS_AGENT_TRACE,trace:C3-midwest_derecho_2020-S20260830,{}
edge:0565,legacy-result:midwest_derecho_2020,PROVENANCE_ONLY,case:C3-midwest_derecho_2020-S20260830,"{""numerical_value_transfer"": false}"
edge:0566,trace:C3-midwest_derecho_2020-S20260830,HAS_STEP,decision:C3-midwest_derecho_2020-S20260830:1,"{""step"": 1}"
edge:0567,decision:C3-midwest_derecho_2020-S20260830:1,EXECUTED_BY,agent:AuthorityAgent,{}
edge:0568,trace:C3-midwest_derecho_2020-S20260830,HAS_STEP,decision:C3-midwest_derecho_2020-S20260830:2,"{""step"": 2}"
edge:0569,decision:C3-midwest_derecho_2020-S20260830:2,EXECUTED_BY,agent:SolverEvidenceAgent,{}
edge:0570,decision:C3-midwest_derecho_2020-S20260830:1,NEXT_STEP,decision:C3-midwest_derecho_2020-S20260830:2,{}
edge:0571,trace:C3-midwest_derecho_2020-S20260830,HAS_STEP,decision:C3-midwest_derecho_2020-S20260830:3,"{""step"": 3}"
edge:0572,decision:C3-midwest_derecho_2020-S20260830:3,EXECUTED_BY,agent:PhysicsBoundaryAgent,{}
edge:0573,decision:C3-midwest_derecho_2020-S20260830:2,NEXT_STEP,decision:C3-midwest_derecho_2020-S20260830:3,{}
edge:0574,trace:C3-midwest_derecho_2020-S20260830,HAS_STEP,decision:C3-midwest_derecho_2020-S20260830:4,"{""step"": 4}"
edge:0575,decision:C3-midwest_derecho_2020-S20260830:4,EXECUTED_BY,agent:WarningPolicyAgent,{}
edge:0576,decision:C3-midwest_derecho_2020-S20260830:3,NEXT_STEP,decision:C3-midwest_derecho_2020-S20260830:4,{}
edge:0577,project:C3-43KG,HAS_CASE,case:C3-great_storm_1987-S20260830,{}
edge:0578,case:C3-great_storm_1987-S20260830,IN_GROUP,group:G6_temperate,{}
edge:0579,case:C3-great_storm_1987-S20260830,EVALUATED_ON,model:C3,{}
edge:0580,case:C3-great_storm_1987-S20260830,HAS_RESPONSE_STATE,response:C3-great_storm_1987-S20260830,{}
edge:0581,case:C3-great_storm_1987-S20260830,HAS_AGENT_TRACE,trace:C3-great_storm_1987-S20260830,{}
edge:0582,legacy-result:great_storm_1987,PROVENANCE_ONLY,case:C3-great_storm_1987-S20260830,"{""numerical_value_transfer"": false}"
edge:0583,trace:C3-great_storm_1987-S20260830,HAS_STEP,decision:C3-great_storm_1987-S20260830:1,"{""step"": 1}"
edge:0584,decision:C3-great_storm_1987-S20260830:1,EXECUTED_BY,agent:AuthorityAgent,{}
edge:0585,trace:C3-great_storm_1987-S20260830,HAS_STEP,decision:C3-great_storm_1987-S20260830:2,"{""step"": 2}"
edge:0586,decision:C3-great_storm_1987-S20260830:2,EXECUTED_BY,agent:SolverEvidenceAgent,{}
edge:0587,decision:C3-great_storm_1987-S20260830:1,NEXT_STEP,decision:C3-great_storm_1987-S20260830:2,{}
edge:0588,trace:C3-great_storm_1987-S20260830,HAS_STEP,decision:C3-great_storm_1987-S20260830:3,"{""step"": 3}"
edge:0589,decision:C3-great_storm_1987-S20260830:3,EXECUTED_BY,agent:PhysicsBoundaryAgent,{}
edge:0590,decision:C3-great_storm_1987-S20260830:2,NEXT_STEP,decision:C3-great_storm_1987-S20260830:3,{}
edge:0591,trace:C3-great_storm_1987-S20260830,HAS_STEP,decision:C3-great_storm_1987-S20260830:4,"{""step"": 4}"
edge:0592,decision:C3-great_storm_1987-S20260830:4,EXECUTED_BY,agent:WarningPolicyAgent,{}
edge:0593,decision:C3-great_storm_1987-S20260830:3,NEXT_STEP,decision:C3-great_storm_1987-S20260830:4,{}
edge:0594,project:C3-43KG,HAS_CASE,case:C3-lothar_1999-S20260830,{}
edge:0595,case:C3-lothar_1999-S20260830,IN_GROUP,group:G6_temperate,{}
edge:0596,case:C3-lothar_1999-S20260830,EVALUATED_ON,model:C3,{}
edge:0597,case:C3-lothar_1999-S20260830,HAS_RESPONSE_STATE,response:C3-lothar_1999-S20260830,{}
edge:0598,case:C3-lothar_1999-S20260830,HAS_AGENT_TRACE,trace:C3-lothar_1999-S20260830,{}
edge:0599,legacy-result:lothar_1999,PROVENANCE_ONLY,case:C3-lothar_1999-S20260830,"{""numerical_value_transfer"": false}"
edge:0600,trace:C3-lothar_1999-S20260830,HAS_STEP,decision:C3-lothar_1999-S20260830:1,"{""step"": 1}"
edge:0601,decision:C3-lothar_1999-S20260830:1,EXECUTED_BY,agent:AuthorityAgent,{}
edge:0602,trace:C3-lothar_1999-S20260830,HAS_STEP,decision:C3-lothar_1999-S20260830:2,"{""step"": 2}"
edge:0603,decision:C3-lothar_1999-S20260830:2,EXECUTED_BY,agent:SolverEvidenceAgent,{}
edge:0604,decision:C3-lothar_1999-S20260830:1,NEXT_STEP,decision:C3-lothar_1999-S20260830:2,{}
edge:0605,trace:C3-lothar_1999-S20260830,HAS_STEP,decision:C3-lothar_1999-S20260830:3,"{""step"": 3}"
edge:0606,decision:C3-lothar_1999-S20260830:3,EXECUTED_BY,agent:PhysicsBoundaryAgent,{}
edge:0607,decision:C3-lothar_1999-S20260830:2,NEXT_STEP,decision:C3-lothar_1999-S20260830:3,{}
edge:0608,trace:C3-lothar_1999-S20260830,HAS_STEP,decision:C3-lothar_1999-S20260830:4,"{""step"": 4}"
edge:0609,decision:C3-lothar_1999-S20260830:4,EXECUTED_BY,agent:WarningPolicyAgent,{}
edge:0610,decision:C3-lothar_1999-S20260830:3,NEXT_STEP,decision:C3-lothar_1999-S20260830:4,{}
edge:0611,project:C3-43KG,HAS_CASE,case:C3-bora_adriatic-S20260830,{}
edge:0612,case:C3-bora_adriatic-S20260830,IN_GROUP,group:G6_temperate,{}
edge:0613,case:C3-bora_adriatic-S20260830,EVALUATED_ON,model:C3,{}
edge:0614,case:C3-bora_adriatic-S20260830,HAS_RESPONSE_STATE,response:C3-bora_adriatic-S20260830,{}
edge:0615,case:C3-bora_adriatic-S20260830,HAS_AGENT_TRACE,trace:C3-bora_adriatic-S20260830,{}
edge:0616,legacy-result:bora_adriatic,PROVENANCE_ONLY,case:C3-bora_adriatic-S20260830,"{""numerical_value_transfer"": false}"
edge:0617,trace:C3-bora_adriatic-S20260830,HAS_STEP,decision:C3-bora_adriatic-S20260830:1,"{""step"": 1}"
edge:0618,decision:C3-bora_adriatic-S20260830:1,EXECUTED_BY,agent:AuthorityAgent,{}
edge:0619,trace:C3-bora_adriatic-S20260830,HAS_STEP,decision:C3-bora_adriatic-S20260830:2,"{""step"": 2}"
edge:0620,decision:C3-bora_adriatic-S20260830:2,EXECUTED_BY,agent:SolverEvidenceAgent,{}
edge:0621,decision:C3-bora_adriatic-S20260830:1,NEXT_STEP,decision:C3-bora_adriatic-S20260830:2,{}
edge:0622,trace:C3-bora_adriatic-S20260830,HAS_STEP,decision:C3-bora_adriatic-S20260830:3,"{""step"": 3}"
edge:0623,decision:C3-bora_adriatic-S20260830:3,EXECUTED_BY,agent:PhysicsBoundaryAgent,{}
edge:0624,decision:C3-bora_adriatic-S20260830:2,NEXT_STEP,decision:C3-bora_adriatic-S20260830:3,{}
edge:0625,trace:C3-bora_adriatic-S20260830,HAS_STEP,decision:C3-bora_adriatic-S20260830:4,"{""step"": 4}"
edge:0626,decision:C3-bora_adriatic-S20260830:4,EXECUTED_BY,agent:WarningPolicyAgent,{}
edge:0627,decision:C3-bora_adriatic-S20260830:3,NEXT_STEP,decision:C3-bora_adriatic-S20260830:4,{}
edge:0628,project:C3-43KG,HAS_CASE,case:C3-mistral_strong-S20260830,{}
edge:0629,case:C3-mistral_strong-S20260830,IN_GROUP,group:G6_temperate,{}
edge:0630,case:C3-mistral_strong-S20260830,EVALUATED_ON,model:C3,{}
edge:0631,case:C3-mistral_strong-S20260830,HAS_RESPONSE_STATE,response:C3-mistral_strong-S20260830,{}
edge:0632,case:C3-mistral_strong-S20260830,HAS_AGENT_TRACE,trace:C3-mistral_strong-S20260830,{}
edge:0633,legacy-result:mistral_strong,PROVENANCE_ONLY,case:C3-mistral_strong-S20260830,"{""numerical_value_transfer"": false}"
edge:0634,trace:C3-mistral_strong-S20260830,HAS_STEP,decision:C3-mistral_strong-S20260830:1,"{""step"": 1}"
edge:0635,decision:C3-mistral_strong-S20260830:1,EXECUTED_BY,agent:AuthorityAgent,{}
edge:0636,trace:C3-mistral_strong-S20260830,HAS_STEP,decision:C3-mistral_strong-S20260830:2,"{""step"": 2}"
edge:0637,decision:C3-mistral_strong-S20260830:2,EXECUTED_BY,agent:SolverEvidenceAgent,{}
edge:0638,decision:C3-mistral_strong-S20260830:1,NEXT_STEP,decision:C3-mistral_strong-S20260830:2,{}
edge:0639,trace:C3-mistral_strong-S20260830,HAS_STEP,decision:C3-mistral_strong-S20260830:3,"{""step"": 3}"
edge:0640,decision:C3-mistral_strong-S20260830:3,EXECUTED_BY,agent:PhysicsBoundaryAgent,{}
edge:0641,decision:C3-mistral_strong-S20260830:2,NEXT_STEP,decision:C3-mistral_strong-S20260830:3,{}
edge:0642,trace:C3-mistral_strong-S20260830,HAS_STEP,decision:C3-mistral_strong-S20260830:4,"{""step"": 4}"
edge:0643,decision:C3-mistral_strong-S20260830:4,EXECUTED_BY,agent:WarningPolicyAgent,{}
edge:0644,decision:C3-mistral_strong-S20260830:3,NEXT_STEP,decision:C3-mistral_strong-S20260830:4,{}
edge:0645,project:C3-43KG,HAS_CASE,case:C3-patagonia_westerlies-S20260830,{}
edge:0646,case:C3-patagonia_westerlies-S20260830,IN_GROUP,group:G6_temperate,{}
edge:0647,case:C3-patagonia_westerlies-S20260830,EVALUATED_ON,model:C3,{}
edge:0648,case:C3-patagonia_westerlies-S20260830,HAS_RESPONSE_STATE,response:C3-patagonia_westerlies-S20260830,{}
edge:0649,case:C3-patagonia_westerlies-S20260830,HAS_AGENT_TRACE,trace:C3-patagonia_westerlies-S20260830,{}
edge:0650,legacy-result:patagonia_westerlies,PROVENANCE_ONLY,case:C3-patagonia_westerlies-S20260830,"{""numerical_value_transfer"": false}"
edge:0651,trace:C3-patagonia_westerlies-S20260830,HAS_STEP,decision:C3-patagonia_westerlies-S20260830:1,"{""step"": 1}"
edge:0652,decision:C3-patagonia_westerlies-S20260830:1,EXECUTED_BY,agent:AuthorityAgent,{}
edge:0653,trace:C3-patagonia_westerlies-S20260830,HAS_STEP,decision:C3-patagonia_westerlies-S20260830:2,"{""step"": 2}"
edge:0654,decision:C3-patagonia_westerlies-S20260830:2,EXECUTED_BY,agent:SolverEvidenceAgent,{}
edge:0655,decision:C3-patagonia_westerlies-S20260830:1,NEXT_STEP,decision:C3-patagonia_westerlies-S20260830:2,{}
edge:0656,trace:C3-patagonia_westerlies-S20260830,HAS_STEP,decision:C3-patagonia_westerlies-S20260830:3,"{""step"": 3}"
edge:0657,decision:C3-patagonia_westerlies-S20260830:3,EXECUTED_BY,agent:PhysicsBoundaryAgent,{}
edge:0658,decision:C3-patagonia_westerlies-S20260830:2,NEXT_STEP,decision:C3-patagonia_westerlies-S20260830:3,{}
edge:0659,trace:C3-patagonia_westerlies-S20260830,HAS_STEP,decision:C3-patagonia_westerlies-S20260830:4,"{""step"": 4}"
edge:0660,decision:C3-patagonia_westerlies-S20260830:4,EXECUTED_BY,agent:WarningPolicyAgent,{}
edge:0661,decision:C3-patagonia_westerlies-S20260830:3,NEXT_STEP,decision:C3-patagonia_westerlies-S20260830:4,{}
edge:0662,project:C3-43KG,HAS_CASE,case:C3-xinjiang_baili_fengqu-S20260830,{}
edge:0663,case:C3-xinjiang_baili_fengqu-S20260830,IN_GROUP,group:G6_temperate,{}
edge:0664,case:C3-xinjiang_baili_fengqu-S20260830,EVALUATED_ON,model:C3,{}
edge:0665,case:C3-xinjiang_baili_fengqu-S20260830,HAS_RESPONSE_STATE,response:C3-xinjiang_baili_fengqu-S20260830,{}
edge:0666,case:C3-xinjiang_baili_fengqu-S20260830,HAS_AGENT_TRACE,trace:C3-xinjiang_baili_fengqu-S20260830,{}
edge:0667,legacy-result:xinjiang_baili_fengqu,PROVENANCE_ONLY,case:C3-xinjiang_baili_fengqu-S20260830,"{""numerical_value_transfer"": false}"
edge:0668,trace:C3-xinjiang_baili_fengqu-S20260830,HAS_STEP,decision:C3-xinjiang_baili_fengqu-S20260830:1,"{""step"": 1}"
edge:0669,decision:C3-xinjiang_baili_fengqu-S20260830:1,EXECUTED_BY,agent:AuthorityAgent,{}
edge:0670,trace:C3-xinjiang_baili_fengqu-S20260830,HAS_STEP,decision:C3-xinjiang_baili_fengqu-S20260830:2,"{""step"": 2}"
edge:0671,decision:C3-xinjiang_baili_fengqu-S20260830:2,EXECUTED_BY,agent:SolverEvidenceAgent,{}
edge:0672,decision:C3-xinjiang_baili_fengqu-S20260830:1,NEXT_STEP,decision:C3-xinjiang_baili_fengqu-S20260830:2,{}
edge:0673,trace:C3-xinjiang_baili_fengqu-S20260830,HAS_STEP,decision:C3-xinjiang_baili_fengqu-S20260830:3,"{""step"": 3}"
edge:0674,decision:C3-xinjiang_baili_fengqu-S20260830:3,EXECUTED_BY,agent:PhysicsBoundaryAgent,{}
edge:0675,decision:C3-xinjiang_baili_fengqu-S20260830:2,NEXT_STEP,decision:C3-xinjiang_baili_fengqu-S20260830:3,{}
edge:0676,trace:C3-xinjiang_baili_fengqu-S20260830,HAS_STEP,decision:C3-xinjiang_baili_fengqu-S20260830:4,"{""step"": 4}"
edge:0677,decision:C3-xinjiang_baili_fengqu-S20260830:4,EXECUTED_BY,agent:WarningPolicyAgent,{}
edge:0678,decision:C3-xinjiang_baili_fengqu-S20260830:3,NEXT_STEP,decision:C3-xinjiang_baili_fengqu-S20260830:4,{}
edge:0679,project:C3-43KG,HAS_CASE,case:C3-cape_denison_katabatic-S20260830,{}
edge:0680,case:C3-cape_denison_katabatic-S20260830,IN_GROUP,group:G7_polar,{}
edge:0681,case:C3-cape_denison_katabatic-S20260830,EVALUATED_ON,model:C3,{}
edge:0682,case:C3-cape_denison_katabatic-S20260830,HAS_RESPONSE_STATE,response:C3-cape_denison_katabatic-S20260830,{}
edge:0683,case:C3-cape_denison_katabatic-S20260830,HAS_AGENT_TRACE,trace:C3-cape_denison_katabatic-S20260830,{}
edge:0684,legacy-result:cape_denison_katabatic,PROVENANCE_ONLY,case:C3-cape_denison_katabatic-S20260830,"{""numerical_value_transfer"": false}"
edge:0685,trace:C3-cape_denison_katabatic-S20260830,HAS_STEP,decision:C3-cape_denison_katabatic-S20260830:1,"{""step"": 1}"
edge:0686,decision:C3-cape_denison_katabatic-S20260830:1,EXECUTED_BY,agent:AuthorityAgent,{}
edge:0687,trace:C3-cape_denison_katabatic-S20260830,HAS_STEP,decision:C3-cape_denison_katabatic-S20260830:2,"{""step"": 2}"
edge:0688,decision:C3-cape_denison_katabatic-S20260830:2,EXECUTED_BY,agent:SolverEvidenceAgent,{}
edge:0689,decision:C3-cape_denison_katabatic-S20260830:1,NEXT_STEP,decision:C3-cape_denison_katabatic-S20260830:2,{}
edge:0690,trace:C3-cape_denison_katabatic-S20260830,HAS_STEP,decision:C3-cape_denison_katabatic-S20260830:3,"{""step"": 3}"
edge:0691,decision:C3-cape_denison_katabatic-S20260830:3,EXECUTED_BY,agent:PhysicsBoundaryAgent,{}
edge:0692,decision:C3-cape_denison_katabatic-S20260830:2,NEXT_STEP,decision:C3-cape_denison_katabatic-S20260830:3,{}
edge:0693,trace:C3-cape_denison_katabatic-S20260830,HAS_STEP,decision:C3-cape_denison_katabatic-S20260830:4,"{""step"": 4}"
edge:0694,decision:C3-cape_denison_katabatic-S20260830:4,EXECUTED_BY,agent:WarningPolicyAgent,{}
edge:0695,decision:C3-cape_denison_katabatic-S20260830:3,NEXT_STEP,decision:C3-cape_denison_katabatic-S20260830:4,{}
edge:0696,project:C3-43KG,HAS_CASE,case:C3-thule_1972_gust-S20260830,{}
edge:0697,case:C3-thule_1972_gust-S20260830,IN_GROUP,group:G7_polar,{}
edge:0698,case:C3-thule_1972_gust-S20260830,EVALUATED_ON,model:C3,{}
edge:0699,case:C3-thule_1972_gust-S20260830,HAS_RESPONSE_STATE,response:C3-thule_1972_gust-S20260830,{}
edge:0700,case:C3-thule_1972_gust-S20260830,HAS_AGENT_TRACE,trace:C3-thule_1972_gust-S20260830,{}
edge:0701,legacy-result:thule_1972_gust,PROVENANCE_ONLY,case:C3-thule_1972_gust-S20260830,"{""numerical_value_transfer"": false}"
edge:0702,trace:C3-thule_1972_gust-S20260830,HAS_STEP,decision:C3-thule_1972_gust-S20260830:1,"{""step"": 1}"
edge:0703,decision:C3-thule_1972_gust-S20260830:1,EXECUTED_BY,agent:AuthorityAgent,{}
edge:0704,trace:C3-thule_1972_gust-S20260830,HAS_STEP,decision:C3-thule_1972_gust-S20260830:2,"{""step"": 2}"
edge:0705,decision:C3-thule_1972_gust-S20260830:2,EXECUTED_BY,agent:SolverEvidenceAgent,{}
edge:0706,decision:C3-thule_1972_gust-S20260830:1,NEXT_STEP,decision:C3-thule_1972_gust-S20260830:2,{}
edge:0707,trace:C3-thule_1972_gust-S20260830,HAS_STEP,decision:C3-thule_1972_gust-S20260830:3,"{""step"": 3}"
edge:0708,decision:C3-thule_1972_gust-S20260830:3,EXECUTED_BY,agent:PhysicsBoundaryAgent,{}
edge:0709,decision:C3-thule_1972_gust-S20260830:2,NEXT_STEP,decision:C3-thule_1972_gust-S20260830:3,{}
edge:0710,trace:C3-thule_1972_gust-S20260830,HAS_STEP,decision:C3-thule_1972_gust-S20260830:4,"{""step"": 4}"
edge:0711,decision:C3-thule_1972_gust-S20260830:4,EXECUTED_BY,agent:WarningPolicyAgent,{}
edge:0712,decision:C3-thule_1972_gust-S20260830:3,NEXT_STEP,decision:C3-thule_1972_gust-S20260830:4,{}
edge:0713,project:C3-43KG,HAS_CASE,case:C3-piteraq_tasiilaq-S20260830,{}
edge:0714,case:C3-piteraq_tasiilaq-S20260830,IN_GROUP,group:G7_polar,{}
edge:0715,case:C3-piteraq_tasiilaq-S20260830,EVALUATED_ON,model:C3,{}
edge:0716,case:C3-piteraq_tasiilaq-S20260830,HAS_RESPONSE_STATE,response:C3-piteraq_tasiilaq-S20260830,{}
edge:0717,case:C3-piteraq_tasiilaq-S20260830,HAS_AGENT_TRACE,trace:C3-piteraq_tasiilaq-S20260830,{}
edge:0718,legacy-result:piteraq_tasiilaq,PROVENANCE_ONLY,case:C3-piteraq_tasiilaq-S20260830,"{""numerical_value_transfer"": false}"
edge:0719,trace:C3-piteraq_tasiilaq-S20260830,HAS_STEP,decision:C3-piteraq_tasiilaq-S20260830:1,"{""step"": 1}"
edge:0720,decision:C3-piteraq_tasiilaq-S20260830:1,EXECUTED_BY,agent:AuthorityAgent,{}
edge:0721,trace:C3-piteraq_tasiilaq-S20260830,HAS_STEP,decision:C3-piteraq_tasiilaq-S20260830:2,"{""step"": 2}"
edge:0722,decision:C3-piteraq_tasiilaq-S20260830:2,EXECUTED_BY,agent:SolverEvidenceAgent,{}
edge:0723,decision:C3-piteraq_tasiilaq-S20260830:1,NEXT_STEP,decision:C3-piteraq_tasiilaq-S20260830:2,{}
edge:0724,trace:C3-piteraq_tasiilaq-S20260830,HAS_STEP,decision:C3-piteraq_tasiilaq-S20260830:3,"{""step"": 3}"
edge:0725,decision:C3-piteraq_tasiilaq-S20260830:3,EXECUTED_BY,agent:PhysicsBoundaryAgent,{}
edge:0726,decision:C3-piteraq_tasiilaq-S20260830:2,NEXT_STEP,decision:C3-piteraq_tasiilaq-S20260830:3,{}
edge:0727,trace:C3-piteraq_tasiilaq-S20260830,HAS_STEP,decision:C3-piteraq_tasiilaq-S20260830:4,"{""step"": 4}"
edge:0728,decision:C3-piteraq_tasiilaq-S20260830:4,EXECUTED_BY,agent:WarningPolicyAgent,{}
edge:0729,decision:C3-piteraq_tasiilaq-S20260830:3,NEXT_STEP,decision:C3-piteraq_tasiilaq-S20260830:4,{}
edge:0730,project:C3-43KG,HAS_CASE,case:C3-barrow_olivia_1996-S20260830,{}
edge:0731,case:C3-barrow_olivia_1996-S20260830,IN_GROUP,group:G8_record,{}
edge:0732,case:C3-barrow_olivia_1996-S20260830,EVALUATED_ON,model:C3,{}
edge:0733,case:C3-barrow_olivia_1996-S20260830,HAS_RESPONSE_STATE,response:C3-barrow_olivia_1996-S20260830,{}
edge:0734,case:C3-barrow_olivia_1996-S20260830,HAS_AGENT_TRACE,trace:C3-barrow_olivia_1996-S20260830,{}
edge:0735,legacy-result:barrow_olivia_1996,PROVENANCE_ONLY,case:C3-barrow_olivia_1996-S20260830,"{""numerical_value_transfer"": false}"
edge:0736,trace:C3-barrow_olivia_1996-S20260830,HAS_STEP,decision:C3-barrow_olivia_1996-S20260830:1,"{""step"": 1}"
edge:0737,decision:C3-barrow_olivia_1996-S20260830:1,EXECUTED_BY,agent:AuthorityAgent,{}
edge:0738,trace:C3-barrow_olivia_1996-S20260830,HAS_STEP,decision:C3-barrow_olivia_1996-S20260830:2,"{""step"": 2}"
edge:0739,decision:C3-barrow_olivia_1996-S20260830:2,EXECUTED_BY,agent:SolverEvidenceAgent,{}
edge:0740,decision:C3-barrow_olivia_1996-S20260830:1,NEXT_STEP,decision:C3-barrow_olivia_1996-S20260830:2,{}
edge:0741,trace:C3-barrow_olivia_1996-S20260830,HAS_STEP,decision:C3-barrow_olivia_1996-S20260830:3,"{""step"": 3}"
edge:0742,decision:C3-barrow_olivia_1996-S20260830:3,EXECUTED_BY,agent:PhysicsBoundaryAgent,{}
edge:0743,decision:C3-barrow_olivia_1996-S20260830:2,NEXT_STEP,decision:C3-barrow_olivia_1996-S20260830:3,{}
edge:0744,trace:C3-barrow_olivia_1996-S20260830,HAS_STEP,decision:C3-barrow_olivia_1996-S20260830:4,"{""step"": 4}"
edge:0745,decision:C3-barrow_olivia_1996-S20260830:4,EXECUTED_BY,agent:WarningPolicyAgent,{}
edge:0746,decision:C3-barrow_olivia_1996-S20260830:3,NEXT_STEP,decision:C3-barrow_olivia_1996-S20260830:4,{}
edge:0747,project:C3-43KG,HAS_CASE,case:C3-mt_washington_1934-S20260830,{}
edge:0748,case:C3-mt_washington_1934-S20260830,IN_GROUP,group:G8_record,{}
edge:0749,case:C3-mt_washington_1934-S20260830,EVALUATED_ON,model:C3,{}
edge:0750,case:C3-mt_washington_1934-S20260830,HAS_RESPONSE_STATE,response:C3-mt_washington_1934-S20260830,{}
edge:0751,case:C3-mt_washington_1934-S20260830,HAS_AGENT_TRACE,trace:C3-mt_washington_1934-S20260830,{}
edge:0752,legacy-result:mt_washington_1934,PROVENANCE_ONLY,case:C3-mt_washington_1934-S20260830,"{""numerical_value_transfer"": false}"
edge:0753,trace:C3-mt_washington_1934-S20260830,HAS_STEP,decision:C3-mt_washington_1934-S20260830:1,"{""step"": 1}"
edge:0754,decision:C3-mt_washington_1934-S20260830:1,EXECUTED_BY,agent:AuthorityAgent,{}
edge:0755,trace:C3-mt_washington_1934-S20260830,HAS_STEP,decision:C3-mt_washington_1934-S20260830:2,"{""step"": 2}"
edge:0756,decision:C3-mt_washington_1934-S20260830:2,EXECUTED_BY,agent:SolverEvidenceAgent,{}
edge:0757,decision:C3-mt_washington_1934-S20260830:1,NEXT_STEP,decision:C3-mt_washington_1934-S20260830:2,{}
edge:0758,trace:C3-mt_washington_1934-S20260830,HAS_STEP,decision:C3-mt_washington_1934-S20260830:3,"{""step"": 3}"
edge:0759,decision:C3-mt_washington_1934-S20260830:3,EXECUTED_BY,agent:PhysicsBoundaryAgent,{}
edge:0760,decision:C3-mt_washington_1934-S20260830:2,NEXT_STEP,decision:C3-mt_washington_1934-S20260830:3,{}
edge:0761,trace:C3-mt_washington_1934-S20260830,HAS_STEP,decision:C3-mt_washington_1934-S20260830:4,"{""step"": 4}"
edge:0762,decision:C3-mt_washington_1934-S20260830:4,EXECUTED_BY,agent:WarningPolicyAgent,{}
edge:0763,decision:C3-mt_washington_1934-S20260830:3,NEXT_STEP,decision:C3-mt_washington_1934-S20260830:4,{}
